Using vips to process variants requires the libvips library. Please install libvips using the instructions on the libvips website.
Using vips to process variants requires the libvips library. Please install libvips using the instructions on the libvips website.
  [1m[35m (378.3ms)[0m  [1m[35mCREATE DATABASE "student_hub_development" ENCODING = 'unicode' /*application='Backend'*/[0m
Using vips to process variants requires the libvips library. Please install libvips using the instructions on the libvips website.
  [1m[35m (274.6ms)[0m  [1m[35mCREATE DATABASE "student_hub_development" ENCODING = 'unicode' /*application='Backend'*/[0m
Using vips to process variants requires the libvips library. Please install libvips using the instructions on the libvips website.
  [1m[35m (283.0ms)[0m  [1m[35mCREATE DATABASE "student_hub_development" ENCODING = 'unicode' /*application='Backend'*/[0m
Using vips to process variants requires the libvips library. Please install libvips using the instructions on the libvips website.
  [1m[35m (109.7ms)[0m  [1m[35mCREATE DATABASE "student_hub_development" ENCODING = 'unicode' /*application='Backend'*/[0m
Using vips to process variants requires the libvips library. Please install libvips using the instructions on the libvips website.
  [1m[35m (273.4ms)[0m  [1m[35mCREATE DATABASE "student_hub_development" ENCODING = 'unicode' /*application='Backend'*/[0m
Using vips to process variants requires the libvips library. Please install libvips using the instructions on the libvips website.
  [1m[35m (262.7ms)[0m  [1m[35mCREATE DATABASE "student_hub_development" ENCODING = 'unicode' /*application='Backend'*/[0m
Using vips to process variants requires the libvips library. Please install libvips using the instructions on the libvips website.
  [1m[35mSQL (0.4ms)[0m  [1m[35mSET search_path TO public /*application='Backend'*/[0m
  [1m[35m (161.1ms)[0m  [1m[35mCREATE DATABASE "student_hub_development" ENCODING = 'unicode' /*application='Backend'*/[0m
  [1m[35mSQL (0.5ms)[0m  [1m[35mSET search_path TO public /*application='Backend'*/[0m
  [1m[35m (42.0ms)[0m  [1m[35mCREATE DATABASE "student_hub_development" ENCODING = 'unicode' /*application='Backend'*/[0m
Using vips to process variants requires the libvips library. Please install libvips using the instructions on the libvips website.
  [1m[35m (2.1ms)[0m  [1m[34mSELECT pg_try_advisory_lock(7824488612134783575) /*application='Backend'*/[0m
  [1m[36mActiveRecord::SchemaMigration Load (9.0ms)[0m  [1m[34mSELECT "schema_migrations"."version" FROM "schema_migrations" ORDER BY "schema_migrations"."version" ASC /*application='Backend'*/[0m
  [1m[35m (0.5ms)[0m  [1m[34mSELECT pg_advisory_unlock(7824488612134783575) /*application='Backend'*/[0m
Using vips to process variants requires the libvips library. Please install libvips using the instructions on the libvips website.
  [1m[35m (0.7ms)[0m  [1m[34mSELECT pg_try_advisory_lock(7824488612134783575) /*application='Backend'*/[0m
  [1m[36mActiveRecord::SchemaMigration Load (4.6ms)[0m  [1m[34mSELECT "schema_migrations"."version" FROM "schema_migrations" ORDER BY "schema_migrations"."version" ASC /*application='Backend'*/[0m
  [1m[35m (0.6ms)[0m  [1m[34mSELECT pg_advisory_unlock(7824488612134783575) /*application='Backend'*/[0m
Using vips to process variants requires the libvips library. Please install libvips using the instructions on the libvips website.
  [1m[36mActiveRecord::SchemaMigration Load (1.2ms)[0m  [1m[34mSELECT "schema_migrations"."version" FROM "schema_migrations" ORDER BY "schema_migrations"."version" ASC /*application='Backend'*/[0m
Using vips to process variants requires the libvips library. Please install libvips using the instructions on the libvips website.
  [1m[35m (0.6ms)[0m  [1m[34mSELECT pg_try_advisory_lock(7824488612134783575) /*application='Backend'*/[0m
  [1m[36mActiveRecord::SchemaMigration Load (2.6ms)[0m  [1m[34mSELECT "schema_migrations"."version" FROM "schema_migrations" ORDER BY "schema_migrations"."version" ASC /*application='Backend'*/[0m
  [1m[36mActiveRecord::InternalMetadata Load (8.7ms)[0m  [1m[34mSELECT * FROM "ar_internal_metadata" WHERE "ar_internal_metadata"."key" = 'environment' ORDER BY "ar_internal_metadata"."key" ASC LIMIT 1 /*application='Backend'*/[0m
  [1m[35m (0.7ms)[0m  [1m[34mSELECT pg_advisory_unlock(7824488612134783575) /*application='Backend'*/[0m
  [1m[36mActiveRecord::SchemaMigration Load (0.7ms)[0m  [1m[34mSELECT "schema_migrations"."version" FROM "schema_migrations" ORDER BY "schema_migrations"."version" ASC /*application='Backend'*/[0m
  [1m[35mSQL (0.6ms)[0m  [1m[35mSET search_path TO public /*application='Backend'*/[0m
  [1m[35mSQL (0.5ms)[0m  [1m[35mSET search_path TO "$user", public /*application='Backend'*/[0m
  [1m[35mSQL (0.5ms)[0m  [1m[35mSET search_path TO public /*application='Backend'*/[0m
  [1m[35mSQL (0.3ms)[0m  [1m[35mSET search_path TO "$user", public /*application='Backend'*/[0m
Using vips to process variants requires the libvips library. Please install libvips using the instructions on the libvips website.
  [1m[36mActiveRecord::SchemaMigration Load (1.4ms)[0m  [1m[34mSELECT "schema_migrations"."version" FROM "schema_migrations" ORDER BY "schema_migrations"."version" ASC /*application='Backend'*/[0m
  [1m[36mActiveRecord::InternalMetadata Load (1.3ms)[0m  [1m[34mSELECT * FROM "ar_internal_metadata" WHERE "ar_internal_metadata"."key" = 'environment' ORDER BY "ar_internal_metadata"."key" ASC LIMIT 1 /*application='Backend'*/[0m
  [1m[36mActiveRecord::SchemaMigration Load (0.7ms)[0m  [1m[34mSELECT "schema_migrations"."version" FROM "schema_migrations" ORDER BY "schema_migrations"."version" ASC /*application='Backend'*/[0m
  [1m[36mActiveRecord::InternalMetadata Load (0.7ms)[0m  [1m[34mSELECT * FROM "ar_internal_metadata" WHERE "ar_internal_metadata"."key" = 'environment' ORDER BY "ar_internal_metadata"."key" ASC LIMIT 1 /*application='Backend'*/[0m
  [1m[36mActiveRecord::SchemaMigration Load (0.7ms)[0m  [1m[34mSELECT "schema_migrations"."version" FROM "schema_migrations" ORDER BY "schema_migrations"."version" ASC /*application='Backend'*/[0m
  [1m[36mActiveRecord::InternalMetadata Load (0.7ms)[0m  [1m[34mSELECT * FROM "ar_internal_metadata" WHERE "ar_internal_metadata"."key" = 'environment' ORDER BY "ar_internal_metadata"."key" ASC LIMIT 1 /*application='Backend'*/[0m
  [1m[35mSQL (0.5ms)[0m  [1m[35mSET search_path TO public /*application='Backend'*/[0m
  [1m[35m (221.5ms)[0m  [1m[35mDROP DATABASE IF EXISTS "student_hub_development" /*application='Backend'*/[0m
  [1m[35mSQL (0.5ms)[0m  [1m[35mSET search_path TO public /*application='Backend'*/[0m
  [1m[35m (55.8ms)[0m  [1m[35mDROP DATABASE IF EXISTS "student_hub_development" /*application='Backend'*/[0m
  [1m[35mSQL (0.4ms)[0m  [1m[35mSET search_path TO public /*application='Backend'*/[0m
  [1m[35m (545.0ms)[0m  [1m[35mCREATE DATABASE "student_hub_development" ENCODING = 'unicode' /*application='Backend'*/[0m
  [1m[35mSQL (0.6ms)[0m  [1m[35mSET search_path TO public /*application='Backend'*/[0m
  [1m[35m (62.0ms)[0m  [1m[35mCREATE DATABASE "student_hub_development" ENCODING = 'unicode' /*application='Backend'*/[0m
  [1m[35mSQL (1.0ms)[0m  [1m[35mCREATE EXTENSION IF NOT EXISTS "plpgsql" SCHEMA pg_catalog /*application='Backend'*/[0m
  [1m[35m (0.6ms)[0m  [1m[35mDROP TABLE IF EXISTS "active_storage_attachments" CASCADE /*application='Backend'*/[0m
  [1m[35m (20.3ms)[0m  [1m[35mCREATE TABLE "active_storage_attachments" ("id" bigserial primary key, "blob_id" bigint NOT NULL, "created_at" timestamp(6) NOT NULL, "name" character varying NOT NULL, "record_id" bigint NOT NULL, "record_type" character varying NOT NULL) /*application='Backend'*/[0m
  [1m[35m (10.6ms)[0m  [1m[35mCREATE INDEX "index_active_storage_attachments_on_blob_id" ON "active_storage_attachments" ("blob_id") /*application='Backend'*/[0m
  [1m[35m (8.5ms)[0m  [1m[35mCREATE UNIQUE INDEX "index_active_storage_attachments_uniqueness" ON "active_storage_attachments" ("record_type", "record_id", "name", "blob_id") /*application='Backend'*/[0m
  [1m[35m (0.7ms)[0m  [1m[35mDROP TABLE IF EXISTS "active_storage_blobs" CASCADE /*application='Backend'*/[0m
  [1m[35m (16.9ms)[0m  [1m[35mCREATE TABLE "active_storage_blobs" ("id" bigserial primary key, "byte_size" bigint NOT NULL, "checksum" character varying, "content_type" character varying, "created_at" timestamp(6) NOT NULL, "filename" character varying NOT NULL, "key" character varying NOT NULL, "metadata" text, "service_name" character varying NOT NULL) /*application='Backend'*/[0m
  [1m[35m (8.6ms)[0m  [1m[35mCREATE UNIQUE INDEX "index_active_storage_blobs_on_key" ON "active_storage_blobs" ("key") /*application='Backend'*/[0m
  [1m[35m (0.7ms)[0m  [1m[35mDROP TABLE IF EXISTS "active_storage_variant_records" CASCADE /*application='Backend'*/[0m
  [1m[35m (15.3ms)[0m  [1m[35mCREATE TABLE "active_storage_variant_records" ("id" bigserial primary key, "blob_id" bigint NOT NULL, "variation_digest" character varying NOT NULL) /*application='Backend'*/[0m
  [1m[35m (8.4ms)[0m  [1m[35mCREATE UNIQUE INDEX "index_active_storage_variant_records_uniqueness" ON "active_storage_variant_records" ("blob_id", "variation_digest") /*application='Backend'*/[0m
  [1m[35m (0.7ms)[0m  [1m[35mDROP TABLE IF EXISTS "projects" CASCADE /*application='Backend'*/[0m
  [1m[35m (15.6ms)[0m  [1m[35mCREATE TABLE "projects" ("id" bigserial primary key, "created_at" timestamp(6) NOT NULL, "description" text, "github_url" character varying, "live_demo_url" character varying, "tech_stack" character varying, "title" character varying, "updated_at" timestamp(6) NOT NULL, "user_id" bigint NOT NULL) /*application='Backend'*/[0m
  [1m[35m (9.5ms)[0m  [1m[35mCREATE INDEX "index_projects_on_user_id" ON "projects" ("user_id") /*application='Backend'*/[0m
  [1m[35m (0.7ms)[0m  [1m[35mDROP TABLE IF EXISTS "users" CASCADE /*application='Backend'*/[0m
  [1m[35m (16.8ms)[0m  [1m[35mCREATE TABLE "users" ("id" bigserial primary key, "bio" text, "created_at" timestamp(6) NOT NULL, "education" character varying, "email" character varying DEFAULT '' NOT NULL, "encrypted_password" character varying DEFAULT '' NOT NULL, "name" character varying, "remember_created_at" timestamp(6), "reset_password_sent_at" timestamp(6), "reset_password_token" character varying, "skills" character varying, "updated_at" timestamp(6) NOT NULL, "username" character varying) /*application='Backend'*/[0m
  [1m[35m (7.4ms)[0m  [1m[35mCREATE UNIQUE INDEX "index_users_on_email" ON "users" ("email") /*application='Backend'*/[0m
  [1m[35m (7.5ms)[0m  [1m[35mCREATE UNIQUE INDEX "index_users_on_reset_password_token" ON "users" ("reset_password_token") /*application='Backend'*/[0m
  [1m[35m (4.8ms)[0m  [1m[35mALTER TABLE "active_storage_attachments" ADD CONSTRAINT "fk_rails_c3b3935057"
FOREIGN KEY ("blob_id")
  REFERENCES "active_storage_blobs" ("id")
 /*application='Backend'*/[0m
  [1m[35m (3.5ms)[0m  [1m[35mALTER TABLE "active_storage_variant_records" ADD CONSTRAINT "fk_rails_993965df05"
FOREIGN KEY ("blob_id")
  REFERENCES "active_storage_blobs" ("id")
 /*application='Backend'*/[0m
  [1m[35m (3.6ms)[0m  [1m[35mALTER TABLE "projects" ADD CONSTRAINT "fk_rails_b872a6760a"
FOREIGN KEY ("user_id")
  REFERENCES "users" ("id")
 /*application='Backend'*/[0m
  [1m[35m (13.0ms)[0m  [1m[35mCREATE TABLE "schema_migrations" ("version" character varying NOT NULL PRIMARY KEY) /*application='Backend'*/[0m
  [1m[36mActiveRecord::SchemaMigration Load (1.1ms)[0m  [1m[34mSELECT "schema_migrations"."version" FROM "schema_migrations" ORDER BY "schema_migrations"."version" ASC /*application='Backend'*/[0m
  [1m[35m (2.6ms)[0m  [1m[32mINSERT INTO "schema_migrations" (version) VALUES (20260405145611) /*application='Backend'*/[0m
  [1m[35m (13.6ms)[0m  [1m[35mCREATE TABLE "ar_internal_metadata" ("key" character varying NOT NULL PRIMARY KEY, "value" character varying, "created_at" timestamp(6) NOT NULL, "updated_at" timestamp(6) NOT NULL) /*application='Backend'*/[0m
  [1m[36mActiveRecord::InternalMetadata Load (1.7ms)[0m  [1m[34mSELECT * FROM "ar_internal_metadata" WHERE "ar_internal_metadata"."key" = 'environment' ORDER BY "ar_internal_metadata"."key" ASC LIMIT 1 /*application='Backend'*/[0m
  [1m[36mActiveRecord::InternalMetadata Create (2.7ms)[0m  [1m[32mINSERT INTO "ar_internal_metadata" ("key", "value", "created_at", "updated_at") VALUES ('environment', 'development', '2026-09-07 10:13:18.950661', '2026-09-07 10:13:18.950670') RETURNING "key" /*application='Backend'*/[0m
  [1m[36mActiveRecord::InternalMetadata Load (0.8ms)[0m  [1m[34mSELECT * FROM "ar_internal_metadata" WHERE "ar_internal_metadata"."key" = 'environment' ORDER BY "ar_internal_metadata"."key" ASC LIMIT 1 /*application='Backend'*/[0m
  [1m[36mActiveRecord::InternalMetadata Load (0.9ms)[0m  [1m[34mSELECT * FROM "ar_internal_metadata" WHERE "ar_internal_metadata"."key" = 'schema_sha1' ORDER BY "ar_internal_metadata"."key" ASC LIMIT 1 /*application='Backend'*/[0m
  [1m[36mActiveRecord::InternalMetadata Create (1.8ms)[0m  [1m[32mINSERT INTO "ar_internal_metadata" ("key", "value", "created_at", "updated_at") VALUES ('schema_sha1', '5a7c33e425998a637f2f9a51934684eeb6398cbe', '2026-09-07 10:13:18.963959', '2026-09-07 10:13:18.963963') RETURNING "key" /*application='Backend'*/[0m
  [1m[35m (0.4ms)[0m  [1m[34mSELECT pg_try_advisory_lock(7824488612134783575) /*application='Backend'*/[0m
  [1m[36mActiveRecord::SchemaMigration Load (0.4ms)[0m  [1m[34mSELECT "schema_migrations"."version" FROM "schema_migrations" ORDER BY "schema_migrations"."version" ASC /*application='Backend'*/[0m
  [1m[36mActiveRecord::InternalMetadata Load (0.4ms)[0m  [1m[34mSELECT * FROM "ar_internal_metadata" WHERE "ar_internal_metadata"."key" = 'environment' ORDER BY "ar_internal_metadata"."key" ASC LIMIT 1 /*application='Backend'*/[0m
  [1m[35m (0.4ms)[0m  [1m[34mSELECT pg_advisory_unlock(7824488612134783575) /*application='Backend'*/[0m
  [1m[36mActiveRecord::SchemaMigration Load (0.4ms)[0m  [1m[34mSELECT "schema_migrations"."version" FROM "schema_migrations" ORDER BY "schema_migrations"."version" ASC /*application='Backend'*/[0m
  [1m[35mSQL (0.3ms)[0m  [1m[35mSET search_path TO public /*application='Backend'*/[0m
  [1m[35mSQL (0.4ms)[0m  [1m[35mSET search_path TO "$user", public /*application='Backend'*/[0m
  [1m[35mSQL (0.4ms)[0m  [1m[35mSET search_path TO public /*application='Backend'*/[0m
  [1m[35mSQL (0.3ms)[0m  [1m[35mSET search_path TO "$user", public /*application='Backend'*/[0m
Using vips to process variants requires the libvips library. Please install libvips using the instructions on the libvips website.
Started GET "/" for 127.0.0.1 at 2026-09-07 13:13:44 +0300
  [1m[36mActiveRecord::SchemaMigration Load (1.1ms)[0m  [1m[34mSELECT "schema_migrations"."version" FROM "schema_migrations" ORDER BY "schema_migrations"."version" ASC /*application='Backend'*/[0m
Processing by Rails::WelcomeController#index as HTML
  Rendering /home/user/.local/share/mise/installs/ruby/3.4.9/lib/ruby/gems/3.4.0/gems/railties-8.1.3.1/lib/rails/templates/rails/welcome/index.html.erb
  Rendered /home/user/.local/share/mise/installs/ruby/3.4.9/lib/ruby/gems/3.4.0/gems/railties-8.1.3.1/lib/rails/templates/rails/welcome/index.html.erb (Duration: 1.0ms | GC: 0.0ms)
Completed 200 OK in 72ms (Views: 19.9ms | ActiveRecord: 0.0ms (0 queries, 0 cached) | GC: 0.0ms)


Started GET "/icon.png" for 127.0.0.1 at 2026-09-07 13:13:44 +0300
  
ActionController::RoutingError (No route matches [GET] "/icon.png"):
  
Using vips to process variants requires the libvips library. Please install libvips using the instructions on the libvips website.
Using vips to process variants requires the libvips library. Please install libvips using the instructions on the libvips website.
Started GET "/api/v1/health" for ::1 at 2026-09-07 13:24:00 +0300
  [1m[36mActiveRecord::SchemaMigration Load (1.5ms)[0m  [1m[34mSELECT "schema_migrations"."version" FROM "schema_migrations" ORDER BY "schema_migrations"."version" ASC /*application='Backend'*/[0m
Processing by Api::V1::HealthController#show as */*
Completed 200 OK in 28ms (Views: 0.4ms | ActiveRecord: 0.0ms (0 queries, 0 cached) | GC: 0.0ms)


Using vips to process variants requires the libvips library. Please install libvips using the instructions on the libvips website.
Started GET "/" for 127.0.0.1 at 2026-09-09 11:10:02 +0300
Started GET "/" for 127.0.0.1 at 2026-09-09 11:10:02 +0300
  [1m[36mActiveRecord::SchemaMigration Load (108.4ms)[0m  [1m[34mSELECT "schema_migrations"."version" FROM "schema_migrations" ORDER BY "schema_migrations"."version" ASC /*application='Backend'*/[0m
  
ActionController::RoutingError (No route matches [GET] "/"):
  
Processing by Rails::WelcomeController#index as HTML
  Rendering /home/user/.local/share/mise/installs/ruby/3.4.9/lib/ruby/gems/3.4.0/gems/railties-8.1.3.1/lib/rails/templates/rails/welcome/index.html.erb
  Rendered /home/user/.local/share/mise/installs/ruby/3.4.9/lib/ruby/gems/3.4.0/gems/railties-8.1.3.1/lib/rails/templates/rails/welcome/index.html.erb (Duration: 5.9ms | GC: 0.0ms)
Completed 200 OK in 456ms (Views: 11.4ms | ActiveRecord: 0.0ms (0 queries, 0 cached) | GC: 0.0ms)


Started GET "/favicon.ico" for 127.0.0.1 at 2026-09-09 11:10:09 +0300
  
ActionController::RoutingError (No route matches [GET] "/favicon.ico"):
  
Started GET "/" for 127.0.0.1 at 2026-09-09 11:11:39 +0300
Processing by Rails::WelcomeController#index as HTML
  Rendering /home/user/.local/share/mise/installs/ruby/3.4.9/lib/ruby/gems/3.4.0/gems/railties-8.1.3.1/lib/rails/templates/rails/welcome/index.html.erb
  Rendered /home/user/.local/share/mise/installs/ruby/3.4.9/lib/ruby/gems/3.4.0/gems/railties-8.1.3.1/lib/rails/templates/rails/welcome/index.html.erb (Duration: 0.3ms | GC: 0.0ms)
Completed 200 OK in 4ms (Views: 2.9ms | ActiveRecord: 0.0ms (0 queries, 0 cached) | GC: 0.0ms)


Started GET "/icon.png" for 127.0.0.1 at 2026-09-09 11:11:39 +0300
  
ActionController::RoutingError (No route matches [GET] "/icon.png"):
  
Started GET "/api/v1/health" for ::1 at 2026-09-09 11:13:43 +0300
Processing by Api::V1::HealthController#show as */*
Completed 200 OK in 1ms (Views: 0.5ms | ActiveRecord: 0.0ms (0 queries, 0 cached) | GC: 0.0ms)


Using vips to process variants requires the libvips library. Please install libvips using the instructions on the libvips website.
Started GET "/api/v1/health" for ::1 at 2026-09-09 12:06:06 +0300
  [1m[36mActiveRecord::SchemaMigration Load (2.9ms)[0m  [1m[34mSELECT "schema_migrations"."version" FROM "schema_migrations" ORDER BY "schema_migrations"."version" ASC /*application='Backend'*/[0m
Processing by Api::V1::HealthController#show as */*
Completed 200 OK in 48ms (Views: 0.8ms | ActiveRecord: 0.0ms (0 queries, 0 cached) | GC: 0.0ms)


Started GET "/" for 127.0.0.1 at 2026-09-09 12:09:25 +0300
Processing by Rails::WelcomeController#index as HTML
  Rendering /home/user/.local/share/mise/installs/ruby/3.4.9/lib/ruby/gems/3.4.0/gems/railties-8.1.3.1/lib/rails/templates/rails/welcome/index.html.erb
  Rendered /home/user/.local/share/mise/installs/ruby/3.4.9/lib/ruby/gems/3.4.0/gems/railties-8.1.3.1/lib/rails/templates/rails/welcome/index.html.erb (Duration: 2.0ms | GC: 0.0ms)
Completed 200 OK in 72ms (Views: 16.9ms | ActiveRecord: 0.0ms (0 queries, 0 cached) | GC: 0.0ms)


Started GET "/.well-known/appspecific/com.chrome.devtools.json" for 127.0.0.1 at 2026-09-09 12:10:41 +0300
  
ActionController::RoutingError (No route matches [GET] "/.well-known/appspecific/com.chrome.devtools.json"):
  
Started GET "/" for 127.0.0.1 at 2026-09-09 12:11:07 +0300
Processing by Rails::WelcomeController#index as HTML
  Rendering /home/user/.local/share/mise/installs/ruby/3.4.9/lib/ruby/gems/3.4.0/gems/railties-8.1.3.1/lib/rails/templates/rails/welcome/index.html.erb
  Rendered /home/user/.local/share/mise/installs/ruby/3.4.9/lib/ruby/gems/3.4.0/gems/railties-8.1.3.1/lib/rails/templates/rails/welcome/index.html.erb (Duration: 0.2ms | GC: 0.0ms)
Completed 200 OK in 2ms (Views: 1.4ms | ActiveRecord: 0.0ms (0 queries, 0 cached) | GC: 0.0ms)


Started GET "/.well-known/appspecific/com.chrome.devtools.json" for 127.0.0.1 at 2026-09-09 12:11:07 +0300
  
ActionController::RoutingError (No route matches [GET] "/.well-known/appspecific/com.chrome.devtools.json"):
  
Using vips to process variants requires the libvips library. Please install libvips using the instructions on the libvips website.
Started GET "/" for 127.0.0.1 at 2026-09-09 12:13:28 +0300
  [1m[36mActiveRecord::SchemaMigration Load (1.9ms)[0m  [1m[34mSELECT "schema_migrations"."version" FROM "schema_migrations" ORDER BY "schema_migrations"."version" ASC /*application='Backend'*/[0m
Processing by Rails::WelcomeController#index as HTML
  Rendering /home/user/.local/share/mise/installs/ruby/3.4.9/lib/ruby/gems/3.4.0/gems/railties-8.1.3.1/lib/rails/templates/rails/welcome/index.html.erb
  Rendered /home/user/.local/share/mise/installs/ruby/3.4.9/lib/ruby/gems/3.4.0/gems/railties-8.1.3.1/lib/rails/templates/rails/welcome/index.html.erb (Duration: 1.5ms | GC: 0.0ms)
Completed 200 OK in 41ms (Views: 12.5ms | ActiveRecord: 0.0ms (0 queries, 0 cached) | GC: 0.0ms)


Started GET "/.well-known/appspecific/com.chrome.devtools.json" for 127.0.0.1 at 2026-09-09 12:13:57 +0300
  
ActionController::RoutingError (No route matches [GET] "/.well-known/appspecific/com.chrome.devtools.json"):
  
Started GET "/" for 127.0.0.1 at 2026-09-09 12:14:11 +0300
Processing by Rails::WelcomeController#index as HTML
  Rendering /home/user/.local/share/mise/installs/ruby/3.4.9/lib/ruby/gems/3.4.0/gems/railties-8.1.3.1/lib/rails/templates/rails/welcome/index.html.erb
  Rendered /home/user/.local/share/mise/installs/ruby/3.4.9/lib/ruby/gems/3.4.0/gems/railties-8.1.3.1/lib/rails/templates/rails/welcome/index.html.erb (Duration: 0.5ms | GC: 0.0ms)
Completed 200 OK in 3ms (Views: 2.4ms | ActiveRecord: 0.0ms (0 queries, 0 cached) | GC: 0.0ms)


Started GET "/.well-known/appspecific/com.chrome.devtools.json" for 127.0.0.1 at 2026-09-09 12:14:11 +0300
  
ActionController::RoutingError (No route matches [GET] "/.well-known/appspecific/com.chrome.devtools.json"):
  
Using vips to process variants requires the libvips library. Please install libvips using the instructions on the libvips website.
Started GET "/" for 127.0.0.1 at 2026-09-09 12:19:32 +0300
  [1m[36mActiveRecord::SchemaMigration Load (2.6ms)[0m  [1m[34mSELECT "schema_migrations"."version" FROM "schema_migrations" ORDER BY "schema_migrations"."version" ASC /*application='Backend'*/[0m
Processing by Rails::WelcomeController#index as HTML
  Rendering /home/user/.local/share/mise/installs/ruby/3.4.9/lib/ruby/gems/3.4.0/gems/railties-8.1.3.1/lib/rails/templates/rails/welcome/index.html.erb
  Rendered /home/user/.local/share/mise/installs/ruby/3.4.9/lib/ruby/gems/3.4.0/gems/railties-8.1.3.1/lib/rails/templates/rails/welcome/index.html.erb (Duration: 3.0ms | GC: 0.0ms)
Completed 200 OK in 61ms (Views: 21.7ms | ActiveRecord: 0.0ms (0 queries, 0 cached) | GC: 0.0ms)


Started GET "/.well-known/appspecific/com.chrome.devtools.json" for 127.0.0.1 at 2026-09-09 12:19:33 +0300
  
ActionController::RoutingError (No route matches [GET] "/.well-known/appspecific/com.chrome.devtools.json"):
  
Started GET "/" for 127.0.0.1 at 2026-09-09 12:19:50 +0300
Processing by Rails::WelcomeController#index as HTML
  Rendering /home/user/.local/share/mise/installs/ruby/3.4.9/lib/ruby/gems/3.4.0/gems/railties-8.1.3.1/lib/rails/templates/rails/welcome/index.html.erb
  Rendered /home/user/.local/share/mise/installs/ruby/3.4.9/lib/ruby/gems/3.4.0/gems/railties-8.1.3.1/lib/rails/templates/rails/welcome/index.html.erb (Duration: 0.1ms | GC: 0.0ms)
Completed 200 OK in 2ms (Views: 1.2ms | ActiveRecord: 0.0ms (0 queries, 0 cached) | GC: 0.0ms)


Started GET "/.well-known/appspecific/com.chrome.devtools.json" for 127.0.0.1 at 2026-09-09 12:19:50 +0300
  
ActionController::RoutingError (No route matches [GET] "/.well-known/appspecific/com.chrome.devtools.json"):
  
Started GET "/" for 127.0.0.1 at 2026-09-09 12:21:27 +0300
Processing by Rails::WelcomeController#index as HTML
  Rendering /home/user/.local/share/mise/installs/ruby/3.4.9/lib/ruby/gems/3.4.0/gems/railties-8.1.3.1/lib/rails/templates/rails/welcome/index.html.erb
  Rendered /home/user/.local/share/mise/installs/ruby/3.4.9/lib/ruby/gems/3.4.0/gems/railties-8.1.3.1/lib/rails/templates/rails/welcome/index.html.erb (Duration: 0.3ms | GC: 0.0ms)
Completed 200 OK in 4ms (Views: 3.1ms | ActiveRecord: 0.0ms (0 queries, 0 cached) | GC: 0.0ms)


Started GET "/" for 127.0.0.1 at 2026-09-09 12:32:54 +0300
Processing by Rails::WelcomeController#index as HTML
  Rendering /home/user/.local/share/mise/installs/ruby/3.4.9/lib/ruby/gems/3.4.0/gems/railties-8.1.3.1/lib/rails/templates/rails/welcome/index.html.erb
  Rendered /home/user/.local/share/mise/installs/ruby/3.4.9/lib/ruby/gems/3.4.0/gems/railties-8.1.3.1/lib/rails/templates/rails/welcome/index.html.erb (Duration: 0.3ms | GC: 0.0ms)
Completed 200 OK in 2ms (Views: 1.3ms | ActiveRecord: 0.0ms (0 queries, 0 cached) | GC: 0.0ms)


Using vips to process variants requires the libvips library. Please install libvips using the instructions on the libvips website.
Started GET "/api/v1/health" for ::1 at 2026-09-09 12:33:39 +0300
  [1m[36mActiveRecord::SchemaMigration Load (2.5ms)[0m  [1m[34mSELECT "schema_migrations"."version" FROM "schema_migrations" ORDER BY "schema_migrations"."version" ASC /*application='Backend'*/[0m
Processing by Api::V1::HealthController#show as */*
  Parameters: {"health" => {}}
Completed 200 OK in 33ms (Views: 0.7ms | ActiveRecord: 0.0ms (0 queries, 0 cached) | GC: 0.0ms)


Started GET "/api/v1/health" for ::1 at 2026-09-09 12:33:40 +0300
Processing by Api::V1::HealthController#show as */*
  Parameters: {"health" => {}}
Completed 200 OK in 0ms (Views: 0.2ms | ActiveRecord: 0.0ms (0 queries, 0 cached) | GC: 0.0ms)


Using vips to process variants requires the libvips library. Please install libvips using the instructions on the libvips website.
  [1m[36mActiveRecord::SchemaMigration Load (9.4ms)[0m  [1m[34mSELECT "schema_migrations"."version" FROM "schema_migrations" ORDER BY "schema_migrations"."version" ASC /*application='Backend'*/[0m
Using vips to process variants requires the libvips library. Please install libvips using the instructions on the libvips website.
Using vips to process variants requires the libvips library. Please install libvips using the instructions on the libvips website.
Started GET "/api/v1/health" for ::1 at 2026-09-09 15:49:47 +0300
  [1m[36mActiveRecord::SchemaMigration Load (1.0ms)[0m  [1m[34mSELECT "schema_migrations"."version" FROM "schema_migrations" ORDER BY "schema_migrations"."version" ASC /*application='Backend'*/[0m
Processing by Api::V1::HealthController#show as */*
Completed 200 OK in 29ms (Views: 0.5ms | ActiveRecord: 0.0ms (0 queries, 0 cached) | GC: 0.0ms)


Using vips to process variants requires the libvips library. Please install libvips using the instructions on the libvips website.
Using vips to process variants requires the libvips library. Please install libvips using the instructions on the libvips website.
Using vips to process variants requires the libvips library. Please install libvips using the instructions on the libvips website.
  [1m[36mActiveRecord::SchemaMigration Load (1.8ms)[0m  [1m[34mSELECT "schema_migrations"."version" FROM "schema_migrations" ORDER BY "schema_migrations"."version" ASC /*application='Backend'*/[0m
  [1m[36mActiveRecord::InternalMetadata Load (28.6ms)[0m  [1m[34mSELECT * FROM "ar_internal_metadata" WHERE "ar_internal_metadata"."key" = 'environment' ORDER BY "ar_internal_metadata"."key" ASC LIMIT 1 /*application='Backend'*/[0m
  [1m[36mActiveRecord::SchemaMigration Load (0.7ms)[0m  [1m[34mSELECT "schema_migrations"."version" FROM "schema_migrations" ORDER BY "schema_migrations"."version" ASC /*application='Backend'*/[0m
  [1m[36mActiveRecord::InternalMetadata Load (0.8ms)[0m  [1m[34mSELECT * FROM "ar_internal_metadata" WHERE "ar_internal_metadata"."key" = 'environment' ORDER BY "ar_internal_metadata"."key" ASC LIMIT 1 /*application='Backend'*/[0m
  [1m[36mActiveRecord::SchemaMigration Load (0.8ms)[0m  [1m[34mSELECT "schema_migrations"."version" FROM "schema_migrations" ORDER BY "schema_migrations"."version" ASC /*application='Backend'*/[0m
  [1m[36mActiveRecord::InternalMetadata Load (0.9ms)[0m  [1m[34mSELECT * FROM "ar_internal_metadata" WHERE "ar_internal_metadata"."key" = 'environment' ORDER BY "ar_internal_metadata"."key" ASC LIMIT 1 /*application='Backend'*/[0m
  [1m[35mSQL (0.3ms)[0m  [1m[35mSET search_path TO public /*application='Backend'*/[0m
  [1m[35m (332.9ms)[0m  [1m[35mDROP DATABASE IF EXISTS "student_hub_development" /*application='Backend'*/[0m
  [1m[35m (253.3ms)[0m  [1m[35mDROP DATABASE IF EXISTS "student_hub_test" /*application='Backend'*/[0m
Using vips to process variants requires the libvips library. Please install libvips using the instructions on the libvips website.
  [1m[35m (46.2ms)[0m  [1m[34mSELECT version() /*application='Backend'*/[0m
Using vips to process variants requires the libvips library. Please install libvips using the instructions on the libvips website.
  [1m[35m (66.0ms)[0m  [1m[34mSELECT version() /*application='Backend'*/[0m
Using vips to process variants requires the libvips library. Please install libvips using the instructions on the libvips website.
  [1m[35mSQL (0.8ms)[0m  [1m[35mSET search_path TO public /*application='Backend'*/[0m
  [1m[35m (1775.1ms)[0m  [1m[35mCREATE DATABASE "student_hub_development" ENCODING = 'unicode' /*application='Backend'*/[0m
  [1m[35mSQL (0.5ms)[0m  [1m[35mSET search_path TO public /*application='Backend'*/[0m
  [1m[35m (333.4ms)[0m  [1m[35mCREATE DATABASE "student_hub_test" ENCODING = 'unicode' /*application='Backend'*/[0m
Using vips to process variants requires the libvips library. Please install libvips using the instructions on the libvips website.
  [1m[35m (76.2ms)[0m  [1m[34mSELECT version() /*application='Backend'*/[0m
Using vips to process variants requires the libvips library. Please install libvips using the instructions on the libvips website.
  [1m[35m (81.3ms)[0m  [1m[35mCREATE TABLE "schema_migrations" ("version" character varying NOT NULL PRIMARY KEY) /*application='Backend'*/[0m
  [1m[35m (52.6ms)[0m  [1m[35mCREATE TABLE "ar_internal_metadata" ("key" character varying NOT NULL PRIMARY KEY, "value" character varying, "created_at" timestamp(6) NOT NULL, "updated_at" timestamp(6) NOT NULL) /*application='Backend'*/[0m
  [1m[35m (1.3ms)[0m  [1m[34mSELECT pg_try_advisory_lock(7824488612134783575) /*application='Backend'*/[0m
  [1m[36mActiveRecord::SchemaMigration Load (1.1ms)[0m  [1m[34mSELECT "schema_migrations"."version" FROM "schema_migrations" ORDER BY "schema_migrations"."version" ASC /*application='Backend'*/[0m
  [1m[36mActiveRecord::InternalMetadata Load (1.2ms)[0m  [1m[34mSELECT * FROM "ar_internal_metadata" WHERE "ar_internal_metadata"."key" = 'environment' ORDER BY "ar_internal_metadata"."key" ASC LIMIT 1 /*application='Backend'*/[0m
  [1m[36mActiveRecord::InternalMetadata Create (2.4ms)[0m  [1m[32mINSERT INTO "ar_internal_metadata" ("key", "value", "created_at", "updated_at") VALUES ('environment', 'development', '2026-09-10 08:05:53.969878', '2026-09-10 08:05:53.969882') RETURNING "key" /*application='Backend'*/[0m
Migrating to CreateInitialSchema (20260910080518)
  [1m[36mTRANSACTION (0.5ms)[0m  [1m[35mBEGIN /*application='Backend'*/[0m
  [1m[35mSQL (37.5ms)[0m  [1m[35mCREATE EXTENSION IF NOT EXISTS "pgcrypto" /*application='Backend'*/[0m
  [1m[35m (16.0ms)[0m  [1m[35mCREATE TABLE "users" ("id" uuid DEFAULT gen_random_uuid() NOT NULL PRIMARY KEY, "email" character varying DEFAULT '' NOT NULL, "encrypted_password" character varying DEFAULT '' NOT NULL, "reset_password_token" character varying, "reset_password_sent_at" timestamp(6), "remember_created_at" timestamp(6), "sign_in_count" integer DEFAULT 0 NOT NULL, "current_sign_in_at" timestamp(6), "last_sign_in_at" timestamp(6), "current_sign_in_ip" inet, "last_sign_in_ip" inet, "created_at" timestamp(6) NOT NULL, "updated_at" timestamp(6) NOT NULL) /*application='Backend'*/[0m
  [1m[35m (6.9ms)[0m  [1m[35mCREATE UNIQUE INDEX "index_users_on_email" ON "users" ("email") /*application='Backend'*/[0m
  [1m[35m (6.6ms)[0m  [1m[35mCREATE UNIQUE INDEX "index_users_on_reset_password_token" ON "users" ("reset_password_token") /*application='Backend'*/[0m
  [1m[35m (14.8ms)[0m  [1m[35mCREATE TABLE "profiles" ("id" uuid DEFAULT gen_random_uuid() NOT NULL PRIMARY KEY, "user_id" uuid NOT NULL, "name" character varying, "birthdate" date, "university" character varying, "major" character varying, "tagline" character varying, "bio" text, "looking_for" integer DEFAULT 0 NOT NULL, "profile_visibility" integer DEFAULT 0 NOT NULL, "show_on_explore" boolean DEFAULT TRUE NOT NULL, "created_at" timestamp(6) NOT NULL, "updated_at" timestamp(6) NOT NULL, CONSTRAINT "fk_rails_e424190865"
FOREIGN KEY ("user_id")
  REFERENCES "users" ("id")
) /*application='Backend'*/[0m
  [1m[35m (6.2ms)[0m  [1m[35mCREATE UNIQUE INDEX "index_profiles_on_user_id" ON "profiles" ("user_id") /*application='Backend'*/[0m
  [1m[35m (6.1ms)[0m  [1m[35mCREATE INDEX "index_profiles_on_university" ON "profiles" ("university") /*application='Backend'*/[0m
  [1m[35m (6.3ms)[0m  [1m[35mCREATE INDEX "index_profiles_on_major" ON "profiles" ("major") /*application='Backend'*/[0m
  [1m[35m (12.9ms)[0m  [1m[35mCREATE TABLE "interests" ("id" uuid DEFAULT gen_random_uuid() NOT NULL PRIMARY KEY, "name" character varying NOT NULL, "is_custom" boolean DEFAULT FALSE NOT NULL, "created_at" timestamp(6) NOT NULL, "updated_at" timestamp(6) NOT NULL) /*application='Backend'*/[0m
  [1m[35m (6.1ms)[0m  [1m[35mCREATE UNIQUE INDEX "index_interests_on_lower_name" ON "interests" (lower(name)) /*application='Backend'*/[0m
  [1m[35m (9.9ms)[0m  [1m[35mCREATE TABLE "user_interests" ("id" uuid DEFAULT gen_random_uuid() NOT NULL PRIMARY KEY, "user_id" uuid NOT NULL, "interest_id" uuid NOT NULL, "created_at" timestamp(6) NOT NULL, "updated_at" timestamp(6) NOT NULL, CONSTRAINT "fk_rails_ec759c020c"
FOREIGN KEY ("user_id")
  REFERENCES "users" ("id")
, CONSTRAINT "fk_rails_5630a14e4d"
FOREIGN KEY ("interest_id")
  REFERENCES "interests" ("id")
) /*application='Backend'*/[0m
  [1m[35m (5.7ms)[0m  [1m[35mCREATE INDEX "index_user_interests_on_user_id" ON "user_interests" ("user_id") /*application='Backend'*/[0m
  [1m[35m (7.6ms)[0m  [1m[35mCREATE INDEX "index_user_interests_on_interest_id" ON "user_interests" ("interest_id") /*application='Backend'*/[0m
  [1m[35m (5.6ms)[0m  [1m[35mCREATE UNIQUE INDEX "index_user_interests_on_user_id_and_interest_id" ON "user_interests" ("user_id", "interest_id") /*application='Backend'*/[0m
  [1m[35m (10.5ms)[0m  [1m[35mCREATE TABLE "skills" ("id" uuid DEFAULT gen_random_uuid() NOT NULL PRIMARY KEY, "name" character varying NOT NULL, "is_custom" boolean DEFAULT FALSE NOT NULL, "created_at" timestamp(6) NOT NULL, "updated_at" timestamp(6) NOT NULL) /*application='Backend'*/[0m
  [1m[35m (4.8ms)[0m  [1m[35mCREATE UNIQUE INDEX "index_skills_on_lower_name" ON "skills" (lower(name)) /*application='Backend'*/[0m
  [1m[35m (5.9ms)[0m  [1m[35mCREATE TABLE "user_skills" ("id" uuid DEFAULT gen_random_uuid() NOT NULL PRIMARY KEY, "user_id" uuid NOT NULL, "skill_id" uuid NOT NULL, "created_at" timestamp(6) NOT NULL, "updated_at" timestamp(6) NOT NULL, CONSTRAINT "fk_rails_fe61b6a893"
FOREIGN KEY ("user_id")
  REFERENCES "users" ("id")
, CONSTRAINT "fk_rails_59acb6e327"
FOREIGN KEY ("skill_id")
  REFERENCES "skills" ("id")
) /*application='Backend'*/[0m
  [1m[35m (4.5ms)[0m  [1m[35mCREATE INDEX "index_user_skills_on_user_id" ON "user_skills" ("user_id") /*application='Backend'*/[0m
  [1m[35m (4.5ms)[0m  [1m[35mCREATE INDEX "index_user_skills_on_skill_id" ON "user_skills" ("skill_id") /*application='Backend'*/[0m
  [1m[35m (4.5ms)[0m  [1m[35mCREATE UNIQUE INDEX "index_user_skills_on_user_id_and_skill_id" ON "user_skills" ("user_id", "skill_id") /*application='Backend'*/[0m
  [1m[35m (8.2ms)[0m  [1m[35mCREATE TABLE "portfolio_links" ("id" uuid DEFAULT gen_random_uuid() NOT NULL PRIMARY KEY, "user_id" uuid NOT NULL, "link_type" integer NOT NULL, "url" character varying NOT NULL, "title" character varying, "created_at" timestamp(6) NOT NULL, "updated_at" timestamp(6) NOT NULL, CONSTRAINT "fk_rails_0fec4c7b7c"
FOREIGN KEY ("user_id")
  REFERENCES "users" ("id")
) /*application='Backend'*/[0m
  [1m[35m (4.0ms)[0m  [1m[35mCREATE INDEX "index_portfolio_links_on_user_id" ON "portfolio_links" ("user_id") /*application='Backend'*/[0m
  [1m[35m (4.7ms)[0m  [1m[35mCREATE INDEX "index_portfolio_links_on_user_id_and_link_type" ON "portfolio_links" ("user_id", "link_type") /*application='Backend'*/[0m
  [1m[35m (9.9ms)[0m  [1m[35mCREATE TABLE "projects" ("id" uuid DEFAULT gen_random_uuid() NOT NULL PRIMARY KEY, "user_id" uuid NOT NULL, "title" character varying NOT NULL, "description" text, "category" integer DEFAULT 0 NOT NULL, "team_size" integer, "looking_for" integer DEFAULT 0 NOT NULL, "github_url" character varying, "live_demo_url" character varying, "created_at" timestamp(6) NOT NULL, "updated_at" timestamp(6) NOT NULL, CONSTRAINT "fk_rails_b872a6760a"
FOREIGN KEY ("user_id")
  REFERENCES "users" ("id")
) /*application='Backend'*/[0m
  [1m[35m (5.0ms)[0m  [1m[35mCREATE INDEX "index_projects_on_user_id" ON "projects" ("user_id") /*application='Backend'*/[0m
  [1m[35m (4.2ms)[0m  [1m[35mCREATE INDEX "index_projects_on_category" ON "projects" ("category") /*application='Backend'*/[0m
  [1m[35m (5.0ms)[0m  [1m[35mCREATE INDEX "index_projects_on_created_at" ON "projects" ("created_at") /*application='Backend'*/[0m
  [1m[35m (4.8ms)[0m  [1m[35mCREATE INDEX "index_projects_on_user_id" ON "projects" ("user_id") /*application='Backend'*/[0m
  [1m[36mTRANSACTION (0.4ms)[0m  [1m[31mROLLBACK /*application='Backend'*/[0m
  [1m[35m (0.4ms)[0m  [1m[34mSELECT pg_advisory_unlock(7824488612134783575) /*application='Backend'*/[0m
Using vips to process variants requires the libvips library. Please install libvips using the instructions on the libvips website.
  [1m[35m (0.4ms)[0m  [1m[34mSELECT pg_try_advisory_lock(7824488612134783575) /*application='Backend'*/[0m
  [1m[36mActiveRecord::SchemaMigration Load (1.4ms)[0m  [1m[34mSELECT "schema_migrations"."version" FROM "schema_migrations" ORDER BY "schema_migrations"."version" ASC /*application='Backend'*/[0m
  [1m[36mActiveRecord::InternalMetadata Load (1.6ms)[0m  [1m[34mSELECT * FROM "ar_internal_metadata" WHERE "ar_internal_metadata"."key" = 'environment' ORDER BY "ar_internal_metadata"."key" ASC LIMIT 1 /*application='Backend'*/[0m
Migrating to CreateInitialSchema (20260910080518)
  [1m[36mTRANSACTION (0.8ms)[0m  [1m[35mBEGIN /*application='Backend'*/[0m
  [1m[35mSQL (11.2ms)[0m  [1m[35mCREATE EXTENSION IF NOT EXISTS "pgcrypto" /*application='Backend'*/[0m
  [1m[35m (11.7ms)[0m  [1m[35mCREATE TABLE "users" ("id" uuid DEFAULT gen_random_uuid() NOT NULL PRIMARY KEY, "email" character varying DEFAULT '' NOT NULL, "encrypted_password" character varying DEFAULT '' NOT NULL, "reset_password_token" character varying, "reset_password_sent_at" timestamp(6), "remember_created_at" timestamp(6), "sign_in_count" integer DEFAULT 0 NOT NULL, "current_sign_in_at" timestamp(6), "last_sign_in_at" timestamp(6), "current_sign_in_ip" inet, "last_sign_in_ip" inet, "created_at" timestamp(6) NOT NULL, "updated_at" timestamp(6) NOT NULL) /*application='Backend'*/[0m
  [1m[35m (4.5ms)[0m  [1m[35mCREATE UNIQUE INDEX "index_users_on_email" ON "users" ("email") /*application='Backend'*/[0m
  [1m[35m (4.6ms)[0m  [1m[35mCREATE UNIQUE INDEX "index_users_on_reset_password_token" ON "users" ("reset_password_token") /*application='Backend'*/[0m
  [1m[35m (10.5ms)[0m  [1m[35mCREATE TABLE "profiles" ("id" uuid DEFAULT gen_random_uuid() NOT NULL PRIMARY KEY, "user_id" uuid NOT NULL, "name" character varying, "birthdate" date, "university" character varying, "major" character varying, "tagline" character varying, "bio" text, "looking_for" integer DEFAULT 0 NOT NULL, "profile_visibility" integer DEFAULT 0 NOT NULL, "show_on_explore" boolean DEFAULT TRUE NOT NULL, "created_at" timestamp(6) NOT NULL, "updated_at" timestamp(6) NOT NULL, CONSTRAINT "fk_rails_e424190865"
FOREIGN KEY ("user_id")
  REFERENCES "users" ("id")
) /*application='Backend'*/[0m
  [1m[35m (4.8ms)[0m  [1m[35mCREATE UNIQUE INDEX "index_profiles_on_user_id" ON "profiles" ("user_id") /*application='Backend'*/[0m
  [1m[35m (4.0ms)[0m  [1m[35mCREATE INDEX "index_profiles_on_university" ON "profiles" ("university") /*application='Backend'*/[0m
  [1m[35m (5.0ms)[0m  [1m[35mCREATE INDEX "index_profiles_on_major" ON "profiles" ("major") /*application='Backend'*/[0m
  [1m[35m (11.3ms)[0m  [1m[35mCREATE TABLE "interests" ("id" uuid DEFAULT gen_random_uuid() NOT NULL PRIMARY KEY, "name" character varying NOT NULL, "is_custom" boolean DEFAULT FALSE NOT NULL, "created_at" timestamp(6) NOT NULL, "updated_at" timestamp(6) NOT NULL) /*application='Backend'*/[0m
  [1m[35m (6.5ms)[0m  [1m[35mCREATE UNIQUE INDEX "index_interests_on_lower_name" ON "interests" (lower(name)) /*application='Backend'*/[0m
  [1m[35m (8.5ms)[0m  [1m[35mCREATE TABLE "user_interests" ("id" uuid DEFAULT gen_random_uuid() NOT NULL PRIMARY KEY, "user_id" uuid NOT NULL, "interest_id" uuid NOT NULL, "created_at" timestamp(6) NOT NULL, "updated_at" timestamp(6) NOT NULL, CONSTRAINT "fk_rails_ec759c020c"
FOREIGN KEY ("user_id")
  REFERENCES "users" ("id")
, CONSTRAINT "fk_rails_5630a14e4d"
FOREIGN KEY ("interest_id")
  REFERENCES "interests" ("id")
) /*application='Backend'*/[0m
  [1m[35m (5.8ms)[0m  [1m[35mCREATE INDEX "index_user_interests_on_user_id" ON "user_interests" ("user_id") /*application='Backend'*/[0m
  [1m[35m (6.2ms)[0m  [1m[35mCREATE INDEX "index_user_interests_on_interest_id" ON "user_interests" ("interest_id") /*application='Backend'*/[0m
  [1m[35m (6.3ms)[0m  [1m[35mCREATE UNIQUE INDEX "index_user_interests_on_user_id_and_interest_id" ON "user_interests" ("user_id", "interest_id") /*application='Backend'*/[0m
  [1m[35m (12.9ms)[0m  [1m[35mCREATE TABLE "skills" ("id" uuid DEFAULT gen_random_uuid() NOT NULL PRIMARY KEY, "name" character varying NOT NULL, "is_custom" boolean DEFAULT FALSE NOT NULL, "created_at" timestamp(6) NOT NULL, "updated_at" timestamp(6) NOT NULL) /*application='Backend'*/[0m
  [1m[35m (7.4ms)[0m  [1m[35mCREATE UNIQUE INDEX "index_skills_on_lower_name" ON "skills" (lower(name)) /*application='Backend'*/[0m
  [1m[35m (7.9ms)[0m  [1m[35mCREATE TABLE "user_skills" ("id" uuid DEFAULT gen_random_uuid() NOT NULL PRIMARY KEY, "user_id" uuid NOT NULL, "skill_id" uuid NOT NULL, "created_at" timestamp(6) NOT NULL, "updated_at" timestamp(6) NOT NULL, CONSTRAINT "fk_rails_fe61b6a893"
FOREIGN KEY ("user_id")
  REFERENCES "users" ("id")
, CONSTRAINT "fk_rails_59acb6e327"
FOREIGN KEY ("skill_id")
  REFERENCES "skills" ("id")
) /*application='Backend'*/[0m
  [1m[35m (5.8ms)[0m  [1m[35mCREATE INDEX "index_user_skills_on_user_id" ON "user_skills" ("user_id") /*application='Backend'*/[0m
  [1m[35m (5.9ms)[0m  [1m[35mCREATE INDEX "index_user_skills_on_skill_id" ON "user_skills" ("skill_id") /*application='Backend'*/[0m
  [1m[35m (6.2ms)[0m  [1m[35mCREATE UNIQUE INDEX "index_user_skills_on_user_id_and_skill_id" ON "user_skills" ("user_id", "skill_id") /*application='Backend'*/[0m
  [1m[35m (13.2ms)[0m  [1m[35mCREATE TABLE "portfolio_links" ("id" uuid DEFAULT gen_random_uuid() NOT NULL PRIMARY KEY, "user_id" uuid NOT NULL, "link_type" integer NOT NULL, "url" character varying NOT NULL, "title" character varying, "created_at" timestamp(6) NOT NULL, "updated_at" timestamp(6) NOT NULL, CONSTRAINT "fk_rails_0fec4c7b7c"
FOREIGN KEY ("user_id")
  REFERENCES "users" ("id")
) /*application='Backend'*/[0m
  [1m[35m (6.2ms)[0m  [1m[35mCREATE INDEX "index_portfolio_links_on_user_id" ON "portfolio_links" ("user_id") /*application='Backend'*/[0m
  [1m[35m (6.5ms)[0m  [1m[35mCREATE INDEX "index_portfolio_links_on_user_id_and_link_type" ON "portfolio_links" ("user_id", "link_type") /*application='Backend'*/[0m
  [1m[35m (13.7ms)[0m  [1m[35mCREATE TABLE "projects" ("id" uuid DEFAULT gen_random_uuid() NOT NULL PRIMARY KEY, "user_id" uuid NOT NULL, "title" character varying NOT NULL, "description" text, "category" integer DEFAULT 0 NOT NULL, "team_size" integer, "looking_for" integer DEFAULT 0 NOT NULL, "github_url" character varying, "live_demo_url" character varying, "created_at" timestamp(6) NOT NULL, "updated_at" timestamp(6) NOT NULL, CONSTRAINT "fk_rails_b872a6760a"
FOREIGN KEY ("user_id")
  REFERENCES "users" ("id")
) /*application='Backend'*/[0m
  [1m[35m (6.6ms)[0m  [1m[35mCREATE INDEX "index_projects_on_user_id" ON "projects" ("user_id") /*application='Backend'*/[0m
  [1m[35m (5.9ms)[0m  [1m[35mCREATE INDEX "index_projects_on_category" ON "projects" ("category") /*application='Backend'*/[0m
  [1m[35m (6.6ms)[0m  [1m[35mCREATE INDEX "index_projects_on_created_at" ON "projects" ("created_at") /*application='Backend'*/[0m
  [1m[36mActiveRecord::SchemaMigration Create (3.4ms)[0m  [1m[32mINSERT INTO "schema_migrations" ("version") VALUES ('20260910080518') RETURNING "version" /*application='Backend'*/[0m
  [1m[36mTRANSACTION (3.4ms)[0m  [1m[35mCOMMIT /*application='Backend'*/[0m
  [1m[35m (1.4ms)[0m  [1m[34mSELECT pg_advisory_unlock(7824488612134783575) /*application='Backend'*/[0m
  [1m[36mActiveRecord::SchemaMigration Load (0.7ms)[0m  [1m[34mSELECT "schema_migrations"."version" FROM "schema_migrations" ORDER BY "schema_migrations"."version" ASC /*application='Backend'*/[0m
  [1m[35mSQL (0.3ms)[0m  [1m[35mSET search_path TO public /*application='Backend'*/[0m
  [1m[35mSQL (0.4ms)[0m  [1m[35mSET search_path TO "$user", public /*application='Backend'*/[0m
  [1m[35mSQL (0.4ms)[0m  [1m[35mSET search_path TO public /*application='Backend'*/[0m
  [1m[35mSQL (0.4ms)[0m  [1m[35mSET search_path TO "$user", public /*application='Backend'*/[0m
Using vips to process variants requires the libvips library. Please install libvips using the instructions on the libvips website.
Using vips to process variants requires the libvips library. Please install libvips using the instructions on the libvips website.
Using vips to process variants requires the libvips library. Please install libvips using the instructions on the libvips website.
  [1m[35m (45.1ms)[0m  [1m[35mSHOW search_path /*application='Backend'*/[0m
Using vips to process variants requires the libvips library. Please install libvips using the instructions on the libvips website.
Using vips to process variants requires the libvips library. Please install libvips using the instructions on the libvips website.
  [1m[35m (45.8ms)[0m  [1m[34mSELECT inet_server_addr(), inet_server_port(), version() /*application='Backend'*/[0m
Using vips to process variants requires the libvips library. Please install libvips using the instructions on the libvips website.
  [1m[35m (155.3ms)[0m  [1m[34mSELECT version() /*application='Backend'*/[0m
Using vips to process variants requires the libvips library. Please install libvips using the instructions on the libvips website.
  [1m[35mSQL (0.6ms)[0m  [1m[35mSET search_path TO public /*application='Backend'*/[0m
  [1m[35m (201.4ms)[0m  [1m[35mDROP DATABASE IF EXISTS "student_hub_development" /*application='Backend'*/[0m
  [1m[35mSQL (0.5ms)[0m  [1m[35mSET search_path TO public /*application='Backend'*/[0m
  [1m[35m (45.3ms)[0m  [1m[35mDROP DATABASE IF EXISTS "student_hub_test" /*application='Backend'*/[0m
  [1m[35mSQL (0.5ms)[0m  [1m[35mSET search_path TO public /*application='Backend'*/[0m
  [1m[35m (578.9ms)[0m  [1m[35mCREATE DATABASE "student_hub_development" ENCODING = 'unicode' /*application='Backend'*/[0m
  [1m[35mSQL (0.6ms)[0m  [1m[35mSET search_path TO public /*application='Backend'*/[0m
  [1m[35m (123.7ms)[0m  [1m[35mCREATE DATABASE "student_hub_test" ENCODING = 'unicode' /*application='Backend'*/[0m
  [1m[35mSQL (1.0ms)[0m  [1m[35mCREATE EXTENSION IF NOT EXISTS "plpgsql" SCHEMA pg_catalog /*application='Backend'*/[0m
  [1m[35mSQL (20.8ms)[0m  [1m[35mCREATE EXTENSION IF NOT EXISTS "pgcrypto" /*application='Backend'*/[0m
  [1m[35m (0.6ms)[0m  [1m[35mDROP TABLE IF EXISTS "interests" CASCADE /*application='Backend'*/[0m
  [1m[35m (18.8ms)[0m  [1m[35mCREATE TABLE "interests" ("id" uuid DEFAULT gen_random_uuid() NOT NULL PRIMARY KEY, "created_at" timestamp(6) NOT NULL, "is_custom" boolean DEFAULT FALSE NOT NULL, "name" character varying NOT NULL, "updated_at" timestamp(6) NOT NULL) /*application='Backend'*/[0m
  [1m[35m (6.3ms)[0m  [1m[35mCREATE UNIQUE INDEX "index_interests_on_lower_name" ON "interests" (lower((name)::text)) /*application='Backend'*/[0m
  [1m[35m (1.1ms)[0m  [1m[35mDROP TABLE IF EXISTS "portfolio_links" CASCADE /*application='Backend'*/[0m
  [1m[35m (6.3ms)[0m  [1m[35mCREATE TABLE "portfolio_links" ("id" uuid DEFAULT gen_random_uuid() NOT NULL PRIMARY KEY, "created_at" timestamp(6) NOT NULL, "link_type" integer NOT NULL, "title" character varying, "updated_at" timestamp(6) NOT NULL, "url" character varying NOT NULL, "user_id" uuid NOT NULL) /*application='Backend'*/[0m
  [1m[35m (4.2ms)[0m  [1m[35mCREATE INDEX "index_portfolio_links_on_user_id_and_link_type" ON "portfolio_links" ("user_id", "link_type") /*application='Backend'*/[0m
  [1m[35m (3.7ms)[0m  [1m[35mCREATE INDEX "index_portfolio_links_on_user_id" ON "portfolio_links" ("user_id") /*application='Backend'*/[0m
  [1m[35m (1.2ms)[0m  [1m[35mDROP TABLE IF EXISTS "profiles" CASCADE /*application='Backend'*/[0m
  [1m[35m (6.9ms)[0m  [1m[35mCREATE TABLE "profiles" ("id" uuid DEFAULT gen_random_uuid() NOT NULL PRIMARY KEY, "bio" text, "birthdate" date, "created_at" timestamp(6) NOT NULL, "looking_for" integer DEFAULT 0 NOT NULL, "major" character varying, "name" character varying, "profile_visibility" integer DEFAULT 0 NOT NULL, "show_on_explore" boolean DEFAULT TRUE NOT NULL, "tagline" character varying, "university" character varying, "updated_at" timestamp(6) NOT NULL, "user_id" uuid NOT NULL) /*application='Backend'*/[0m
  [1m[35m (4.6ms)[0m  [1m[35mCREATE INDEX "index_profiles_on_major" ON "profiles" ("major") /*application='Backend'*/[0m
  [1m[35m (4.4ms)[0m  [1m[35mCREATE INDEX "index_profiles_on_university" ON "profiles" ("university") /*application='Backend'*/[0m
  [1m[35m (5.8ms)[0m  [1m[35mCREATE UNIQUE INDEX "index_profiles_on_user_id" ON "profiles" ("user_id") /*application='Backend'*/[0m
  [1m[35m (0.9ms)[0m  [1m[35mDROP TABLE IF EXISTS "projects" CASCADE /*application='Backend'*/[0m
  [1m[35m (4.4ms)[0m  [1m[35mCREATE TABLE "projects" ("id" uuid DEFAULT gen_random_uuid() NOT NULL PRIMARY KEY, "category" integer DEFAULT 0 NOT NULL, "created_at" timestamp(6) NOT NULL, "description" text, "github_url" character varying, "live_demo_url" character varying, "looking_for" integer DEFAULT 0 NOT NULL, "team_size" integer, "title" character varying NOT NULL, "updated_at" timestamp(6) NOT NULL, "user_id" uuid NOT NULL) /*application='Backend'*/[0m
  [1m[35m (2.7ms)[0m  [1m[35mCREATE INDEX "index_projects_on_category" ON "projects" ("category") /*application='Backend'*/[0m
  [1m[35m (2.4ms)[0m  [1m[35mCREATE INDEX "index_projects_on_created_at" ON "projects" ("created_at") /*application='Backend'*/[0m
  [1m[35m (3.0ms)[0m  [1m[35mCREATE INDEX "index_projects_on_user_id" ON "projects" ("user_id") /*application='Backend'*/[0m
  [1m[35m (0.8ms)[0m  [1m[35mDROP TABLE IF EXISTS "skills" CASCADE /*application='Backend'*/[0m
  [1m[35m (4.9ms)[0m  [1m[35mCREATE TABLE "skills" ("id" uuid DEFAULT gen_random_uuid() NOT NULL PRIMARY KEY, "created_at" timestamp(6) NOT NULL, "is_custom" boolean DEFAULT FALSE NOT NULL, "name" character varying NOT NULL, "updated_at" timestamp(6) NOT NULL) /*application='Backend'*/[0m
  [1m[35m (2.8ms)[0m  [1m[35mCREATE UNIQUE INDEX "index_skills_on_lower_name" ON "skills" (lower((name)::text)) /*application='Backend'*/[0m
  [1m[35m (0.7ms)[0m  [1m[35mDROP TABLE IF EXISTS "user_interests" CASCADE /*application='Backend'*/[0m
  [1m[35m (2.9ms)[0m  [1m[35mCREATE TABLE "user_interests" ("id" uuid DEFAULT gen_random_uuid() NOT NULL PRIMARY KEY, "created_at" timestamp(6) NOT NULL, "interest_id" uuid NOT NULL, "updated_at" timestamp(6) NOT NULL, "user_id" uuid NOT NULL) /*application='Backend'*/[0m
  [1m[35m (3.3ms)[0m  [1m[35mCREATE INDEX "index_user_interests_on_interest_id" ON "user_interests" ("interest_id") /*application='Backend'*/[0m
  [1m[35m (2.5ms)[0m  [1m[35mCREATE UNIQUE INDEX "index_user_interests_on_user_id_and_interest_id" ON "user_interests" ("user_id", "interest_id") /*application='Backend'*/[0m
  [1m[35m (2.7ms)[0m  [1m[35mCREATE INDEX "index_user_interests_on_user_id" ON "user_interests" ("user_id") /*application='Backend'*/[0m
  [1m[35m (0.6ms)[0m  [1m[35mDROP TABLE IF EXISTS "user_skills" CASCADE /*application='Backend'*/[0m
  [1m[35m (3.6ms)[0m  [1m[35mCREATE TABLE "user_skills" ("id" uuid DEFAULT gen_random_uuid() NOT NULL PRIMARY KEY, "created_at" timestamp(6) NOT NULL, "skill_id" uuid NOT NULL, "updated_at" timestamp(6) NOT NULL, "user_id" uuid NOT NULL) /*application='Backend'*/[0m
  [1m[35m (2.8ms)[0m  [1m[35mCREATE INDEX "index_user_skills_on_skill_id" ON "user_skills" ("skill_id") /*application='Backend'*/[0m
  [1m[35m (3.5ms)[0m  [1m[35mCREATE UNIQUE INDEX "index_user_skills_on_user_id_and_skill_id" ON "user_skills" ("user_id", "skill_id") /*application='Backend'*/[0m
  [1m[35m (2.8ms)[0m  [1m[35mCREATE INDEX "index_user_skills_on_user_id" ON "user_skills" ("user_id") /*application='Backend'*/[0m
  [1m[35m (0.9ms)[0m  [1m[35mDROP TABLE IF EXISTS "users" CASCADE /*application='Backend'*/[0m
  [1m[35m (5.4ms)[0m  [1m[35mCREATE TABLE "users" ("id" uuid DEFAULT gen_random_uuid() NOT NULL PRIMARY KEY, "created_at" timestamp(6) NOT NULL, "current_sign_in_at" timestamp(6), "current_sign_in_ip" inet, "email" character varying DEFAULT '' NOT NULL, "encrypted_password" character varying DEFAULT '' NOT NULL, "last_sign_in_at" timestamp(6), "last_sign_in_ip" inet, "remember_created_at" timestamp(6), "reset_password_sent_at" timestamp(6), "reset_password_token" character varying, "sign_in_count" integer DEFAULT 0 NOT NULL, "updated_at" timestamp(6) NOT NULL) /*application='Backend'*/[0m
  [1m[35m (3.3ms)[0m  [1m[35mCREATE UNIQUE INDEX "index_users_on_email" ON "users" ("email") /*application='Backend'*/[0m
  [1m[35m (3.4ms)[0m  [1m[35mCREATE UNIQUE INDEX "index_users_on_reset_password_token" ON "users" ("reset_password_token") /*application='Backend'*/[0m
  [1m[35m (5.9ms)[0m  [1m[35mALTER TABLE "portfolio_links" ADD CONSTRAINT "fk_rails_0fec4c7b7c"
FOREIGN KEY ("user_id")
  REFERENCES "users" ("id")
 /*application='Backend'*/[0m
  [1m[35m (3.7ms)[0m  [1m[35mALTER TABLE "profiles" ADD CONSTRAINT "fk_rails_e424190865"
FOREIGN KEY ("user_id")
  REFERENCES "users" ("id")
 /*application='Backend'*/[0m
  [1m[35m (3.5ms)[0m  [1m[35mALTER TABLE "projects" ADD CONSTRAINT "fk_rails_b872a6760a"
FOREIGN KEY ("user_id")
  REFERENCES "users" ("id")
 /*application='Backend'*/[0m
  [1m[35m (3.6ms)[0m  [1m[35mALTER TABLE "user_interests" ADD CONSTRAINT "fk_rails_5630a14e4d"
FOREIGN KEY ("interest_id")
  REFERENCES "interests" ("id")
 /*application='Backend'*/[0m
  [1m[35m (4.8ms)[0m  [1m[35mALTER TABLE "user_interests" ADD CONSTRAINT "fk_rails_ec759c020c"
FOREIGN KEY ("user_id")
  REFERENCES "users" ("id")
 /*application='Backend'*/[0m
  [1m[35m (3.8ms)[0m  [1m[35mALTER TABLE "user_skills" ADD CONSTRAINT "fk_rails_59acb6e327"
FOREIGN KEY ("skill_id")
  REFERENCES "skills" ("id")
 /*application='Backend'*/[0m
  [1m[35m (3.3ms)[0m  [1m[35mALTER TABLE "user_skills" ADD CONSTRAINT "fk_rails_fe61b6a893"
FOREIGN KEY ("user_id")
  REFERENCES "users" ("id")
 /*application='Backend'*/[0m
  [1m[35m (4.0ms)[0m  [1m[35mCREATE TABLE "schema_migrations" ("version" character varying NOT NULL PRIMARY KEY) /*application='Backend'*/[0m
  [1m[36mActiveRecord::SchemaMigration Load (1.4ms)[0m  [1m[34mSELECT "schema_migrations"."version" FROM "schema_migrations" ORDER BY "schema_migrations"."version" ASC /*application='Backend'*/[0m
  [1m[35m (2.4ms)[0m  [1m[32mINSERT INTO "schema_migrations" (version) VALUES (20260910080518) /*application='Backend'*/[0m
  [1m[35m (4.2ms)[0m  [1m[35mCREATE TABLE "ar_internal_metadata" ("key" character varying NOT NULL PRIMARY KEY, "value" character varying, "created_at" timestamp(6) NOT NULL, "updated_at" timestamp(6) NOT NULL) /*application='Backend'*/[0m
  [1m[36mActiveRecord::InternalMetadata Load (2.3ms)[0m  [1m[34mSELECT * FROM "ar_internal_metadata" WHERE "ar_internal_metadata"."key" = 'environment' ORDER BY "ar_internal_metadata"."key" ASC LIMIT 1 /*application='Backend'*/[0m
  [1m[36mActiveRecord::InternalMetadata Create (4.1ms)[0m  [1m[32mINSERT INTO "ar_internal_metadata" ("key", "value", "created_at", "updated_at") VALUES ('environment', 'development', '2026-09-10 10:48:28.348766', '2026-09-10 10:48:28.348779') RETURNING "key" /*application='Backend'*/[0m
  [1m[36mActiveRecord::InternalMetadata Load (0.9ms)[0m  [1m[34mSELECT * FROM "ar_internal_metadata" WHERE "ar_internal_metadata"."key" = 'environment' ORDER BY "ar_internal_metadata"."key" ASC LIMIT 1 /*application='Backend'*/[0m
  [1m[36mActiveRecord::InternalMetadata Load (0.8ms)[0m  [1m[34mSELECT * FROM "ar_internal_metadata" WHERE "ar_internal_metadata"."key" = 'schema_sha1' ORDER BY "ar_internal_metadata"."key" ASC LIMIT 1 /*application='Backend'*/[0m
  [1m[36mActiveRecord::InternalMetadata Create (2.6ms)[0m  [1m[32mINSERT INTO "ar_internal_metadata" ("key", "value", "created_at", "updated_at") VALUES ('schema_sha1', '1dbcf0c547ea04dbd308bb1c90b8907922b5d30b', '2026-09-10 10:48:28.365695', '2026-09-10 10:48:28.365700') RETURNING "key" /*application='Backend'*/[0m
  [1m[35m (0.8ms)[0m  [1m[34mSELECT pg_try_advisory_lock(7824488612134783575) /*application='Backend'*/[0m
  [1m[36mActiveRecord::SchemaMigration Load (0.9ms)[0m  [1m[34mSELECT "schema_migrations"."version" FROM "schema_migrations" ORDER BY "schema_migrations"."version" ASC /*application='Backend'*/[0m
  [1m[36mActiveRecord::InternalMetadata Load (1.1ms)[0m  [1m[34mSELECT * FROM "ar_internal_metadata" WHERE "ar_internal_metadata"."key" = 'environment' ORDER BY "ar_internal_metadata"."key" ASC LIMIT 1 /*application='Backend'*/[0m
  [1m[35m (1.0ms)[0m  [1m[34mSELECT pg_advisory_unlock(7824488612134783575) /*application='Backend'*/[0m
  [1m[36mActiveRecord::SchemaMigration Load (0.7ms)[0m  [1m[34mSELECT "schema_migrations"."version" FROM "schema_migrations" ORDER BY "schema_migrations"."version" ASC /*application='Backend'*/[0m
  [1m[35mSQL (0.5ms)[0m  [1m[35mSET search_path TO public /*application='Backend'*/[0m
  [1m[35mSQL (0.5ms)[0m  [1m[35mSET search_path TO "$user", public /*application='Backend'*/[0m
  [1m[35mSQL (0.3ms)[0m  [1m[35mSET search_path TO public /*application='Backend'*/[0m
  [1m[35mSQL (0.5ms)[0m  [1m[35mSET search_path TO "$user", public /*application='Backend'*/[0m
Using vips to process variants requires the libvips library. Please install libvips using the instructions on the libvips website.
  [1m[35m (41.5ms)[0m  [1m[34mSELECT version() /*application='Backend'*/[0m
Using vips to process variants requires the libvips library. Please install libvips using the instructions on the libvips website.
Using vips to process variants requires the libvips library. Please install libvips using the instructions on the libvips website.
  [1m[36mActiveRecord::SchemaMigration Load (1.2ms)[0m  [1m[34mSELECT "schema_migrations"."version" FROM "schema_migrations" ORDER BY "schema_migrations"."version" ASC /*application='Backend'*/[0m
Using vips to process variants requires the libvips library. Please install libvips using the instructions on the libvips website.
Using vips to process variants requires the libvips library. Please install libvips using the instructions on the libvips website.
Started GET "/up" for ::1 at 2026-09-10 13:56:02 +0300
  [1m[36mActiveRecord::SchemaMigration Load (1.5ms)[0m  [1m[34mSELECT "schema_migrations"."version" FROM "schema_migrations" ORDER BY "schema_migrations"."version" ASC /*application='Backend'*/[0m
Processing by Rails::HealthController#show as */*
  Rendering html template
  Rendered html template (Duration: 0.1ms | GC: 0.0ms)
Completed 200 OK in 39ms (Views: 31.4ms | ActiveRecord: 0.0ms (0 queries, 0 cached) | GC: 0.0ms)


Started GET "/api/v1/health" for ::1 at 2026-09-10 13:56:11 +0300
Processing by Api::V1::HealthController#show as */*
Completed 200 OK in 1ms (Views: 0.3ms | ActiveRecord: 0.0ms (0 queries, 0 cached) | GC: 0.0ms)


Using vips to process variants requires the libvips library. Please install libvips using the instructions on the libvips website.
Using vips to process variants requires the libvips library. Please install libvips using the instructions on the libvips website.
  [1m[36mActiveRecord::SchemaMigration Load (1.6ms)[0m  [1m[34mSELECT "schema_migrations"."version" FROM "schema_migrations" ORDER BY "schema_migrations"."version" ASC /*application='Backend'*/[0m
Using vips to process variants requires the libvips library. Please install libvips using the instructions on the libvips website.
  [1m[35m (42.0ms)[0m  [1m[34mSELECT version() /*application='Backend'*/[0m
Using vips to process variants requires the libvips library. Please install libvips using the instructions on the libvips website.
Started POST "/api/v1/auth/register" for 127.0.0.1 at 2026-09-10 16:14:22 +0300
  [1m[36mActiveRecord::SchemaMigration Load (2.9ms)[0m  [1m[34mSELECT "schema_migrations"."version" FROM "schema_migrations" ORDER BY "schema_migrations"."version" ASC /*application='Backend'*/[0m
  
ActionController::RoutingError (No route matches [POST] "/api/v1/auth/register"):
  
Using vips to process variants requires the libvips library. Please install libvips using the instructions on the libvips website.
Using vips to process variants requires the libvips library. Please install libvips using the instructions on the libvips website.
Using vips to process variants requires the libvips library. Please install libvips using the instructions on the libvips website.
  [1m[35m (183.9ms)[0m  [1m[34mSELECT version() /*application='Backend'*/[0m
Using vips to process variants requires the libvips library. Please install libvips using the instructions on the libvips website.
[ActionDispatch::HostAuthorization::DefaultResponseApp] Blocked hosts: www.example.com
Using vips to process variants requires the libvips library. Please install libvips using the instructions on the libvips website.
Started POST "/api/v1/auth/register" for ::1 at 2026-09-11 13:28:02 +0300
  [1m[36mActiveRecord::SchemaMigration Load (2.3ms)[0m  [1m[34mSELECT "schema_migrations"."version" FROM "schema_migrations" ORDER BY "schema_migrations"."version" ASC /*application='Backend'*/[0m
Processing by Api::V1::Auth::RegistrationsController#create as */*
  Parameters: {"user" => {"email" => "[FILTERED]", "password" => "[FILTERED]", "password_confirmation" => "[FILTERED]"}, "registration" => {"user" => {"email" => "[FILTERED]", "password" => "[FILTERED]", "password_confirmation" => "[FILTERED]"}}}
  [1m[36mTRANSACTION (0.8ms)[0m  [1m[35mBEGIN /*action='create',application='Backend',controller='registrations'*/[0m
  ↳ app/controllers/api/v1/auth/registrations_controller.rb:24:in 'Api::V1::Auth::RegistrationsController#create'
  [1m[36mUser Exists? (11.8ms)[0m  [1m[34mSELECT 1 AS one FROM "users" WHERE "users"."email" = 'curl-test@example.com' LIMIT 1 /*action='create',application='Backend',controller='registrations'*/[0m
  ↳ app/controllers/api/v1/auth/registrations_controller.rb:24:in 'Api::V1::Auth::RegistrationsController#create'
  [1m[36mUser Create (1.9ms)[0m  [1m[32mINSERT INTO "users" ("created_at", "current_sign_in_at", "current_sign_in_ip", "email", "encrypted_password", "last_sign_in_at", "last_sign_in_ip", "remember_created_at", "reset_password_sent_at", "reset_password_token", "sign_in_count", "updated_at") VALUES ('2026-09-11 10:28:02.702783', NULL, NULL, 'curl-test@example.com', '$2a$12$Stq7Xb.0PGNQq9IGCBQSW.AJSvQSPoJUqW80cvnCqNvwI3XYPt2tq', NULL, NULL, NULL, NULL, NULL, 0, '2026-09-11 10:28:02.702783') RETURNING "id" /*action='create',application='Backend',controller='registrations'*/[0m
  ↳ app/controllers/api/v1/auth/registrations_controller.rb:24:in 'Api::V1::Auth::RegistrationsController#create'
  [1m[36mProfile Create (3.8ms)[0m  [1m[32mINSERT INTO "profiles" ("bio", "birthdate", "created_at", "looking_for", "major", "name", "profile_visibility", "show_on_explore", "tagline", "university", "updated_at", "user_id") VALUES (NULL, NULL, '2026-09-11 10:28:02.733388', 0, NULL, NULL, 0, TRUE, NULL, NULL, '2026-09-11 10:28:02.733388', '8e18890b-0905-48a0-9f5a-01aa368e30fe') RETURNING "id" /*action='create',application='Backend',controller='registrations'*/[0m
  ↳ app/models/user.rb:56:in 'User#create_default_profile'
  [1m[36mProfile Load (1.7ms)[0m  [1m[34mSELECT "profiles".* FROM "profiles" WHERE "profiles"."user_id" = '8e18890b-0905-48a0-9f5a-01aa368e30fe' LIMIT 1 /*action='create',application='Backend',controller='registrations'*/[0m
  ↳ app/models/user.rb:56:in 'User#create_default_profile'
  [1m[36mTRANSACTION (2.1ms)[0m  [1m[35mCOMMIT /*action='create',application='Backend',controller='registrations'*/[0m
  ↳ app/controllers/api/v1/auth/registrations_controller.rb:24:in 'Api::V1::Auth::RegistrationsController#create'
rescue_from handled RuntimeError (Could not find a valid mapping for #<User id: "8e18890b-0905-48a0-9f5a-01aa368e30fe", created_at: "2026-09-11 10:28:02.702783000 +0000", email: [FILTERED], updated_at: "2026-09-11 10:28:02.702783000 +0000">) - /home/user/.local/share/mise/installs/ruby/3.4.9/lib/ruby/gems/3.4.0/gems/devise-4.9.4/lib/devise/mapping.rb:46:in 'Devise::Mapping.find_scope!'
Completed 500 Internal Server Error in 463ms (Views: 0.3ms | ActiveRecord: 72.3ms (4 queries, 0 cached) | GC: 0.0ms)


Using vips to process variants requires the libvips library. Please install libvips using the instructions on the libvips website.
Using vips to process variants requires the libvips library. Please install libvips using the instructions on the libvips website.
Using vips to process variants requires the libvips library. Please install libvips using the instructions on the libvips website.
Using vips to process variants requires the libvips library. Please install libvips using the instructions on the libvips website.
Using vips to process variants requires the libvips library. Please install libvips using the instructions on the libvips website.
Using vips to process variants requires the libvips library. Please install libvips using the instructions on the libvips website.
Using vips to process variants requires the libvips library. Please install libvips using the instructions on the libvips website.
Using vips to process variants requires the libvips library. Please install libvips using the instructions on the libvips website.
Using vips to process variants requires the libvips library. Please install libvips using the instructions on the libvips website.
Using vips to process variants requires the libvips library. Please install libvips using the instructions on the libvips website.
Using vips to process variants requires the libvips library. Please install libvips using the instructions on the libvips website.
Using vips to process variants requires the libvips library. Please install libvips using the instructions on the libvips website.
Using vips to process variants requires the libvips library. Please install libvips using the instructions on the libvips website.
Using vips to process variants requires the libvips library. Please install libvips using the instructions on the libvips website.
Using vips to process variants requires the libvips library. Please install libvips using the instructions on the libvips website.
Using vips to process variants requires the libvips library. Please install libvips using the instructions on the libvips website.
Using vips to process variants requires the libvips library. Please install libvips using the instructions on the libvips website.
Using vips to process variants requires the libvips library. Please install libvips using the instructions on the libvips website.
Using vips to process variants requires the libvips library. Please install libvips using the instructions on the libvips website.
Using vips to process variants requires the libvips library. Please install libvips using the instructions on the libvips website.
Using vips to process variants requires the libvips library. Please install libvips using the instructions on the libvips website.
Using vips to process variants requires the libvips library. Please install libvips using the instructions on the libvips website.
Using vips to process variants requires the libvips library. Please install libvips using the instructions on the libvips website.
Using vips to process variants requires the libvips library. Please install libvips using the instructions on the libvips website.
Using vips to process variants requires the libvips library. Please install libvips using the instructions on the libvips website.
Using vips to process variants requires the libvips library. Please install libvips using the instructions on the libvips website.
Started GET "//api/v1/profiles?page=1&per_page=20" for 127.0.0.1 at 2026-09-14 12:31:30 +0300
  [1m[36mActiveRecord::SchemaMigration Load (1.9ms)[0m  [1m[34mSELECT "schema_migrations"."version" FROM "schema_migrations" ORDER BY "schema_migrations"."version" ASC /*application='Backend'*/[0m
  
ActionController::RoutingError (No route matches [GET] "/api/v1/profiles"):
  
Using vips to process variants requires the libvips library. Please install libvips using the instructions on the libvips website.
Using vips to process variants requires the libvips library. Please install libvips using the instructions on the libvips website.
Using vips to process variants requires the libvips library. Please install libvips using the instructions on the libvips website.
Started GET "/api/v1/health" for ::1 at 2026-09-14 13:20:58 +0300
  [1m[36mActiveRecord::SchemaMigration Load (1.3ms)[0m  [1m[34mSELECT "schema_migrations"."version" FROM "schema_migrations" ORDER BY "schema_migrations"."version" ASC /*application='Backend'*/[0m
Processing by Api::V1::HealthController#show as */*
[active_model_serializers] Rendered ActiveModel::Serializer::Null with Hash (0.1ms)
Filter chain halted as :authenticate_user! rendered or redirected
Completed 401 Unauthorized in 10ms (Views: 2.0ms | ActiveRecord: 0.0ms (0 queries, 0 cached) | GC: 0.6ms)


Using vips to process variants requires the libvips library. Please install libvips using the instructions on the libvips website.
Using vips to process variants requires the libvips library. Please install libvips using the instructions on the libvips website.
Started GET "/api/v1/health" for ::1 at 2026-09-14 13:27:07 +0300
  [1m[36mActiveRecord::SchemaMigration Load (0.8ms)[0m  [1m[34mSELECT "schema_migrations"."version" FROM "schema_migrations" ORDER BY "schema_migrations"."version" ASC /*application='Backend'*/[0m
Processing by Api::V1::HealthController#show as */*
[active_model_serializers] Rendered ActiveModel::Serializer::Null with Hash (0.06ms)
Completed 200 OK in 11ms (Views: 6.2ms | ActiveRecord: 0.0ms (0 queries, 0 cached) | GC: 3.2ms)


Using vips to process variants requires the libvips library. Please install libvips using the instructions on the libvips website.
  [1m[35m (2.5ms)[0m  [1m[34mSELECT pg_try_advisory_lock(7824488612134783575) /*application='Backend'*/[0m
  [1m[36mActiveRecord::SchemaMigration Load (4.4ms)[0m  [1m[34mSELECT "schema_migrations"."version" FROM "schema_migrations" ORDER BY "schema_migrations"."version" ASC /*application='Backend'*/[0m
  [1m[36mActiveRecord::InternalMetadata Load (6.9ms)[0m  [1m[34mSELECT * FROM "ar_internal_metadata" WHERE "ar_internal_metadata"."key" = 'environment' ORDER BY "ar_internal_metadata"."key" ASC LIMIT 1 /*application='Backend'*/[0m
Migrating to MoveNameFromProfilesToUsers (20260916210928)
  [1m[36mTRANSACTION (0.9ms)[0m  [1m[35mBEGIN /*application='Backend'*/[0m
  [1m[35m (14.4ms)[0m  [1m[35mALTER TABLE "users" ADD "name" character varying(100) /*application='Backend'*/[0m
  [1m[35m (34.4ms)[0m  [1m[33mUPDATE users
   SET name = profiles.name
  FROM profiles
 WHERE profiles.user_id = users.id
   AND profiles.name IS NOT NULL
 /*application='Backend'*/[0m
  [1m[35m (16.2ms)[0m  [1m[35mALTER TABLE "profiles" DROP COLUMN "name" /*application='Backend'*/[0m
  [1m[36mActiveRecord::SchemaMigration Create (2.4ms)[0m  [1m[32mINSERT INTO "schema_migrations" ("version") VALUES ('20260916210928') RETURNING "version" /*application='Backend'*/[0m
  [1m[36mTRANSACTION (8.1ms)[0m  [1m[35mCOMMIT /*application='Backend'*/[0m
  [1m[35m (2.2ms)[0m  [1m[34mSELECT pg_advisory_unlock(7824488612134783575) /*application='Backend'*/[0m
  [1m[36mActiveRecord::SchemaMigration Load (1.8ms)[0m  [1m[34mSELECT "schema_migrations"."version" FROM "schema_migrations" ORDER BY "schema_migrations"."version" ASC /*application='Backend'*/[0m
  [1m[35mSQL (1.6ms)[0m  [1m[35mSET search_path TO public /*application='Backend'*/[0m
  [1m[35mSQL (1.9ms)[0m  [1m[35mSET search_path TO "$user", public /*application='Backend'*/[0m
  [1m[35mSQL (1.8ms)[0m  [1m[35mSET search_path TO public /*application='Backend'*/[0m
  [1m[35mSQL (0.9ms)[0m  [1m[35mSET search_path TO "$user", public /*application='Backend'*/[0m
Using vips to process variants requires the libvips library. Please install libvips using the instructions on the libvips website.
  [1m[35m (1.0ms)[0m  [1m[34mSELECT pg_try_advisory_lock(7824488612134783575) /*application='Backend'*/[0m
  [1m[36mActiveRecord::SchemaMigration Load (2.2ms)[0m  [1m[34mSELECT "schema_migrations"."version" FROM "schema_migrations" ORDER BY "schema_migrations"."version" ASC /*application='Backend'*/[0m
  [1m[36mActiveRecord::InternalMetadata Load (2.9ms)[0m  [1m[34mSELECT * FROM "ar_internal_metadata" WHERE "ar_internal_metadata"."key" = 'environment' ORDER BY "ar_internal_metadata"."key" ASC LIMIT 1 /*application='Backend'*/[0m
Migrating to AddFieldsToProjects (20260916215357)
  [1m[36mTRANSACTION (1.0ms)[0m  [1m[35mBEGIN /*application='Backend'*/[0m
  [1m[35m (2.9ms)[0m  [1m[35mALTER TABLE "projects" ADD "category" integer DEFAULT 0 NOT NULL /*application='Backend'*/[0m
  [1m[36mTRANSACTION (0.8ms)[0m  [1m[31mROLLBACK /*application='Backend'*/[0m
  [1m[35m (1.0ms)[0m  [1m[34mSELECT pg_advisory_unlock(7824488612134783575) /*application='Backend'*/[0m
Using vips to process variants requires the libvips library. Please install libvips using the instructions on the libvips website.
  [1m[36mActiveRecord::SchemaMigration Load (1.4ms)[0m  [1m[34mSELECT "schema_migrations"."version" FROM "schema_migrations" ORDER BY "schema_migrations"."version" ASC /*application='Backend'*/[0m
Using vips to process variants requires the libvips library. Please install libvips using the instructions on the libvips website.
  [1m[35m (0.6ms)[0m  [1m[34mSELECT pg_try_advisory_lock(7824488612134783575) /*application='Backend'*/[0m
  [1m[36mActiveRecord::SchemaMigration Load (1.2ms)[0m  [1m[34mSELECT "schema_migrations"."version" FROM "schema_migrations" ORDER BY "schema_migrations"."version" ASC /*application='Backend'*/[0m
  [1m[36mActiveRecord::InternalMetadata Load (1.7ms)[0m  [1m[34mSELECT * FROM "ar_internal_metadata" WHERE "ar_internal_metadata"."key" = 'environment' ORDER BY "ar_internal_metadata"."key" ASC LIMIT 1 /*application='Backend'*/[0m
Migrating to CreateProjectSkills (20260916215525)
  [1m[36mTRANSACTION (1.3ms)[0m  [1m[35mBEGIN /*application='Backend'*/[0m
  [1m[35m (21.4ms)[0m  [1m[35mCREATE TABLE "project_skills" ("id" uuid DEFAULT gen_random_uuid() NOT NULL PRIMARY KEY, "project_id" uuid NOT NULL, "skill_id" uuid NOT NULL, "created_at" timestamp(6) NOT NULL, "updated_at" timestamp(6) NOT NULL, CONSTRAINT "fk_rails_60e7a8bfb2"
FOREIGN KEY ("project_id")
  REFERENCES "projects" ("id")
, CONSTRAINT "fk_rails_22ab321f8f"
FOREIGN KEY ("skill_id")
  REFERENCES "skills" ("id")
) /*application='Backend'*/[0m
  [1m[35m (1.7ms)[0m  [1m[35mCREATE INDEX "index_project_skills_on_project_id" ON "project_skills" ("project_id") /*application='Backend'*/[0m
  [1m[35m (1.0ms)[0m  [1m[35mCREATE INDEX "index_project_skills_on_skill_id" ON "project_skills" ("skill_id") /*application='Backend'*/[0m
  [1m[35m (1.3ms)[0m  [1m[35mCREATE UNIQUE INDEX "index_project_skills_on_project_and_skill" ON "project_skills" ("project_id", "skill_id") /*application='Backend'*/[0m
  [1m[36mActiveRecord::SchemaMigration Create (0.9ms)[0m  [1m[32mINSERT INTO "schema_migrations" ("version") VALUES ('20260916215525') RETURNING "version" /*application='Backend'*/[0m
  [1m[36mTRANSACTION (3.3ms)[0m  [1m[35mCOMMIT /*application='Backend'*/[0m
  [1m[35m (0.9ms)[0m  [1m[34mSELECT pg_advisory_unlock(7824488612134783575) /*application='Backend'*/[0m
  [1m[36mActiveRecord::SchemaMigration Load (0.6ms)[0m  [1m[34mSELECT "schema_migrations"."version" FROM "schema_migrations" ORDER BY "schema_migrations"."version" ASC /*application='Backend'*/[0m
  [1m[35mSQL (0.6ms)[0m  [1m[35mSET search_path TO public /*application='Backend'*/[0m
  [1m[35mSQL (0.6ms)[0m  [1m[35mSET search_path TO "$user", public /*application='Backend'*/[0m
  [1m[35mSQL (0.6ms)[0m  [1m[35mSET search_path TO public /*application='Backend'*/[0m
  [1m[35mSQL (0.6ms)[0m  [1m[35mSET search_path TO "$user", public /*application='Backend'*/[0m
Using vips to process variants requires the libvips library. Please install libvips using the instructions on the libvips website.
  [1m[35m (0.6ms)[0m  [1m[34mSELECT pg_try_advisory_lock(7824488612134783575) /*application='Backend'*/[0m
  [1m[36mActiveRecord::SchemaMigration Load (1.0ms)[0m  [1m[34mSELECT "schema_migrations"."version" FROM "schema_migrations" ORDER BY "schema_migrations"."version" ASC /*application='Backend'*/[0m
  [1m[36mActiveRecord::InternalMetadata Load (1.3ms)[0m  [1m[34mSELECT * FROM "ar_internal_metadata" WHERE "ar_internal_metadata"."key" = 'environment' ORDER BY "ar_internal_metadata"."key" ASC LIMIT 1 /*application='Backend'*/[0m
Migrating to AddProjectConstraints (20260916215538)
  [1m[36mTRANSACTION (0.8ms)[0m  [1m[35mBEGIN /*application='Backend'*/[0m
  [1m[35m (2.2ms)[0m  [1m[35mCREATE INDEX "index_projects_on_looking_for" ON "projects" ("looking_for") /*application='Backend'*/[0m
  [1m[35m (1.6ms)[0m  [1m[35mALTER TABLE "projects" ADD CONSTRAINT projects_team_size_range CHECK (team_size IS NULL OR (team_size > 0 AND team_size <= 100)) /*application='Backend'*/[0m
  [1m[36mActiveRecord::SchemaMigration Create (0.7ms)[0m  [1m[32mINSERT INTO "schema_migrations" ("version") VALUES ('20260916215538') RETURNING "version" /*application='Backend'*/[0m
  [1m[36mTRANSACTION (2.1ms)[0m  [1m[35mCOMMIT /*application='Backend'*/[0m
  [1m[35m (0.8ms)[0m  [1m[34mSELECT pg_advisory_unlock(7824488612134783575) /*application='Backend'*/[0m
  [1m[36mActiveRecord::SchemaMigration Load (0.7ms)[0m  [1m[34mSELECT "schema_migrations"."version" FROM "schema_migrations" ORDER BY "schema_migrations"."version" ASC /*application='Backend'*/[0m
  [1m[35mSQL (0.5ms)[0m  [1m[35mSET search_path TO public /*application='Backend'*/[0m
  [1m[35mSQL (1.2ms)[0m  [1m[35mSET search_path TO "$user", public /*application='Backend'*/[0m
  [1m[35mSQL (0.8ms)[0m  [1m[35mSET search_path TO public /*application='Backend'*/[0m
  [1m[35mSQL (0.6ms)[0m  [1m[35mSET search_path TO "$user", public /*application='Backend'*/[0m
Using vips to process variants requires the libvips library. Please install libvips using the instructions on the libvips website.
Using vips to process variants requires the libvips library. Please install libvips using the instructions on the libvips website.
  [1m[35m (0.8ms)[0m  [1m[34mSELECT pg_try_advisory_lock(7824488612134783575) /*application='Backend'*/[0m
  [1m[36mActiveRecord::SchemaMigration Load (1.4ms)[0m  [1m[34mSELECT "schema_migrations"."version" FROM "schema_migrations" ORDER BY "schema_migrations"."version" ASC /*application='Backend'*/[0m
  [1m[36mActiveRecord::InternalMetadata Load (1.5ms)[0m  [1m[34mSELECT * FROM "ar_internal_metadata" WHERE "ar_internal_metadata"."key" = 'environment' ORDER BY "ar_internal_metadata"."key" ASC LIMIT 1 /*application='Backend'*/[0m
  [1m[35m (0.8ms)[0m  [1m[34mSELECT pg_advisory_unlock(7824488612134783575) /*application='Backend'*/[0m
  [1m[36mActiveRecord::SchemaMigration Load (0.8ms)[0m  [1m[34mSELECT "schema_migrations"."version" FROM "schema_migrations" ORDER BY "schema_migrations"."version" ASC /*application='Backend'*/[0m
  [1m[35mSQL (0.8ms)[0m  [1m[35mSET search_path TO public /*application='Backend'*/[0m
  [1m[35mSQL (0.8ms)[0m  [1m[35mSET search_path TO "$user", public /*application='Backend'*/[0m
  [1m[35mSQL (0.7ms)[0m  [1m[35mSET search_path TO public /*application='Backend'*/[0m
  [1m[35mSQL (0.4ms)[0m  [1m[35mSET search_path TO "$user", public /*application='Backend'*/[0m
Using vips to process variants requires the libvips library. Please install libvips using the instructions on the libvips website.
  [1m[35m (0.8ms)[0m  [1m[34mSELECT pg_try_advisory_lock(7824488612134783575) /*application='Backend'*/[0m
  [1m[36mActiveRecord::SchemaMigration Load (1.2ms)[0m  [1m[34mSELECT "schema_migrations"."version" FROM "schema_migrations" ORDER BY "schema_migrations"."version" ASC /*application='Backend'*/[0m
  [1m[36mActiveRecord::InternalMetadata Load (1.1ms)[0m  [1m[34mSELECT * FROM "ar_internal_metadata" WHERE "ar_internal_metadata"."key" = 'environment' ORDER BY "ar_internal_metadata"."key" ASC LIMIT 1 /*application='Backend'*/[0m
  [1m[35m (0.7ms)[0m  [1m[34mSELECT pg_advisory_unlock(7824488612134783575) /*application='Backend'*/[0m
  [1m[36mActiveRecord::SchemaMigration Load (0.6ms)[0m  [1m[34mSELECT "schema_migrations"."version" FROM "schema_migrations" ORDER BY "schema_migrations"."version" ASC /*application='Backend'*/[0m
  [1m[35mSQL (0.5ms)[0m  [1m[35mSET search_path TO public /*application='Backend'*/[0m
  [1m[35mSQL (0.6ms)[0m  [1m[35mSET search_path TO "$user", public /*application='Backend'*/[0m
  [1m[35mSQL (0.6ms)[0m  [1m[35mSET search_path TO public /*application='Backend'*/[0m
  [1m[35mSQL (0.7ms)[0m  [1m[35mSET search_path TO "$user", public /*application='Backend'*/[0m
Using vips to process variants requires the libvips library. Please install libvips using the instructions on the libvips website.
  [1m[36mActiveRecord::SchemaMigration Load (1.4ms)[0m  [1m[34mSELECT "schema_migrations"."version" FROM "schema_migrations" ORDER BY "schema_migrations"."version" ASC /*application='Backend'*/[0m
Using vips to process variants requires the libvips library. Please install libvips using the instructions on the libvips website.
Using vips to process variants requires the libvips library. Please install libvips using the instructions on the libvips website.
Using vips to process variants requires the libvips library. Please install libvips using the instructions on the libvips website.
Using vips to process variants requires the libvips library. Please install libvips using the instructions on the libvips website.
Using vips to process variants requires the libvips library. Please install libvips using the instructions on the libvips website.
Started GET "/api/v1/projects" for ::1 at 2026-09-17 01:32:26 +0300
  [1m[36mActiveRecord::SchemaMigration Load (1.2ms)[0m  [1m[34mSELECT "schema_migrations"."version" FROM "schema_migrations" ORDER BY "schema_migrations"."version" ASC /*application='Backend'*/[0m
Processing by Api::V1::ProjectsController#index as */*
[active_model_serializers] Rendered ActiveModel::Serializer::Null with Hash (0.08ms)
Filter chain halted as :authenticate_user! rendered or redirected
Completed 401 Unauthorized in 11ms (Views: 3.4ms | ActiveRecord: 0.0ms (0 queries, 0 cached) | GC: 3.6ms)


Using vips to process variants requires the libvips library. Please install libvips using the instructions on the libvips website.
Using vips to process variants requires the libvips library. Please install libvips using the instructions on the libvips website.
  [1m[35m (2.0ms)[0m  [1m[34mSELECT pg_try_advisory_lock(7824488612134783575) /*application='Backend'*/[0m
  [1m[36mActiveRecord::SchemaMigration Load (4.0ms)[0m  [1m[34mSELECT "schema_migrations"."version" FROM "schema_migrations" ORDER BY "schema_migrations"."version" ASC /*application='Backend'*/[0m
  [1m[36mActiveRecord::InternalMetadata Load (5.7ms)[0m  [1m[34mSELECT * FROM "ar_internal_metadata" WHERE "ar_internal_metadata"."key" = 'environment' ORDER BY "ar_internal_metadata"."key" ASC LIMIT 1 /*application='Backend'*/[0m
Migrating to CreateConnections (20260917062630)
  [1m[36mTRANSACTION (1.1ms)[0m  [1m[35mBEGIN /*application='Backend'*/[0m
  [1m[35m (117.8ms)[0m  [1m[35mCREATE TABLE "connections" ("id" uuid DEFAULT gen_random_uuid() NOT NULL PRIMARY KEY, "user_id" uuid NOT NULL, "target_user_id" uuid NOT NULL, "status" integer DEFAULT 0 NOT NULL, "created_at" timestamp(6) NOT NULL, "updated_at" timestamp(6) NOT NULL, CONSTRAINT "fk_rails_82c278253d"
FOREIGN KEY ("user_id")
  REFERENCES "users" ("id")
, CONSTRAINT "fk_rails_88cf0276f4"
FOREIGN KEY ("target_user_id")
  REFERENCES "users" ("id")
) /*application='Backend'*/[0m
  [1m[35m (5.5ms)[0m  [1m[35mCREATE INDEX "index_connections_on_user_id" ON "connections" ("user_id") /*application='Backend'*/[0m
  [1m[35m (6.3ms)[0m  [1m[35mCREATE INDEX "index_connections_on_target_user_id" ON "connections" ("target_user_id") /*application='Backend'*/[0m
  [1m[35m (3.4ms)[0m  [1m[35mCREATE UNIQUE INDEX "index_connections_on_user_and_target" ON "connections" ("user_id", "target_user_id") /*application='Backend'*/[0m
  [1m[35m (5.3ms)[0m  [1m[35mCREATE INDEX "index_connections_on_target_and_user" ON "connections" ("target_user_id", "user_id") /*application='Backend'*/[0m
  [1m[35m (5.0ms)[0m  [1m[35mALTER TABLE "connections" ADD CONSTRAINT connections_no_self CHECK (user_id != target_user_id) /*application='Backend'*/[0m
  [1m[36mActiveRecord::SchemaMigration Create (6.2ms)[0m  [1m[32mINSERT INTO "schema_migrations" ("version") VALUES ('20260917062630') RETURNING "version" /*application='Backend'*/[0m
  [1m[36mTRANSACTION (6.7ms)[0m  [1m[35mCOMMIT /*application='Backend'*/[0m
  [1m[35m (3.0ms)[0m  [1m[34mSELECT pg_advisory_unlock(7824488612134783575) /*application='Backend'*/[0m
  [1m[36mActiveRecord::SchemaMigration Load (1.7ms)[0m  [1m[34mSELECT "schema_migrations"."version" FROM "schema_migrations" ORDER BY "schema_migrations"."version" ASC /*application='Backend'*/[0m
  [1m[35mSQL (1.7ms)[0m  [1m[35mSET search_path TO public /*application='Backend'*/[0m
  [1m[35mSQL (1.4ms)[0m  [1m[35mSET search_path TO "$user", public /*application='Backend'*/[0m
  [1m[35mSQL (1.2ms)[0m  [1m[35mSET search_path TO public /*application='Backend'*/[0m
  [1m[35mSQL (1.5ms)[0m  [1m[35mSET search_path TO "$user", public /*application='Backend'*/[0m
Using vips to process variants requires the libvips library. Please install libvips using the instructions on the libvips website.
Using vips to process variants requires the libvips library. Please install libvips using the instructions on the libvips website.
Using vips to process variants requires the libvips library. Please install libvips using the instructions on the libvips website.
Using vips to process variants requires the libvips library. Please install libvips using the instructions on the libvips website.
Using vips to process variants requires the libvips library. Please install libvips using the instructions on the libvips website.
Using vips to process variants requires the libvips library. Please install libvips using the instructions on the libvips website.
Using vips to process variants requires the libvips library. Please install libvips using the instructions on the libvips website.
Using vips to process variants requires the libvips library. Please install libvips using the instructions on the libvips website.
  [1m[35m (1.1ms)[0m  [1m[34mSELECT pg_try_advisory_lock(7824488612134783575) /*application='Backend'*/[0m
  [1m[36mActiveRecord::SchemaMigration Load (1.6ms)[0m  [1m[34mSELECT "schema_migrations"."version" FROM "schema_migrations" ORDER BY "schema_migrations"."version" ASC /*application='Backend'*/[0m
  [1m[36mActiveRecord::InternalMetadata Load (1.8ms)[0m  [1m[34mSELECT * FROM "ar_internal_metadata" WHERE "ar_internal_metadata"."key" = 'environment' ORDER BY "ar_internal_metadata"."key" ASC LIMIT 1 /*application='Backend'*/[0m
Migrating to CreateMatches (20260917070103)
  [1m[36mTRANSACTION (0.9ms)[0m  [1m[35mBEGIN /*application='Backend'*/[0m
  [1m[35m (9.1ms)[0m  [1m[35mCREATE TABLE "matches" ("id" uuid DEFAULT gen_random_uuid() NOT NULL PRIMARY KEY, "user_id" uuid NOT NULL, "matched_user_id" uuid NOT NULL, "created_at" timestamp(6) NOT NULL, "updated_at" timestamp(6) NOT NULL, CONSTRAINT "fk_rails_1766d8a780"
FOREIGN KEY ("user_id")
  REFERENCES "users" ("id")
, CONSTRAINT "fk_rails_a7f324f796"
FOREIGN KEY ("matched_user_id")
  REFERENCES "users" ("id")
) /*application='Backend'*/[0m
  [1m[35m (1.6ms)[0m  [1m[35mCREATE INDEX "index_matches_on_user_id" ON "matches" ("user_id") /*application='Backend'*/[0m
  [1m[35m (1.6ms)[0m  [1m[35mCREATE INDEX "index_matches_on_matched_user_id" ON "matches" ("matched_user_id") /*application='Backend'*/[0m
  [1m[35m (2.2ms)[0m  [1m[35mCREATE UNIQUE INDEX "index_matches_on_user_and_matched_user" ON "matches" ("user_id", "matched_user_id") /*application='Backend'*/[0m
  [1m[35m (1.6ms)[0m  [1m[35mCREATE INDEX "index_matches_on_matched_user_and_user" ON "matches" ("matched_user_id", "user_id") /*application='Backend'*/[0m
  [1m[35m (1.2ms)[0m  [1m[35mALTER TABLE "matches" ADD CONSTRAINT matches_normalized_order CHECK (user_id < matched_user_id) /*application='Backend'*/[0m
  [1m[36mActiveRecord::SchemaMigration Create (1.2ms)[0m  [1m[32mINSERT INTO "schema_migrations" ("version") VALUES ('20260917070103') RETURNING "version" /*application='Backend'*/[0m
  [1m[36mTRANSACTION (10.9ms)[0m  [1m[35mCOMMIT /*application='Backend'*/[0m
  [1m[35m (2.2ms)[0m  [1m[34mSELECT pg_advisory_unlock(7824488612134783575) /*application='Backend'*/[0m
  [1m[36mActiveRecord::SchemaMigration Load (1.7ms)[0m  [1m[34mSELECT "schema_migrations"."version" FROM "schema_migrations" ORDER BY "schema_migrations"."version" ASC /*application='Backend'*/[0m
  [1m[35mSQL (1.6ms)[0m  [1m[35mSET search_path TO public /*application='Backend'*/[0m
  [1m[35mSQL (1.5ms)[0m  [1m[35mSET search_path TO "$user", public /*application='Backend'*/[0m
  [1m[35mSQL (1.4ms)[0m  [1m[35mSET search_path TO public /*application='Backend'*/[0m
  [1m[35mSQL (1.4ms)[0m  [1m[35mSET search_path TO "$user", public /*application='Backend'*/[0m
Using vips to process variants requires the libvips library. Please install libvips using the instructions on the libvips website.
Using vips to process variants requires the libvips library. Please install libvips using the instructions on the libvips website.
Using vips to process variants requires the libvips library. Please install libvips using the instructions on the libvips website.
Using vips to process variants requires the libvips library. Please install libvips using the instructions on the libvips website.
Using vips to process variants requires the libvips library. Please install libvips using the instructions on the libvips website.
  [1m[35m (2.2ms)[0m  [1m[34mSELECT pg_try_advisory_lock(7824488612134783575) /*application='Backend'*/[0m
  [1m[36mActiveRecord::SchemaMigration Load (4.0ms)[0m  [1m[34mSELECT "schema_migrations"."version" FROM "schema_migrations" ORDER BY "schema_migrations"."version" ASC /*application='Backend'*/[0m
  [1m[36mActiveRecord::InternalMetadata Load (8.7ms)[0m  [1m[34mSELECT * FROM "ar_internal_metadata" WHERE "ar_internal_metadata"."key" = 'environment' ORDER BY "ar_internal_metadata"."key" ASC LIMIT 1 /*application='Backend'*/[0m
Migrating to CreateConversationsAndMessages (20260917105218)
  [1m[36mTRANSACTION (1.1ms)[0m  [1m[35mBEGIN /*application='Backend'*/[0m
  [1m[35m (45.8ms)[0m  [1m[35mCREATE TABLE "conversations" ("id" uuid DEFAULT gen_random_uuid() NOT NULL PRIMARY KEY, "match_id" uuid NOT NULL, "last_message_at" timestamp(6), "created_at" timestamp(6) NOT NULL, "updated_at" timestamp(6) NOT NULL, CONSTRAINT "fk_rails_9f8bf5ab93"
FOREIGN KEY ("match_id")
  REFERENCES "matches" ("id")
) /*application='Backend'*/[0m
  [1m[35m (1.9ms)[0m  [1m[35mCREATE UNIQUE INDEX "index_conversations_on_match_id" ON "conversations" ("match_id") /*application='Backend'*/[0m
  [1m[35m (6.5ms)[0m  [1m[35mCREATE TABLE "messages" ("id" uuid DEFAULT gen_random_uuid() NOT NULL PRIMARY KEY, "conversation_id" uuid NOT NULL, "user_id" uuid NOT NULL, "content" text NOT NULL, "read_at" timestamp(6), "created_at" timestamp(6) NOT NULL, "updated_at" timestamp(6) NOT NULL, CONSTRAINT "fk_rails_7f927086d2"
FOREIGN KEY ("conversation_id")
  REFERENCES "conversations" ("id")
, CONSTRAINT "fk_rails_273a25a7a6"
FOREIGN KEY ("user_id")
  REFERENCES "users" ("id")
) /*application='Backend'*/[0m
  [1m[35m (2.0ms)[0m  [1m[35mCREATE INDEX "index_messages_on_conversation_id" ON "messages" ("conversation_id") /*application='Backend'*/[0m
  [1m[35m (1.7ms)[0m  [1m[35mCREATE INDEX "index_messages_on_user_id" ON "messages" ("user_id") /*application='Backend'*/[0m
  [1m[35m (2.1ms)[0m  [1m[35mCREATE INDEX "index_messages_on_conversation_and_created_at" ON "messages" ("conversation_id", "created_at") /*application='Backend'*/[0m
  [1m[35m (2.2ms)[0m  [1m[35mCREATE INDEX "index_messages_on_conversation_and_read_at" ON "messages" ("conversation_id", "read_at") /*application='Backend'*/[0m
  [1m[35m (1.9ms)[0m  [1m[35mCREATE INDEX "index_conversations_on_last_message_at" ON "conversations" ("last_message_at") /*application='Backend'*/[0m
  [1m[36mActiveRecord::SchemaMigration Create (1.1ms)[0m  [1m[32mINSERT INTO "schema_migrations" ("version") VALUES ('20260917105218') RETURNING "version" /*application='Backend'*/[0m
  [1m[36mTRANSACTION (4.8ms)[0m  [1m[35mCOMMIT /*application='Backend'*/[0m
  [1m[35m (1.3ms)[0m  [1m[34mSELECT pg_advisory_unlock(7824488612134783575) /*application='Backend'*/[0m
  [1m[36mActiveRecord::SchemaMigration Load (1.2ms)[0m  [1m[34mSELECT "schema_migrations"."version" FROM "schema_migrations" ORDER BY "schema_migrations"."version" ASC /*application='Backend'*/[0m
  [1m[35mSQL (1.1ms)[0m  [1m[35mSET search_path TO public /*application='Backend'*/[0m
  [1m[35mSQL (1.2ms)[0m  [1m[35mSET search_path TO "$user", public /*application='Backend'*/[0m
  [1m[35mSQL (1.1ms)[0m  [1m[35mSET search_path TO public /*application='Backend'*/[0m
  [1m[35mSQL (0.8ms)[0m  [1m[35mSET search_path TO "$user", public /*application='Backend'*/[0m
Using vips to process variants requires the libvips library. Please install libvips using the instructions on the libvips website.
Using vips to process variants requires the libvips library. Please install libvips using the instructions on the libvips website.
Using vips to process variants requires the libvips library. Please install libvips using the instructions on the libvips website.
  [1m[35m (0.7ms)[0m  [1m[34mSELECT pg_try_advisory_lock(7824488612134783575) /*application='Backend'*/[0m
  [1m[36mActiveRecord::SchemaMigration Load (1.2ms)[0m  [1m[34mSELECT "schema_migrations"."version" FROM "schema_migrations" ORDER BY "schema_migrations"."version" ASC /*application='Backend'*/[0m
  [1m[36mActiveRecord::InternalMetadata Load (1.3ms)[0m  [1m[34mSELECT * FROM "ar_internal_metadata" WHERE "ar_internal_metadata"."key" = 'environment' ORDER BY "ar_internal_metadata"."key" ASC LIMIT 1 /*application='Backend'*/[0m
Migrating to BackfillConversationsForExistingMatches (20260917110635)
  [1m[36mTRANSACTION (0.9ms)[0m  [1m[35mBEGIN /*application='Backend'*/[0m
  [1m[35m (9.4ms)[0m  [1m[32mINSERT INTO conversations (id, match_id, created_at, updated_at)
SELECT gen_random_uuid(), matches.id, NOW(), NOW()
FROM matches
LEFT JOIN conversations ON conversations.match_id = matches.id
WHERE conversations.id IS NULL
 /*application='Backend'*/[0m
  [1m[36mActiveRecord::SchemaMigration Create (0.8ms)[0m  [1m[32mINSERT INTO "schema_migrations" ("version") VALUES ('20260917110635') RETURNING "version" /*application='Backend'*/[0m
  [1m[36mTRANSACTION (2.2ms)[0m  [1m[35mCOMMIT /*application='Backend'*/[0m
  [1m[35m (0.8ms)[0m  [1m[34mSELECT pg_advisory_unlock(7824488612134783575) /*application='Backend'*/[0m
  [1m[36mActiveRecord::SchemaMigration Load (0.7ms)[0m  [1m[34mSELECT "schema_migrations"."version" FROM "schema_migrations" ORDER BY "schema_migrations"."version" ASC /*application='Backend'*/[0m
  [1m[35mSQL (0.6ms)[0m  [1m[35mSET search_path TO public /*application='Backend'*/[0m
  [1m[35mSQL (0.7ms)[0m  [1m[35mSET search_path TO "$user", public /*application='Backend'*/[0m
  [1m[35mSQL (0.8ms)[0m  [1m[35mSET search_path TO public /*application='Backend'*/[0m
  [1m[35mSQL (0.6ms)[0m  [1m[35mSET search_path TO "$user", public /*application='Backend'*/[0m
Using vips to process variants requires the libvips library. Please install libvips using the instructions on the libvips website.
Using vips to process variants requires the libvips library. Please install libvips using the instructions on the libvips website.
Using vips to process variants requires the libvips library. Please install libvips using the instructions on the libvips website.
Using vips to process variants requires the libvips library. Please install libvips using the instructions on the libvips website.
  [1m[36mUser Load (13.4ms)[0m  [1m[34mSELECT "users".* FROM "users" ORDER BY "users"."id" ASC LIMIT 1 /*application='Backend'*/[0m
  [1m[36mUser Load (1.0ms)[0m  [1m[34mSELECT "users".* FROM "users" WHERE "users"."id" != '8e18890b-0905-48a0-9f5a-01aa368e30fe' ORDER BY "users"."id" ASC LIMIT 1 /*application='Backend'*/[0m
  [1m[36mTRANSACTION (1.1ms)[0m  [1m[35mBEGIN /*application='Backend'*/[0m
  [1m[36mUser Exists? (4.5ms)[0m  [1m[34mSELECT 1 AS one FROM "users" WHERE "users"."email" = 'test2@example.com' LIMIT 1 /*application='Backend'*/[0m
  [1m[36mUser Create (1.3ms)[0m  [1m[32mINSERT INTO "users" ("created_at", "current_sign_in_at", "current_sign_in_ip", "email", "encrypted_password", "last_sign_in_at", "last_sign_in_ip", "remember_created_at", "reset_password_sent_at", "reset_password_token", "sign_in_count", "updated_at", "name") VALUES ('2026-09-17 11:18:28.549556', NULL, NULL, 'test2@example.com', '$2a$12$FdM77utaeAwrzZOUdmBYGuu31.9o/PxWcoHva5jbIQTTseX/L413m', NULL, NULL, NULL, NULL, NULL, 0, '2026-09-17 11:18:28.549556', NULL) RETURNING "id" /*application='Backend'*/[0m
  [1m[36mProfile Create (14.7ms)[0m  [1m[32mINSERT INTO "profiles" ("bio", "birthdate", "created_at", "looking_for", "major", "profile_visibility", "show_on_explore", "tagline", "university", "updated_at", "user_id") VALUES (NULL, NULL, '2026-09-17 11:18:28.585984', 0, NULL, 0, TRUE, NULL, NULL, '2026-09-17 11:18:28.585984', '4dc87d4b-2182-4cf2-b5bc-7d4f47152efc') RETURNING "id" /*application='Backend'*/[0m
  ↳ app/models/user.rb:79:in 'User#create_default_profile'
  [1m[36mProfile Load (1.4ms)[0m  [1m[34mSELECT "profiles".* FROM "profiles" WHERE "profiles"."user_id" = '4dc87d4b-2182-4cf2-b5bc-7d4f47152efc' LIMIT 1 /*application='Backend'*/[0m
  ↳ app/models/user.rb:79:in 'User#create_default_profile'
  [1m[36mTRANSACTION (3.3ms)[0m  [1m[35mCOMMIT /*application='Backend'*/[0m
  [1m[36mMatch Load (1.7ms)[0m  [1m[34mSELECT "matches".* FROM "matches" WHERE "matches"."user_id" = '4dc87d4b-2182-4cf2-b5bc-7d4f47152efc' AND "matches"."matched_user_id" = '8e18890b-0905-48a0-9f5a-01aa368e30fe' LIMIT 1 /*application='Backend'*/[0m
  ↳ app/models/match.rb:43:in 'Match.create_between!'
  [1m[36mTRANSACTION (1.0ms)[0m  [1m[35mBEGIN /*application='Backend'*/[0m
  ↳ app/models/match.rb:43:in 'Match.create_between!'
  [1m[36mUser Load (1.4ms)[0m  [1m[34mSELECT "users".* FROM "users" WHERE "users"."id" = '4dc87d4b-2182-4cf2-b5bc-7d4f47152efc' LIMIT 1 /*application='Backend'*/[0m
  ↳ app/models/match.rb:43:in 'Match.create_between!'
  [1m[36mUser Load (1.3ms)[0m  [1m[34mSELECT "users".* FROM "users" WHERE "users"."id" = '8e18890b-0905-48a0-9f5a-01aa368e30fe' LIMIT 1 /*application='Backend'*/[0m
  ↳ app/models/match.rb:43:in 'Match.create_between!'
  [1m[36mMatch Exists? (1.1ms)[0m  [1m[34mSELECT 1 AS one FROM "matches" WHERE "matches"."user_id" = '4dc87d4b-2182-4cf2-b5bc-7d4f47152efc' AND "matches"."matched_user_id" = '8e18890b-0905-48a0-9f5a-01aa368e30fe' LIMIT 1 /*application='Backend'*/[0m
  ↳ app/models/match.rb:43:in 'Match.create_between!'
  [1m[36mMatch Create (1.6ms)[0m  [1m[32mINSERT INTO "matches" ("user_id", "matched_user_id", "created_at", "updated_at") VALUES ('4dc87d4b-2182-4cf2-b5bc-7d4f47152efc', '8e18890b-0905-48a0-9f5a-01aa368e30fe', '2026-09-17 11:18:28.666876', '2026-09-17 11:18:28.666876') RETURNING "id" /*application='Backend'*/[0m
  ↳ app/models/match.rb:43:in 'Match.create_between!'
  [1m[36mConversation Exists? (1.2ms)[0m  [1m[34mSELECT 1 AS one FROM "conversations" WHERE "conversations"."match_id" = 'f404f71e-103c-45ea-a266-19b402041b36' LIMIT 1 /*application='Backend'*/[0m
  ↳ app/models/match.rb:77:in 'Match#create_conversation!'
  [1m[36mConversation Create (2.0ms)[0m  [1m[32mINSERT INTO "conversations" ("match_id", "last_message_at", "created_at", "updated_at") VALUES ('f404f71e-103c-45ea-a266-19b402041b36', NULL, '2026-09-17 11:18:28.699027', '2026-09-17 11:18:28.699027') RETURNING "id" /*application='Backend'*/[0m
  ↳ app/models/match.rb:77:in 'Match#create_conversation!'
  [1m[36mTRANSACTION (2.7ms)[0m  [1m[35mCOMMIT /*application='Backend'*/[0m
  ↳ app/models/match.rb:43:in 'Match.create_between!'
  [1m[36mConversation Eager Load (1.3ms)[0m  [1m[34mSELECT "conversations"."id" AS t0_r0, "conversations"."match_id" AS t0_r1, "conversations"."last_message_at" AS t0_r2, "conversations"."created_at" AS t0_r3, "conversations"."updated_at" AS t0_r4, "matches"."id" AS t1_r0, "matches"."user_id" AS t1_r1, "matches"."matched_user_id" AS t1_r2, "matches"."created_at" AS t1_r3, "matches"."updated_at" AS t1_r4, "messages"."id" AS t2_r0, "messages"."conversation_id" AS t2_r1, "messages"."user_id" AS t2_r2, "messages"."content" AS t2_r3, "messages"."read_at" AS t2_r4, "messages"."created_at" AS t2_r5, "messages"."updated_at" AS t2_r6 FROM "conversations" INNER JOIN "matches" ON "matches"."id" = "conversations"."match_id" LEFT OUTER JOIN "messages" ON "messages"."conversation_id" = "conversations"."id" WHERE (matches.user_id = '8e18890b-0905-48a0-9f5a-01aa368e30fe' OR matches.matched_user_id = '8e18890b-0905-48a0-9f5a-01aa368e30fe') ORDER BY last_message_at DESC NULLS LAST, created_at DESC /*application='Backend'*/[0m
Using vips to process variants requires the libvips library. Please install libvips using the instructions on the libvips website.
  [1m[36mUser Load (1.6ms)[0m  [1m[34mSELECT "users".* FROM "users" ORDER BY "users"."id" ASC LIMIT 1 /*application='Backend'*/[0m
  [1m[36mUser Load (1.1ms)[0m  [1m[34mSELECT "users".* FROM "users" WHERE "users"."id" != '4dc87d4b-2182-4cf2-b5bc-7d4f47152efc' ORDER BY "users"."id" ASC LIMIT 1 /*application='Backend'*/[0m
  [1m[36mMatch Load (1.2ms)[0m  [1m[34mSELECT "matches".* FROM "matches" WHERE "matches"."user_id" = '4dc87d4b-2182-4cf2-b5bc-7d4f47152efc' AND "matches"."matched_user_id" = '8e18890b-0905-48a0-9f5a-01aa368e30fe' LIMIT 1 /*application='Backend'*/[0m
  ↳ app/models/match.rb:43:in 'Match.create_between!'
  [1m[36mConversation Load (1.6ms)[0m  [1m[34mSELECT "conversations".* FROM "conversations" WHERE "conversations"."match_id" = 'f404f71e-103c-45ea-a266-19b402041b36' LIMIT 1 /*application='Backend'*/[0m
  [1m[36mMessage Load (1.5ms)[0m  [1m[34mSELECT "messages".* FROM "messages" WHERE "messages"."conversation_id" = '6b337211-ea23-4951-9006-7b880b8fd383' /*application='Backend'*/[0m
  [1m[36mTRANSACTION (0.7ms)[0m  [1m[35mBEGIN /*application='Backend'*/[0m
  [1m[36mMessage Create (3.9ms)[0m  [1m[32mINSERT INTO "messages" ("conversation_id", "user_id", "content", "read_at", "created_at", "updated_at") VALUES ('6b337211-ea23-4951-9006-7b880b8fd383', '4dc87d4b-2182-4cf2-b5bc-7d4f47152efc', 'Msg 0', NULL, '2026-09-17 11:23:49.983003', '2026-09-17 11:23:49.983003') RETURNING "id" /*application='Backend'*/[0m
  [1m[36mConversation Update (3.4ms)[0m  [1m[33mUPDATE "conversations" SET "last_message_at" = '2026-09-17 11:23:49.983003' WHERE "conversations"."id" = '6b337211-ea23-4951-9006-7b880b8fd383' /*application='Backend'*/[0m
  ↳ app/models/message.rb:31:in 'Message#touch_conversation'
  [1m[36mTRANSACTION (2.4ms)[0m  [1m[35mCOMMIT /*application='Backend'*/[0m
  [1m[36mTRANSACTION (0.7ms)[0m  [1m[35mBEGIN /*application='Backend'*/[0m
  [1m[36mMessage Create (4.3ms)[0m  [1m[32mINSERT INTO "messages" ("conversation_id", "user_id", "content", "read_at", "created_at", "updated_at") VALUES ('6b337211-ea23-4951-9006-7b880b8fd383', '4dc87d4b-2182-4cf2-b5bc-7d4f47152efc', 'Msg 1', NULL, '2026-09-17 11:23:50.000010', '2026-09-17 11:23:50.000010') RETURNING "id" /*application='Backend'*/[0m
  [1m[36mConversation Update (0.9ms)[0m  [1m[33mUPDATE "conversations" SET "last_message_at" = '2026-09-17 11:23:50.000010' WHERE "conversations"."id" = '6b337211-ea23-4951-9006-7b880b8fd383' /*application='Backend'*/[0m
  ↳ app/models/message.rb:31:in 'Message#touch_conversation'
  [1m[36mTRANSACTION (2.6ms)[0m  [1m[35mCOMMIT /*application='Backend'*/[0m
  [1m[36mTRANSACTION (0.6ms)[0m  [1m[35mBEGIN /*application='Backend'*/[0m
  [1m[36mMessage Create (3.5ms)[0m  [1m[32mINSERT INTO "messages" ("conversation_id", "user_id", "content", "read_at", "created_at", "updated_at") VALUES ('6b337211-ea23-4951-9006-7b880b8fd383', '4dc87d4b-2182-4cf2-b5bc-7d4f47152efc', 'Msg 2', NULL, '2026-09-17 11:23:50.014233', '2026-09-17 11:23:50.014233') RETURNING "id" /*application='Backend'*/[0m
  [1m[36mConversation Update (0.9ms)[0m  [1m[33mUPDATE "conversations" SET "last_message_at" = '2026-09-17 11:23:50.014233' WHERE "conversations"."id" = '6b337211-ea23-4951-9006-7b880b8fd383' /*application='Backend'*/[0m
  ↳ app/models/message.rb:31:in 'Message#touch_conversation'
  [1m[36mTRANSACTION (2.3ms)[0m  [1m[35mCOMMIT /*application='Backend'*/[0m
  [1m[36mTRANSACTION (0.6ms)[0m  [1m[35mBEGIN /*application='Backend'*/[0m
  [1m[36mMessage Create (3.4ms)[0m  [1m[32mINSERT INTO "messages" ("conversation_id", "user_id", "content", "read_at", "created_at", "updated_at") VALUES ('6b337211-ea23-4951-9006-7b880b8fd383', '4dc87d4b-2182-4cf2-b5bc-7d4f47152efc', 'Msg 3', NULL, '2026-09-17 11:23:50.027746', '2026-09-17 11:23:50.027746') RETURNING "id" /*application='Backend'*/[0m
  [1m[36mConversation Update (0.7ms)[0m  [1m[33mUPDATE "conversations" SET "last_message_at" = '2026-09-17 11:23:50.027746' WHERE "conversations"."id" = '6b337211-ea23-4951-9006-7b880b8fd383' /*application='Backend'*/[0m
  ↳ app/models/message.rb:31:in 'Message#touch_conversation'
  [1m[36mTRANSACTION (2.0ms)[0m  [1m[35mCOMMIT /*application='Backend'*/[0m
  [1m[36mTRANSACTION (0.9ms)[0m  [1m[35mBEGIN /*application='Backend'*/[0m
  [1m[36mMessage Create (3.7ms)[0m  [1m[32mINSERT INTO "messages" ("conversation_id", "user_id", "content", "read_at", "created_at", "updated_at") VALUES ('6b337211-ea23-4951-9006-7b880b8fd383', '4dc87d4b-2182-4cf2-b5bc-7d4f47152efc', 'Msg 4', NULL, '2026-09-17 11:23:50.039753', '2026-09-17 11:23:50.039753') RETURNING "id" /*application='Backend'*/[0m
  [1m[36mConversation Update (0.8ms)[0m  [1m[33mUPDATE "conversations" SET "last_message_at" = '2026-09-17 11:23:50.039753' WHERE "conversations"."id" = '6b337211-ea23-4951-9006-7b880b8fd383' /*application='Backend'*/[0m
  ↳ app/models/message.rb:31:in 'Message#touch_conversation'
  [1m[36mTRANSACTION (2.5ms)[0m  [1m[35mCOMMIT /*application='Backend'*/[0m
  [1m[36mMessage Count (2.1ms)[0m  [1m[34mSELECT COUNT(*) FROM "messages" WHERE "messages"."conversation_id" = '6b337211-ea23-4951-9006-7b880b8fd383' /*application='Backend'*/[0m
  [1m[36mMessage Load (1.4ms)[0m  [1m[34mSELECT "messages".* FROM "messages" WHERE "messages"."conversation_id" = '6b337211-ea23-4951-9006-7b880b8fd383' ORDER BY "messages"."created_at" DESC, "messages"."id" DESC LIMIT 3 /*application='Backend'*/[0m
  ↳ app/lib/cursor_pagination.rb:30:in 'CursorPagination.paginate'
  [1m[36mUser Load (0.9ms)[0m  [1m[34mSELECT "users".* FROM "users" WHERE "users"."id" = '4dc87d4b-2182-4cf2-b5bc-7d4f47152efc' /*application='Backend'*/[0m
  ↳ app/lib/cursor_pagination.rb:30:in 'CursorPagination.paginate'
  [1m[36mMessage Load (1.3ms)[0m  [1m[34mSELECT "messages".* FROM "messages" WHERE "messages"."conversation_id" = '6b337211-ea23-4951-9006-7b880b8fd383' AND ((messages.created_at, messages.id) < ('2026-09-17 00:00:00'::timestamptz, '23:50.027746Z:afc5d173-6cf5-48ef-bbde-78dcb2c1d40c'::uuid)) ORDER BY "messages"."created_at" DESC, "messages"."id" DESC LIMIT 3 /*application='Backend'*/[0m
  ↳ app/lib/cursor_pagination.rb:30:in 'CursorPagination.paginate'
Using vips to process variants requires the libvips library. Please install libvips using the instructions on the libvips website.
Using vips to process variants requires the libvips library. Please install libvips using the instructions on the libvips website.
Using vips to process variants requires the libvips library. Please install libvips using the instructions on the libvips website.
  [1m[35m (0.7ms)[0m  [1m[34mSELECT pg_try_advisory_lock(7824488612134783575) /*application='Backend'*/[0m
  [1m[36mActiveRecord::SchemaMigration Load (1.1ms)[0m  [1m[34mSELECT "schema_migrations"."version" FROM "schema_migrations" ORDER BY "schema_migrations"."version" ASC /*application='Backend'*/[0m
  [1m[36mActiveRecord::InternalMetadata Load (1.1ms)[0m  [1m[34mSELECT * FROM "ar_internal_metadata" WHERE "ar_internal_metadata"."key" = 'environment' ORDER BY "ar_internal_metadata"."key" ASC LIMIT 1 /*application='Backend'*/[0m
Migrating to CreateUserSettings (20260917114240)
  [1m[36mTRANSACTION (0.5ms)[0m  [1m[35mBEGIN /*application='Backend'*/[0m
  [1m[35m (15.1ms)[0m  [1m[35mCREATE TABLE "user_settings" ("id" uuid DEFAULT gen_random_uuid() NOT NULL PRIMARY KEY, "user_id" uuid NOT NULL, "notify_email" boolean DEFAULT TRUE NOT NULL, "notify_push" boolean DEFAULT TRUE NOT NULL, "notify_matches" boolean DEFAULT TRUE NOT NULL, "notify_messages" boolean DEFAULT TRUE NOT NULL, "notify_project_updates" boolean DEFAULT TRUE NOT NULL, "show_online_status" boolean DEFAULT TRUE NOT NULL, "show_last_active" boolean DEFAULT TRUE NOT NULL, "theme" character varying DEFAULT 'system' NOT NULL, "language" character varying DEFAULT 'en' NOT NULL, "discovery_radius" integer DEFAULT 50 NOT NULL, "created_at" timestamp(6) NOT NULL, "updated_at" timestamp(6) NOT NULL, CONSTRAINT "fk_rails_d1371c6356"
FOREIGN KEY ("user_id")
  REFERENCES "users" ("id")
) /*application='Backend'*/[0m
  [1m[35m (1.1ms)[0m  [1m[35mCREATE UNIQUE INDEX "index_user_settings_on_user_id" ON "user_settings" ("user_id") /*application='Backend'*/[0m
  [1m[35m (1.0ms)[0m  [1m[35mALTER TABLE "user_settings" ADD CONSTRAINT user_settings_discovery_radius_range CHECK (discovery_radius >= 1 AND discovery_radius <= 500) /*application='Backend'*/[0m
  [1m[35m (0.9ms)[0m  [1m[35mALTER TABLE "user_settings" ADD CONSTRAINT user_settings_theme_values CHECK (theme IN ('system', 'light', 'dark')) /*application='Backend'*/[0m
  [1m[36mActiveRecord::SchemaMigration Create (0.6ms)[0m  [1m[32mINSERT INTO "schema_migrations" ("version") VALUES ('20260917114240') RETURNING "version" /*application='Backend'*/[0m
  [1m[36mTRANSACTION (3.3ms)[0m  [1m[35mCOMMIT /*application='Backend'*/[0m
Migrating to BackfillUserSettings (20260917114529)
  [1m[36mTRANSACTION (0.5ms)[0m  [1m[35mBEGIN /*application='Backend'*/[0m
  [1m[35m (4.2ms)[0m  [1m[32mINSERT INTO user_settings (
  id, user_id,
  notify_email, notify_push, notify_matches, notify_messages, notify_project_updates,
  show_online_status, show_last_active,
  theme, language, discovery_radius,
  created_at, updated_at
)
SELECT
  gen_random_uuid(), users.id,
  TRUE, TRUE, TRUE, TRUE, TRUE,
  TRUE, TRUE,
  'system', 'en', 50,
  NOW(), NOW()
FROM users
LEFT JOIN user_settings ON user_settings.user_id = users.id
WHERE user_settings.id IS NULL
 /*application='Backend'*/[0m
  [1m[36mActiveRecord::SchemaMigration Create (1.8ms)[0m  [1m[32mINSERT INTO "schema_migrations" ("version") VALUES ('20260917114529') RETURNING "version" /*application='Backend'*/[0m
  [1m[36mTRANSACTION (2.1ms)[0m  [1m[35mCOMMIT /*application='Backend'*/[0m
  [1m[35m (0.9ms)[0m  [1m[34mSELECT pg_advisory_unlock(7824488612134783575) /*application='Backend'*/[0m
  [1m[36mActiveRecord::SchemaMigration Load (0.7ms)[0m  [1m[34mSELECT "schema_migrations"."version" FROM "schema_migrations" ORDER BY "schema_migrations"."version" ASC /*application='Backend'*/[0m
  [1m[35mSQL (0.6ms)[0m  [1m[35mSET search_path TO public /*application='Backend'*/[0m
  [1m[35mSQL (0.7ms)[0m  [1m[35mSET search_path TO "$user", public /*application='Backend'*/[0m
  [1m[35mSQL (0.6ms)[0m  [1m[35mSET search_path TO public /*application='Backend'*/[0m
  [1m[35mSQL (0.6ms)[0m  [1m[35mSET search_path TO "$user", public /*application='Backend'*/[0m
Using vips to process variants requires the libvips library. Please install libvips using the instructions on the libvips website.
Using vips to process variants requires the libvips library. Please install libvips using the instructions on the libvips website.
Using vips to process variants requires the libvips library. Please install libvips using the instructions on the libvips website.
Using vips to process variants requires the libvips library. Please install libvips using the instructions on the libvips website.
Using vips to process variants requires the libvips library. Please install libvips using the instructions on the libvips website.
  [1m[36mUser Load (1.8ms)[0m  [1m[34mSELECT "users".* FROM "users" ORDER BY "users"."id" ASC LIMIT 1 /*application='Backend'*/[0m
  [1m[36mUserSetting Load (1.2ms)[0m  [1m[34mSELECT "user_settings".* FROM "user_settings" WHERE "user_settings"."user_id" = '4dc87d4b-2182-4cf2-b5bc-7d4f47152efc' LIMIT 1 /*application='Backend'*/[0m
  [1m[36mProfile Load (1.2ms)[0m  [1m[34mSELECT "profiles".* FROM "profiles" WHERE "profiles"."user_id" = '4dc87d4b-2182-4cf2-b5bc-7d4f47152efc' LIMIT 1 /*application='Backend'*/[0m
Using vips to process variants requires the libvips library. Please install libvips using the instructions on the libvips website.
Using vips to process variants requires the libvips library. Please install libvips using the instructions on the libvips website.
Using vips to process variants requires the libvips library. Please install libvips using the instructions on the libvips website.
Started HEAD "/api/v1/health" for ::1 at 2026-09-17 15:38:04 +0300
  [1m[36mActiveRecord::SchemaMigration Load (1.1ms)[0m  [1m[34mSELECT "schema_migrations"."version" FROM "schema_migrations" ORDER BY "schema_migrations"."version" ASC /*application='Backend'*/[0m
Processing by Api::V1::HealthController#show as */*
  [1m[35m (34.5ms)[0m  [1m[34mSELECT 1 /*action='show',application='Backend',controller='health'*/[0m
  ↳ app/controllers/api/v1/health_controller.rb:29:in 'Api::V1::HealthController#database_reachable?'
[active_model_serializers] Rendered ActiveModel::Serializer::Null with Hash (0.08ms)
Completed 200 OK in 43ms (Views: 5.4ms | ActiveRecord: 43.2ms (1 query, 0 cached) | GC: 0.0ms)


Using vips to process variants requires the libvips library. Please install libvips using the instructions on the libvips website.
Using vips to process variants requires the libvips library. Please install libvips using the instructions on the libvips website.
Started POST "/api/v1/auth/login" for ::1 at 2026-09-17 15:45:59 +0300
  [1m[36mActiveRecord::SchemaMigration Load (2.2ms)[0m  [1m[34mSELECT "schema_migrations"."version" FROM "schema_migrations" ORDER BY "schema_migrations"."version" ASC /*application='Backend'*/[0m
Processing by Api::V1::Auth::SessionsController#create as */*
  Parameters: {"user" => {"email" => "[FILTERED]", "password" => "[FILTERED]"}, "session" => {"user" => {"email" => "[FILTERED]", "password" => "[FILTERED]"}}}
  [1m[36mUser Load (2.3ms)[0m  [1m[34mSELECT "users".* FROM "users" WHERE "users"."email" = 'curl-test@example.com' LIMIT 1 /*action='create',application='Backend',controller='sessions'*/[0m
  ↳ app/controllers/api/v1/auth/sessions_controller.rb:12:in 'Api::V1::Auth::SessionsController#create'
  [1m[36mTRANSACTION (0.7ms)[0m  [1m[35mBEGIN /*action='create',application='Backend',controller='sessions'*/[0m
  ↳ app/controllers/api/v1/auth/sessions_controller.rb:15:in 'Api::V1::Auth::SessionsController#create'
  [1m[36mUser Update (4.5ms)[0m  [1m[33mUPDATE "users" SET "current_sign_in_at" = '2026-09-17 12:46:00.022374', "current_sign_in_ip" = '::1/128', "last_sign_in_at" = '2026-09-17 12:46:00.022374', "last_sign_in_ip" = '::1/128', "sign_in_count" = 1, "updated_at" = '2026-09-17 12:46:00.023175' WHERE "users"."id" = '8e18890b-0905-48a0-9f5a-01aa368e30fe' /*action='create',application='Backend',controller='sessions'*/[0m
  ↳ app/controllers/api/v1/auth/sessions_controller.rb:15:in 'Api::V1::Auth::SessionsController#create'
  [1m[36mTRANSACTION (21.7ms)[0m  [1m[35mCOMMIT /*action='create',application='Backend',controller='sessions'*/[0m
  ↳ app/controllers/api/v1/auth/sessions_controller.rb:15:in 'Api::V1::Auth::SessionsController#create'
[active_model_serializers] Rendered ActiveModel::Serializer::Null with Hash (0.13ms)
Completed 200 OK in 349ms (Views: 3.3ms | ActiveRecord: 47.7ms (2 queries, 0 cached) | GC: 3.1ms)


Started GET "/api/v1/profiles" for ::1 at 2026-09-17 15:46:11 +0300
Processing by Api::V1::ProfilesController#index as */*
  [1m[36mUser Load (1.5ms)[0m  [1m[34mSELECT "users".* FROM "users" WHERE "users"."id" = '8e18890b-0905-48a0-9f5a-01aa368e30fe' ORDER BY "users"."id" ASC LIMIT 1 /*action='index',application='Backend',controller='profiles'*/[0m
  ↳ app/controllers/api/v1/application_controller.rb:49:in 'Api::V1::ApplicationController#authenticate_user!'
  [1m[36mProfile Count (4.1ms)[0m  [1m[34mSELECT COUNT(*) FROM "profiles" INNER JOIN "users" ON "users"."id" = "profiles"."user_id" WHERE "profiles"."profile_visibility" = 0 AND "profiles"."show_on_explore" = TRUE AND "profiles"."user_id" != '8e18890b-0905-48a0-9f5a-01aa368e30fe' /*action='index',application='Backend',controller='profiles'*/[0m
  ↳ app/lib/pagination.rb:27:in 'Pagination.paginate'
[active_model_serializers]   [1m[36mProfile Load (2.3ms)[0m  [1m[34mSELECT "profiles".* FROM "profiles" INNER JOIN "users" ON "users"."id" = "profiles"."user_id" WHERE "profiles"."profile_visibility" = 0 AND "profiles"."show_on_explore" = TRUE AND "profiles"."user_id" != '8e18890b-0905-48a0-9f5a-01aa368e30fe' ORDER BY "profiles"."created_at" DESC LIMIT 20 OFFSET 0 /*action='index',application='Backend',controller='profiles'*/[0m
[active_model_serializers]   ↳ app/controllers/api/v1/profiles_controller.rb:25:in 'Api::V1::ProfilesController#index'
[active_model_serializers]   [1m[36mUser Load (0.8ms)[0m  [1m[34mSELECT "users".* FROM "users" WHERE "users"."id" = '4dc87d4b-2182-4cf2-b5bc-7d4f47152efc' /*action='index',application='Backend',controller='profiles'*/[0m
[active_model_serializers]   ↳ app/controllers/api/v1/profiles_controller.rb:25:in 'Api::V1::ProfilesController#index'
[active_model_serializers]   [1m[36mUserInterest Load (12.0ms)[0m  [1m[34mSELECT "user_interests".* FROM "user_interests" WHERE "user_interests"."user_id" = '4dc87d4b-2182-4cf2-b5bc-7d4f47152efc' /*action='index',application='Backend',controller='profiles'*/[0m
[active_model_serializers]   ↳ app/controllers/api/v1/profiles_controller.rb:25:in 'Api::V1::ProfilesController#index'
[active_model_serializers]   [1m[36mUserSkill Load (2.7ms)[0m  [1m[34mSELECT "user_skills".* FROM "user_skills" WHERE "user_skills"."user_id" = '4dc87d4b-2182-4cf2-b5bc-7d4f47152efc' /*action='index',application='Backend',controller='profiles'*/[0m
[active_model_serializers]   ↳ app/controllers/api/v1/profiles_controller.rb:25:in 'Api::V1::ProfilesController#index'
[active_model_serializers]   [1m[36mPortfolioLink Load (2.4ms)[0m  [1m[34mSELECT "portfolio_links".* FROM "portfolio_links" WHERE "portfolio_links"."user_id" = '4dc87d4b-2182-4cf2-b5bc-7d4f47152efc' /*action='index',application='Backend',controller='profiles'*/[0m
[active_model_serializers]   ↳ app/controllers/api/v1/profiles_controller.rb:25:in 'Api::V1::ProfilesController#index'
[active_model_serializers] Rendered ActiveModel::Serializer::CollectionSerializer with ActiveModelSerializers::Adapter::Attributes (2.38ms)
[active_model_serializers] Rendered ActiveModel::Serializer::Null with Hash (0.32ms)
Completed 200 OK in 220ms (Views: 1.4ms | ActiveRecord: 36.5ms (7 queries, 0 cached) | GC: 81.1ms)


user: user
GET /api/v1/profiles
AVOID eager loading detected
  User => [:portfolio_links]
  Remove from your query: .includes([:portfolio_links])
Call stack
  /home/user/student-hub/student-hub-backend/app/controllers/api/v1/profiles_controller.rb:25:in 'Api::V1::ProfilesController#index'


Started GET "/api/v1/projects" for ::1 at 2026-09-17 15:46:11 +0300
Processing by Api::V1::ProjectsController#index as */*
  [1m[36mUser Load (0.9ms)[0m  [1m[34mSELECT "users".* FROM "users" WHERE "users"."id" = '8e18890b-0905-48a0-9f5a-01aa368e30fe' ORDER BY "users"."id" ASC LIMIT 1 /*action='index',application='Backend',controller='projects'*/[0m
  ↳ app/controllers/api/v1/application_controller.rb:49:in 'Api::V1::ApplicationController#authenticate_user!'
  [1m[36mProject Count (5.6ms)[0m  [1m[34mSELECT COUNT(*) FROM "projects" /*action='index',application='Backend',controller='projects'*/[0m
  ↳ app/lib/pagination.rb:27:in 'Pagination.paginate'
[active_model_serializers]   [1m[36mProject Load (0.9ms)[0m  [1m[34mSELECT "projects".* FROM "projects" ORDER BY "projects"."created_at" DESC LIMIT 20 OFFSET 0 /*action='index',application='Backend',controller='projects'*/[0m
[active_model_serializers]   ↳ app/controllers/api/v1/projects_controller.rb:33:in 'Api::V1::ProjectsController#index'
[active_model_serializers] Rendered ActiveModel::Serializer::CollectionSerializer with ActiveModelSerializers::Adapter::Attributes (0.06ms)
[active_model_serializers] Rendered ActiveModel::Serializer::Null with Hash (0.05ms)
Completed 200 OK in 28ms (Views: 0.6ms | ActiveRecord: 9.1ms (3 queries, 0 cached) | GC: 0.5ms)


Started GET "/api/v1/discovery" for ::1 at 2026-09-17 15:46:11 +0300
Processing by Api::V1::DiscoveryController#index as */*
  [1m[36mUser Load (1.2ms)[0m  [1m[34mSELECT "users".* FROM "users" WHERE "users"."id" = '8e18890b-0905-48a0-9f5a-01aa368e30fe' ORDER BY "users"."id" ASC LIMIT 1 /*action='index',application='Backend',controller='discovery'*/[0m
  ↳ app/controllers/api/v1/application_controller.rb:49:in 'Api::V1::ApplicationController#authenticate_user!'
  [1m[36mProfile Count (7.2ms)[0m  [1m[34mSELECT COUNT(*) FROM "profiles" INNER JOIN "users" ON "users"."id" = "profiles"."user_id" WHERE "profiles"."profile_visibility" = 0 AND "profiles"."show_on_explore" = TRUE AND "profiles"."user_id" != '8e18890b-0905-48a0-9f5a-01aa368e30fe' AND "profiles"."user_id" NOT IN (SELECT "connections"."target_user_id" FROM "connections" WHERE "connections"."user_id" = '8e18890b-0905-48a0-9f5a-01aa368e30fe') /*action='index',application='Backend',controller='discovery'*/[0m
  ↳ app/lib/pagination.rb:27:in 'Pagination.paginate'
[active_model_serializers]   [1m[36mProfile Load (2.1ms)[0m  [1m[34mSELECT "profiles".* FROM "profiles" INNER JOIN "users" ON "users"."id" = "profiles"."user_id" WHERE "profiles"."profile_visibility" = 0 AND "profiles"."show_on_explore" = TRUE AND "profiles"."user_id" != '8e18890b-0905-48a0-9f5a-01aa368e30fe' AND "profiles"."user_id" NOT IN (SELECT "connections"."target_user_id" FROM "connections" WHERE "connections"."user_id" = '8e18890b-0905-48a0-9f5a-01aa368e30fe') ORDER BY "profiles"."created_at" DESC LIMIT 20 OFFSET 0 /*action='index',application='Backend',controller='discovery'*/[0m
[active_model_serializers]   ↳ app/controllers/api/v1/discovery_controller.rb:33:in 'Api::V1::DiscoveryController#index'
[active_model_serializers]   [1m[36mUser Load (1.3ms)[0m  [1m[34mSELECT "users".* FROM "users" WHERE "users"."id" = '4dc87d4b-2182-4cf2-b5bc-7d4f47152efc' /*action='index',application='Backend',controller='discovery'*/[0m
[active_model_serializers]   ↳ app/controllers/api/v1/discovery_controller.rb:33:in 'Api::V1::DiscoveryController#index'
[active_model_serializers]   [1m[36mUserInterest Load (1.3ms)[0m  [1m[34mSELECT "user_interests".* FROM "user_interests" WHERE "user_interests"."user_id" = '4dc87d4b-2182-4cf2-b5bc-7d4f47152efc' /*action='index',application='Backend',controller='discovery'*/[0m
[active_model_serializers]   ↳ app/controllers/api/v1/discovery_controller.rb:33:in 'Api::V1::DiscoveryController#index'
[active_model_serializers]   [1m[36mUserSkill Load (1.4ms)[0m  [1m[34mSELECT "user_skills".* FROM "user_skills" WHERE "user_skills"."user_id" = '4dc87d4b-2182-4cf2-b5bc-7d4f47152efc' /*action='index',application='Backend',controller='discovery'*/[0m
[active_model_serializers]   ↳ app/controllers/api/v1/discovery_controller.rb:33:in 'Api::V1::DiscoveryController#index'
[active_model_serializers]   [1m[36mPortfolioLink Load (1.2ms)[0m  [1m[34mSELECT "portfolio_links".* FROM "portfolio_links" WHERE "portfolio_links"."user_id" = '4dc87d4b-2182-4cf2-b5bc-7d4f47152efc' /*action='index',application='Backend',controller='discovery'*/[0m
[active_model_serializers]   ↳ app/controllers/api/v1/discovery_controller.rb:33:in 'Api::V1::DiscoveryController#index'
[active_model_serializers] Rendered ActiveModel::Serializer::CollectionSerializer with ActiveModelSerializers::Adapter::Attributes (2.01ms)
[active_model_serializers] Rendered ActiveModel::Serializer::Null with Hash (0.75ms)
Completed 200 OK in 61ms (Views: 2.0ms | ActiveRecord: 18.2ms (7 queries, 0 cached) | GC: 1.5ms)


user: user
GET /api/v1/discovery
AVOID eager loading detected
  User => [:portfolio_links]
  Remove from your query: .includes([:portfolio_links])
Call stack
  /home/user/student-hub/student-hub-backend/app/controllers/api/v1/discovery_controller.rb:33:in 'Api::V1::DiscoveryController#index'


Started GET "/api/v1/matches" for ::1 at 2026-09-17 15:46:11 +0300
Processing by Api::V1::MatchesController#index as */*
  [1m[36mUser Load (1.4ms)[0m  [1m[34mSELECT "users".* FROM "users" WHERE "users"."id" = '8e18890b-0905-48a0-9f5a-01aa368e30fe' ORDER BY "users"."id" ASC LIMIT 1 /*action='index',application='Backend',controller='matches'*/[0m
  ↳ app/controllers/api/v1/application_controller.rb:49:in 'Api::V1::ApplicationController#authenticate_user!'
  [1m[36mMatch Count (2.0ms)[0m  [1m[34mSELECT COUNT(*) FROM "matches" WHERE (user_id = '8e18890b-0905-48a0-9f5a-01aa368e30fe' OR matched_user_id = '8e18890b-0905-48a0-9f5a-01aa368e30fe') /*action='index',application='Backend',controller='matches'*/[0m
  ↳ app/lib/pagination.rb:27:in 'Pagination.paginate'
[active_model_serializers]   [1m[36mMatch Load (1.9ms)[0m  [1m[34mSELECT "matches".* FROM "matches" WHERE (user_id = '8e18890b-0905-48a0-9f5a-01aa368e30fe' OR matched_user_id = '8e18890b-0905-48a0-9f5a-01aa368e30fe') ORDER BY "matches"."created_at" DESC LIMIT 20 OFFSET 0 /*action='index',application='Backend',controller='matches'*/[0m
[active_model_serializers]   ↳ app/controllers/api/v1/matches_controller.rb:23:in 'Api::V1::MatchesController#index'
[active_model_serializers]   [1m[36mUser Load (1.3ms)[0m  [1m[34mSELECT "users".* FROM "users" WHERE "users"."id" = '4dc87d4b-2182-4cf2-b5bc-7d4f47152efc' /*action='index',application='Backend',controller='matches'*/[0m
[active_model_serializers]   ↳ app/controllers/api/v1/matches_controller.rb:23:in 'Api::V1::MatchesController#index'
[active_model_serializers]   [1m[36mUser Load (1.7ms)[0m  [1m[34mSELECT "users".* FROM "users" WHERE "users"."id" = '8e18890b-0905-48a0-9f5a-01aa368e30fe' /*action='index',application='Backend',controller='matches'*/[0m
[active_model_serializers]   ↳ app/controllers/api/v1/matches_controller.rb:23:in 'Api::V1::MatchesController#index'
[active_model_serializers]   [1m[36mInterest Load (3.6ms)[0m  [1m[34mSELECT "interests".* FROM "interests" INNER JOIN "user_interests" ON "interests"."id" = "user_interests"."interest_id" WHERE "user_interests"."user_id" = '8e18890b-0905-48a0-9f5a-01aa368e30fe' /*action='index',application='Backend',controller='matches'*/[0m
[active_model_serializers]   ↳ app/models/match.rb:57:in 'Match#shared_interests_for'
[active_model_serializers]   [1m[36mInterest Load (1.5ms)[0m  [1m[34mSELECT "interests".* FROM "interests" INNER JOIN "user_interests" ON "interests"."id" = "user_interests"."interest_id" WHERE "user_interests"."user_id" = '4dc87d4b-2182-4cf2-b5bc-7d4f47152efc' /*action='index',application='Backend',controller='matches'*/[0m
[active_model_serializers]   ↳ app/models/match.rb:57:in 'Match#shared_interests_for'
[active_model_serializers]   [1m[36mConversation Load (1.7ms)[0m  [1m[34mSELECT "conversations".* FROM "conversations" WHERE "conversations"."match_id" = 'f404f71e-103c-45ea-a266-19b402041b36' LIMIT 1 /*action='index',application='Backend',controller='matches'*/[0m
[active_model_serializers]   ↳ app/serializers/match_serializer.rb:29:in 'MatchSerializer#last_message'
[active_model_serializers]   [1m[36mMessage Load (1.2ms)[0m  [1m[34mSELECT "messages".* FROM "messages" WHERE "messages"."conversation_id" = '6b337211-ea23-4951-9006-7b880b8fd383' ORDER BY "messages"."created_at" DESC LIMIT 1 /*action='index',application='Backend',controller='matches'*/[0m
[active_model_serializers]   ↳ app/models/conversation.rb:42:in 'Conversation#last_message'
[active_model_serializers]   [1m[36mUser Load (0.9ms)[0m  [1m[34mSELECT "users".* FROM "users" WHERE "users"."id" = '4dc87d4b-2182-4cf2-b5bc-7d4f47152efc' LIMIT 1 /*action='index',application='Backend',controller='matches'*/[0m
[active_model_serializers]   ↳ app/serializers/message_serializer.rb:13:in 'MessageSerializer#sender'
[active_model_serializers] Rendered MessageSerializer with ActiveModelSerializers::Adapter::Attributes (4.38ms)
[active_model_serializers] Rendered ActiveModel::Serializer::CollectionSerializer with ActiveModelSerializers::Adapter::Attributes (67.39ms)
[active_model_serializers] Rendered ActiveModel::Serializer::Null with Hash (0.07ms)
Completed 200 OK in 117ms (Views: 0.6ms | ActiveRecord: 31.7ms (10 queries, 0 cached) | GC: 1.8ms)


user: user
GET /api/v1/matches
AVOID eager loading detected
  Match => [:matched_user]
  Remove from your query: .includes([:matched_user])
Call stack
  /home/user/student-hub/student-hub-backend/app/controllers/api/v1/matches_controller.rb:23:in 'Api::V1::MatchesController#index'


Started GET "/api/v1/conversations" for ::1 at 2026-09-17 15:46:13 +0300
Processing by Api::V1::ConversationsController#index as */*
  [1m[36mUser Load (1.5ms)[0m  [1m[34mSELECT "users".* FROM "users" WHERE "users"."id" = '8e18890b-0905-48a0-9f5a-01aa368e30fe' ORDER BY "users"."id" ASC LIMIT 1 /*action='index',application='Backend',controller='conversations'*/[0m
  ↳ app/controllers/api/v1/application_controller.rb:49:in 'Api::V1::ApplicationController#authenticate_user!'
  [1m[36mConversation Count (2.0ms)[0m  [1m[34mSELECT COUNT(DISTINCT "conversations"."id") FROM "conversations" INNER JOIN "matches" ON "matches"."id" = "conversations"."match_id" LEFT OUTER JOIN "messages" ON "messages"."conversation_id" = "conversations"."id" WHERE (matches.user_id = '8e18890b-0905-48a0-9f5a-01aa368e30fe' OR matches.matched_user_id = '8e18890b-0905-48a0-9f5a-01aa368e30fe') /*action='index',application='Backend',controller='conversations'*/[0m
  ↳ app/lib/pagination.rb:27:in 'Pagination.paginate'
[active_model_serializers]   [1m[35mSQL (2.2ms)[0m  [1m[34mSELECT DISTINCT conversations.last_message_at, conversations.created_at AS alias_0, "conversations"."id" FROM "conversations" INNER JOIN "matches" ON "matches"."id" = "conversations"."match_id" LEFT OUTER JOIN "messages" ON "messages"."conversation_id" = "conversations"."id" WHERE (matches.user_id = '8e18890b-0905-48a0-9f5a-01aa368e30fe' OR matches.matched_user_id = '8e18890b-0905-48a0-9f5a-01aa368e30fe') ORDER BY conversations.last_message_at DESC NULLS LAST, conversations.created_at DESC LIMIT 20 OFFSET 0 /*action='index',application='Backend',controller='conversations'*/[0m
[active_model_serializers]   ↳ app/controllers/api/v1/conversations_controller.rb:32:in 'Api::V1::ConversationsController#index'
[active_model_serializers]   [1m[36mConversation Eager Load (1.9ms)[0m  [1m[34mSELECT "conversations"."id" AS t0_r0, "conversations"."match_id" AS t0_r1, "conversations"."last_message_at" AS t0_r2, "conversations"."created_at" AS t0_r3, "conversations"."updated_at" AS t0_r4, "matches"."id" AS t1_r0, "matches"."user_id" AS t1_r1, "matches"."matched_user_id" AS t1_r2, "matches"."created_at" AS t1_r3, "matches"."updated_at" AS t1_r4, "messages"."id" AS t2_r0, "messages"."conversation_id" AS t2_r1, "messages"."user_id" AS t2_r2, "messages"."content" AS t2_r3, "messages"."read_at" AS t2_r4, "messages"."created_at" AS t2_r5, "messages"."updated_at" AS t2_r6 FROM "conversations" INNER JOIN "matches" ON "matches"."id" = "conversations"."match_id" LEFT OUTER JOIN "messages" ON "messages"."conversation_id" = "conversations"."id" WHERE (matches.user_id = '8e18890b-0905-48a0-9f5a-01aa368e30fe' OR matches.matched_user_id = '8e18890b-0905-48a0-9f5a-01aa368e30fe') AND "conversations"."id" = '6b337211-ea23-4951-9006-7b880b8fd383' ORDER BY conversations.last_message_at DESC NULLS LAST, conversations.created_at DESC /*action='index',application='Backend',controller='conversations'*/[0m
[active_model_serializers]   ↳ app/controllers/api/v1/conversations_controller.rb:32:in 'Api::V1::ConversationsController#index'
[active_model_serializers]   [1m[36mUser Load (1.3ms)[0m  [1m[34mSELECT "users".* FROM "users" WHERE "users"."id" = '4dc87d4b-2182-4cf2-b5bc-7d4f47152efc' LIMIT 1 /*action='index',application='Backend',controller='conversations'*/[0m
[active_model_serializers]   ↳ app/models/match.rb:53:in 'Match#other_user_for'
[active_model_serializers]   [1m[36mMessage Load (1.2ms)[0m  [1m[34mSELECT "messages".* FROM "messages" WHERE "messages"."conversation_id" = '6b337211-ea23-4951-9006-7b880b8fd383' ORDER BY "messages"."created_at" DESC LIMIT 1 /*action='index',application='Backend',controller='conversations'*/[0m
[active_model_serializers]   ↳ app/models/conversation.rb:42:in 'Conversation#last_message'
[active_model_serializers]   [1m[36mCACHE User Load (0.0ms)[0m  [1m[34mSELECT "users".* FROM "users" WHERE "users"."id" = '4dc87d4b-2182-4cf2-b5bc-7d4f47152efc' LIMIT 1[0m
[active_model_serializers]   ↳ app/serializers/message_serializer.rb:13:in 'MessageSerializer#sender'
[active_model_serializers] Rendered MessageSerializer with ActiveModelSerializers::Adapter::Attributes (3.3ms)
[active_model_serializers]   [1m[36mMessage Count (1.2ms)[0m  [1m[34mSELECT COUNT(*) FROM "messages" WHERE "messages"."conversation_id" = '6b337211-ea23-4951-9006-7b880b8fd383' AND "messages"."user_id" != '8e18890b-0905-48a0-9f5a-01aa368e30fe' AND "messages"."read_at" IS NULL /*action='index',application='Backend',controller='conversations'*/[0m
[active_model_serializers]   ↳ app/models/conversation.rb:48:in 'Conversation#unread_count_for'
[active_model_serializers] Rendered ActiveModel::Serializer::CollectionSerializer with ActiveModelSerializers::Adapter::Attributes (17.86ms)
[active_model_serializers] Rendered ActiveModel::Serializer::Null with Hash (0.11ms)
Completed 200 OK in 46ms (Views: 0.8ms | ActiveRecord: 11.2ms (8 queries, 1 cached) | GC: 0.0ms)


Using vips to process variants requires the libvips library. Please install libvips using the instructions on the libvips website.
Started GET "/api/v1/auth/me" for ::1 at 2026-09-18 04:39:18 +0300
  [1m[36mActiveRecord::SchemaMigration Load (1.7ms)[0m  [1m[34mSELECT "schema_migrations"."version" FROM "schema_migrations" ORDER BY "schema_migrations"."version" ASC /*application='Backend'*/[0m
Processing by Api::V1::Auth::SessionsController#show as JSON
[active_model_serializers] Rendered ActiveModel::Serializer::Null with Hash (0.14ms)
Filter chain halted as :authenticate_user! rendered or redirected
Completed 401 Unauthorized in 9ms (Views: 2.2ms | ActiveRecord: 0.0ms (0 queries, 0 cached) | GC: 0.0ms)


Started GET "/api/v1/auth/me" for ::1 at 2026-09-18 04:39:18 +0300
Processing by Api::V1::Auth::SessionsController#show as JSON
[active_model_serializers] Rendered ActiveModel::Serializer::Null with Hash (0.05ms)
Filter chain halted as :authenticate_user! rendered or redirected
Completed 401 Unauthorized in 3ms (Views: 0.6ms | ActiveRecord: 0.0ms (0 queries, 0 cached) | GC: 0.0ms)


Started POST "/api/v1/auth/register" for ::1 at 2026-09-18 04:39:54 +0300
Processing by Api::V1::Auth::RegistrationsController#create as JSON
  Parameters: {"user" => {"email" => "[FILTERED]", "password" => "[FILTERED]", "password_confirmation" => "[FILTERED]"}, "registration" => {"user" => {"email" => "[FILTERED]", "password" => "[FILTERED]", "password_confirmation" => "[FILTERED]"}}}
  [1m[36mTRANSACTION (0.9ms)[0m  [1m[35mBEGIN /*action='create',application='Backend',controller='registrations'*/[0m
  ↳ app/controllers/api/v1/auth/registrations_controller.rb:25:in 'Api::V1::Auth::RegistrationsController#create'
  [1m[36mUser Exists? (5.2ms)[0m  [1m[34mSELECT 1 AS one FROM "users" WHERE "users"."email" = 'ragadabdelwahab81@gmail.com' LIMIT 1 /*action='create',application='Backend',controller='registrations'*/[0m
  ↳ app/controllers/api/v1/auth/registrations_controller.rb:25:in 'Api::V1::Auth::RegistrationsController#create'
  [1m[36mUser Create (3.6ms)[0m  [1m[32mINSERT INTO "users" ("created_at", "current_sign_in_at", "current_sign_in_ip", "email", "encrypted_password", "last_sign_in_at", "last_sign_in_ip", "remember_created_at", "reset_password_sent_at", "reset_password_token", "sign_in_count", "updated_at", "name") VALUES ('2026-09-18 01:39:54.592206', NULL, NULL, 'ragadabdelwahab81@gmail.com', '$2a$12$S0OGPI79UJKVA8NX2JetC.a3z9TecPfS/Op4nZZcJUUOHslXRwJCS', NULL, NULL, NULL, NULL, NULL, 0, '2026-09-18 01:39:54.592206', NULL) RETURNING "id" /*action='create',application='Backend',controller='registrations'*/[0m
  ↳ app/controllers/api/v1/auth/registrations_controller.rb:25:in 'Api::V1::Auth::RegistrationsController#create'
  [1m[36mProfile Create (1.8ms)[0m  [1m[32mINSERT INTO "profiles" ("bio", "birthdate", "created_at", "looking_for", "major", "profile_visibility", "show_on_explore", "tagline", "university", "updated_at", "user_id") VALUES (NULL, NULL, '2026-09-18 01:39:54.621418', 0, NULL, 0, TRUE, NULL, NULL, '2026-09-18 01:39:54.621418', 'c4b38885-f504-4898-906b-24941fabb892') RETURNING "id" /*action='create',application='Backend',controller='registrations'*/[0m
  ↳ app/models/user.rb:82:in 'User#create_default_profile'
  [1m[36mProfile Load (1.1ms)[0m  [1m[34mSELECT "profiles".* FROM "profiles" WHERE "profiles"."user_id" = 'c4b38885-f504-4898-906b-24941fabb892' LIMIT 1 /*action='create',application='Backend',controller='registrations'*/[0m
  ↳ app/models/user.rb:82:in 'User#create_default_profile'
  [1m[36mUserSetting Create (2.0ms)[0m  [1m[32mINSERT INTO "user_settings" ("user_id", "notify_email", "notify_push", "notify_matches", "notify_messages", "notify_project_updates", "show_online_status", "show_last_active", "theme", "language", "discovery_radius", "created_at", "updated_at") VALUES ('c4b38885-f504-4898-906b-24941fabb892', TRUE, TRUE, TRUE, TRUE, TRUE, TRUE, TRUE, 'system', 'en', 50, '2026-09-18 01:39:54.649099', '2026-09-18 01:39:54.649099') RETURNING "id" /*action='create',application='Backend',controller='registrations'*/[0m
  ↳ app/models/user.rb:86:in 'User#create_default_settings'
  [1m[36mUserSetting Load (1.3ms)[0m  [1m[34mSELECT "user_settings".* FROM "user_settings" WHERE "user_settings"."user_id" = 'c4b38885-f504-4898-906b-24941fabb892' LIMIT 1 /*action='create',application='Backend',controller='registrations'*/[0m
  ↳ app/models/user.rb:86:in 'User#create_default_settings'
  [1m[36mTRANSACTION (3.7ms)[0m  [1m[35mCOMMIT /*action='create',application='Backend',controller='registrations'*/[0m
  ↳ app/controllers/api/v1/auth/registrations_controller.rb:25:in 'Api::V1::Auth::RegistrationsController#create'
  [1m[36mTRANSACTION (1.0ms)[0m  [1m[35mBEGIN /*action='create',application='Backend',controller='registrations'*/[0m
  ↳ app/controllers/api/v1/auth/registrations_controller.rb:27:in 'Api::V1::Auth::RegistrationsController#create'
  [1m[36mUser Update (6.7ms)[0m  [1m[33mUPDATE "users" SET "current_sign_in_at" = '2026-09-18 01:39:54.666165', "current_sign_in_ip" = '::1/128', "last_sign_in_at" = '2026-09-18 01:39:54.666165', "last_sign_in_ip" = '::1/128', "sign_in_count" = 1, "updated_at" = '2026-09-18 01:39:54.666687' WHERE "users"."id" = 'c4b38885-f504-4898-906b-24941fabb892' /*action='create',application='Backend',controller='registrations'*/[0m
  ↳ app/controllers/api/v1/auth/registrations_controller.rb:27:in 'Api::V1::Auth::RegistrationsController#create'
  [1m[36mTRANSACTION (2.2ms)[0m  [1m[35mCOMMIT /*action='create',application='Backend',controller='registrations'*/[0m
  ↳ app/controllers/api/v1/auth/registrations_controller.rb:27:in 'Api::V1::Auth::RegistrationsController#create'
[active_model_serializers] Rendered ActiveModel::Serializer::Null with Hash (0.07ms)
Completed 201 Created in 446ms (Views: 1.0ms | ActiveRecord: 55.8ms (7 queries, 0 cached) | GC: 0.0ms)


Started GET "/api/v1/auth/me" for ::1 at 2026-09-18 04:39:54 +0300
Processing by Api::V1::Auth::SessionsController#show as JSON
  [1m[36mUser Load (1.6ms)[0m  [1m[34mSELECT "users".* FROM "users" WHERE "users"."id" = 'c4b38885-f504-4898-906b-24941fabb892' ORDER BY "users"."id" ASC LIMIT 1 /*action='show',application='Backend',controller='sessions'*/[0m
  ↳ app/controllers/api/v1/application_controller.rb:49:in 'Api::V1::ApplicationController#authenticate_user!'
  [1m[36mProfile Load (1.0ms)[0m  [1m[34mSELECT "profiles".* FROM "profiles" WHERE "profiles"."user_id" = 'c4b38885-f504-4898-906b-24941fabb892' LIMIT 1 /*action='show',application='Backend',controller='sessions'*/[0m
  ↳ app/controllers/api/v1/auth/sessions_controller.rb:67:in 'Api::V1::Auth::SessionsController#user_payload'
[active_model_serializers] Rendered ActiveModel::Serializer::Null with Hash (0.15ms)
Completed 200 OK in 16ms (Views: 0.9ms | ActiveRecord: 2.5ms (2 queries, 0 cached) | GC: 0.0ms)


Started GET "/api/v1/health" for ::1 at 2026-09-18 04:39:54 +0300
Processing by Api::V1::HealthController#show as JSON
  [1m[35m (1.4ms)[0m  [1m[34mSELECT 1 /*action='show',application='Backend',controller='health'*/[0m
  ↳ app/controllers/api/v1/health_controller.rb:29:in 'Api::V1::HealthController#database_reachable?'
  [1m[36mUser Load (0.9ms)[0m  [1m[34mSELECT "users".* FROM "users" WHERE "users"."id" = 'c4b38885-f504-4898-906b-24941fabb892' ORDER BY "users"."id" ASC LIMIT 1 /*action='show',application='Backend',controller='health'*/[0m
  ↳ app/controllers/api/v1/health_controller.rb:17:in 'Api::V1::HealthController#show'
[active_model_serializers] Rendered ActiveModel::Serializer::Null with Hash (0.05ms)
Completed 200 OK in 11ms (Views: 5.7ms | ActiveRecord: 2.3ms (2 queries, 0 cached) | GC: 0.0ms)


Started GET "/api/v1/health" for ::1 at 2026-09-18 04:39:54 +0300
Processing by Api::V1::HealthController#show as JSON
  [1m[35m (1.4ms)[0m  [1m[34mSELECT 1 /*action='show',application='Backend',controller='health'*/[0m
  ↳ app/controllers/api/v1/health_controller.rb:29:in 'Api::V1::HealthController#database_reachable?'
  [1m[36mUser Load (1.3ms)[0m  [1m[34mSELECT "users".* FROM "users" WHERE "users"."id" = 'c4b38885-f504-4898-906b-24941fabb892' ORDER BY "users"."id" ASC LIMIT 1 /*action='show',application='Backend',controller='health'*/[0m
  ↳ app/controllers/api/v1/health_controller.rb:17:in 'Api::V1::HealthController#show'
[active_model_serializers] Rendered ActiveModel::Serializer::Null with Hash (0.09ms)
Completed 200 OK in 15ms (Views: 7.3ms | ActiveRecord: 2.7ms (2 queries, 0 cached) | GC: 0.0ms)


Started GET "/api/v1/auth/me" for ::1 at 2026-09-18 04:41:22 +0300
Processing by Api::V1::Auth::SessionsController#show as JSON
  [1m[36mUser Load (1.3ms)[0m  [1m[34mSELECT "users".* FROM "users" WHERE "users"."id" = 'c4b38885-f504-4898-906b-24941fabb892' ORDER BY "users"."id" ASC LIMIT 1 /*action='show',application='Backend',controller='sessions'*/[0m
  ↳ app/controllers/api/v1/application_controller.rb:49:in 'Api::V1::ApplicationController#authenticate_user!'
  [1m[36mProfile Load (1.2ms)[0m  [1m[34mSELECT "profiles".* FROM "profiles" WHERE "profiles"."user_id" = 'c4b38885-f504-4898-906b-24941fabb892' LIMIT 1 /*action='show',application='Backend',controller='sessions'*/[0m
  ↳ app/controllers/api/v1/auth/sessions_controller.rb:67:in 'Api::V1::Auth::SessionsController#user_payload'
[active_model_serializers] Rendered ActiveModel::Serializer::Null with Hash (0.11ms)
Completed 200 OK in 19ms (Views: 0.8ms | ActiveRecord: 2.4ms (2 queries, 0 cached) | GC: 0.0ms)


Started GET "/api/v1/auth/me" for ::1 at 2026-09-18 04:41:22 +0300
Processing by Api::V1::Auth::SessionsController#show as JSON
  [1m[36mUser Load (1.3ms)[0m  [1m[34mSELECT "users".* FROM "users" WHERE "users"."id" = 'c4b38885-f504-4898-906b-24941fabb892' ORDER BY "users"."id" ASC LIMIT 1 /*action='show',application='Backend',controller='sessions'*/[0m
  ↳ app/controllers/api/v1/application_controller.rb:49:in 'Api::V1::ApplicationController#authenticate_user!'
  [1m[36mProfile Load (1.5ms)[0m  [1m[34mSELECT "profiles".* FROM "profiles" WHERE "profiles"."user_id" = 'c4b38885-f504-4898-906b-24941fabb892' LIMIT 1 /*action='show',application='Backend',controller='sessions'*/[0m
  ↳ app/controllers/api/v1/auth/sessions_controller.rb:67:in 'Api::V1::Auth::SessionsController#user_payload'
[active_model_serializers] Rendered ActiveModel::Serializer::Null with Hash (0.08ms)
Completed 200 OK in 67ms (Views: 0.8ms | ActiveRecord: 2.8ms (2 queries, 0 cached) | GC: 46.7ms)


Started GET "/api/v1/health" for ::1 at 2026-09-18 04:41:23 +0300
Processing by Api::V1::HealthController#show as JSON
  [1m[35m (0.8ms)[0m  [1m[34mSELECT 1 /*action='show',application='Backend',controller='health'*/[0m
  ↳ app/controllers/api/v1/health_controller.rb:29:in 'Api::V1::HealthController#database_reachable?'
  [1m[36mUser Load (1.3ms)[0m  [1m[34mSELECT "users".* FROM "users" WHERE "users"."id" = 'c4b38885-f504-4898-906b-24941fabb892' ORDER BY "users"."id" ASC LIMIT 1 /*action='show',application='Backend',controller='health'*/[0m
  ↳ app/controllers/api/v1/health_controller.rb:17:in 'Api::V1::HealthController#show'
[active_model_serializers] Rendered ActiveModel::Serializer::Null with Hash (0.08ms)
Completed 200 OK in 16ms (Views: 8.2ms | ActiveRecord: 2.1ms (2 queries, 0 cached) | GC: 0.0ms)


Started GET "/api/v1/health" for ::1 at 2026-09-18 04:41:23 +0300
Processing by Api::V1::HealthController#show as JSON
  [1m[35m (1.0ms)[0m  [1m[34mSELECT 1 /*action='show',application='Backend',controller='health'*/[0m
  ↳ app/controllers/api/v1/health_controller.rb:29:in 'Api::V1::HealthController#database_reachable?'
  [1m[36mUser Load (1.0ms)[0m  [1m[34mSELECT "users".* FROM "users" WHERE "users"."id" = 'c4b38885-f504-4898-906b-24941fabb892' ORDER BY "users"."id" ASC LIMIT 1 /*action='show',application='Backend',controller='health'*/[0m
  ↳ app/controllers/api/v1/health_controller.rb:17:in 'Api::V1::HealthController#show'
[active_model_serializers] Rendered ActiveModel::Serializer::Null with Hash (0.06ms)
Completed 200 OK in 8ms (Views: 4.5ms | ActiveRecord: 2.0ms (2 queries, 0 cached) | GC: 0.0ms)


Started GET "/api/v1/auth/me" for ::1 at 2026-09-18 04:41:51 +0300
Processing by Api::V1::Auth::SessionsController#show as JSON
  [1m[36mUser Load (1.3ms)[0m  [1m[34mSELECT "users".* FROM "users" WHERE "users"."id" = 'c4b38885-f504-4898-906b-24941fabb892' ORDER BY "users"."id" ASC LIMIT 1 /*action='show',application='Backend',controller='sessions'*/[0m
  ↳ app/controllers/api/v1/application_controller.rb:49:in 'Api::V1::ApplicationController#authenticate_user!'
  [1m[36mProfile Load (1.1ms)[0m  [1m[34mSELECT "profiles".* FROM "profiles" WHERE "profiles"."user_id" = 'c4b38885-f504-4898-906b-24941fabb892' LIMIT 1 /*action='show',application='Backend',controller='sessions'*/[0m
  ↳ app/controllers/api/v1/auth/sessions_controller.rb:67:in 'Api::V1::Auth::SessionsController#user_payload'
[active_model_serializers] Rendered ActiveModel::Serializer::Null with Hash (0.07ms)
Completed 200 OK in 17ms (Views: 1.1ms | ActiveRecord: 2.3ms (2 queries, 0 cached) | GC: 1.8ms)


Started GET "/api/v1/auth/me" for ::1 at 2026-09-18 04:41:51 +0300
Processing by Api::V1::Auth::SessionsController#show as JSON
  [1m[36mUser Load (1.4ms)[0m  [1m[34mSELECT "users".* FROM "users" WHERE "users"."id" = 'c4b38885-f504-4898-906b-24941fabb892' ORDER BY "users"."id" ASC LIMIT 1 /*action='show',application='Backend',controller='sessions'*/[0m
  ↳ app/controllers/api/v1/application_controller.rb:49:in 'Api::V1::ApplicationController#authenticate_user!'
  [1m[36mProfile Load (1.2ms)[0m  [1m[34mSELECT "profiles".* FROM "profiles" WHERE "profiles"."user_id" = 'c4b38885-f504-4898-906b-24941fabb892' LIMIT 1 /*action='show',application='Backend',controller='sessions'*/[0m
  ↳ app/controllers/api/v1/auth/sessions_controller.rb:67:in 'Api::V1::Auth::SessionsController#user_payload'
[active_model_serializers] Rendered ActiveModel::Serializer::Null with Hash (0.08ms)
Completed 200 OK in 18ms (Views: 0.7ms | ActiveRecord: 2.5ms (2 queries, 0 cached) | GC: 0.0ms)


Started GET "/api/v1/health" for ::1 at 2026-09-18 04:41:51 +0300
Processing by Api::V1::HealthController#show as JSON
  [1m[35m (1.0ms)[0m  [1m[34mSELECT 1 /*action='show',application='Backend',controller='health'*/[0m
  ↳ app/controllers/api/v1/health_controller.rb:29:in 'Api::V1::HealthController#database_reachable?'
  [1m[36mUser Load (1.1ms)[0m  [1m[34mSELECT "users".* FROM "users" WHERE "users"."id" = 'c4b38885-f504-4898-906b-24941fabb892' ORDER BY "users"."id" ASC LIMIT 1 /*action='show',application='Backend',controller='health'*/[0m
  ↳ app/controllers/api/v1/health_controller.rb:17:in 'Api::V1::HealthController#show'
[active_model_serializers] Rendered ActiveModel::Serializer::Null with Hash (0.11ms)
Completed 200 OK in 9ms (Views: 4.8ms | ActiveRecord: 2.1ms (2 queries, 0 cached) | GC: 0.0ms)


Started GET "/api/v1/health" for ::1 at 2026-09-18 04:41:51 +0300
Processing by Api::V1::HealthController#show as JSON
  [1m[35m (0.9ms)[0m  [1m[34mSELECT 1 /*action='show',application='Backend',controller='health'*/[0m
  ↳ app/controllers/api/v1/health_controller.rb:29:in 'Api::V1::HealthController#database_reachable?'
  [1m[36mUser Load (1.3ms)[0m  [1m[34mSELECT "users".* FROM "users" WHERE "users"."id" = 'c4b38885-f504-4898-906b-24941fabb892' ORDER BY "users"."id" ASC LIMIT 1 /*action='show',application='Backend',controller='health'*/[0m
  ↳ app/controllers/api/v1/health_controller.rb:17:in 'Api::V1::HealthController#show'
[active_model_serializers] Rendered ActiveModel::Serializer::Null with Hash (0.07ms)
Completed 200 OK in 19ms (Views: 15.1ms | ActiveRecord: 2.1ms (2 queries, 0 cached) | GC: 1.1ms)


Started GET "/api/v1/auth/me" for ::1 at 2026-09-18 04:43:26 +0300
Processing by Api::V1::Auth::SessionsController#show as JSON
  [1m[36mUser Load (1.3ms)[0m  [1m[34mSELECT "users".* FROM "users" WHERE "users"."id" = 'c4b38885-f504-4898-906b-24941fabb892' ORDER BY "users"."id" ASC LIMIT 1 /*action='show',application='Backend',controller='sessions'*/[0m
  ↳ app/controllers/api/v1/application_controller.rb:49:in 'Api::V1::ApplicationController#authenticate_user!'
  [1m[36mProfile Load (1.7ms)[0m  [1m[34mSELECT "profiles".* FROM "profiles" WHERE "profiles"."user_id" = 'c4b38885-f504-4898-906b-24941fabb892' LIMIT 1 /*action='show',application='Backend',controller='sessions'*/[0m
  ↳ app/controllers/api/v1/auth/sessions_controller.rb:67:in 'Api::V1::Auth::SessionsController#user_payload'
[active_model_serializers] Rendered ActiveModel::Serializer::Null with Hash (0.1ms)
Completed 200 OK in 29ms (Views: 0.8ms | ActiveRecord: 2.9ms (2 queries, 0 cached) | GC: 0.5ms)


Started GET "/api/v1/auth/me" for ::1 at 2026-09-18 04:43:26 +0300
Processing by Api::V1::Auth::SessionsController#show as JSON
  [1m[36mUser Load (1.4ms)[0m  [1m[34mSELECT "users".* FROM "users" WHERE "users"."id" = 'c4b38885-f504-4898-906b-24941fabb892' ORDER BY "users"."id" ASC LIMIT 1 /*action='show',application='Backend',controller='sessions'*/[0m
  ↳ app/controllers/api/v1/application_controller.rb:49:in 'Api::V1::ApplicationController#authenticate_user!'
  [1m[36mProfile Load (1.3ms)[0m  [1m[34mSELECT "profiles".* FROM "profiles" WHERE "profiles"."user_id" = 'c4b38885-f504-4898-906b-24941fabb892' LIMIT 1 /*action='show',application='Backend',controller='sessions'*/[0m
  ↳ app/controllers/api/v1/auth/sessions_controller.rb:67:in 'Api::V1::Auth::SessionsController#user_payload'
[active_model_serializers] Rendered ActiveModel::Serializer::Null with Hash (0.18ms)
Completed 200 OK in 34ms (Views: 9.8ms | ActiveRecord: 2.6ms (2 queries, 0 cached) | GC: 0.0ms)


Started POST "/api/v1/auth/login" for ::1 at 2026-09-18 04:43:29 +0300
Processing by Api::V1::Auth::SessionsController#create as JSON
  Parameters: {"user" => {"email" => "[FILTERED]", "password" => "[FILTERED]"}, "session" => {"user" => {"email" => "[FILTERED]", "password" => "[FILTERED]"}}}
  [1m[36mUser Load (3.3ms)[0m  [1m[34mSELECT "users".* FROM "users" WHERE "users"."email" = 'ragadabdelwahab81@gmail.com' LIMIT 1 /*action='create',application='Backend',controller='sessions'*/[0m
  ↳ app/controllers/api/v1/auth/sessions_controller.rb:12:in 'Api::V1::Auth::SessionsController#create'
  [1m[36mUser Load (1.4ms)[0m  [1m[34mSELECT "users".* FROM "users" WHERE "users"."id" = 'c4b38885-f504-4898-906b-24941fabb892' ORDER BY "users"."id" ASC LIMIT 1 /*action='create',application='Backend',controller='sessions'*/[0m
  ↳ app/controllers/api/v1/auth/sessions_controller.rb:15:in 'Api::V1::Auth::SessionsController#create'
[active_model_serializers] Rendered ActiveModel::Serializer::Null with Hash (0.08ms)
Completed 200 OK in 342ms (Views: 0.7ms | ActiveRecord: 4.7ms (2 queries, 0 cached) | GC: 0.0ms)


Started GET "/api/v1/auth/me" for ::1 at 2026-09-18 04:43:29 +0300
Processing by Api::V1::Auth::SessionsController#show as JSON
  [1m[36mUser Load (1.1ms)[0m  [1m[34mSELECT "users".* FROM "users" WHERE "users"."id" = 'c4b38885-f504-4898-906b-24941fabb892' ORDER BY "users"."id" ASC LIMIT 1 /*action='show',application='Backend',controller='sessions'*/[0m
  ↳ app/controllers/api/v1/application_controller.rb:49:in 'Api::V1::ApplicationController#authenticate_user!'
  [1m[36mProfile Load (1.1ms)[0m  [1m[34mSELECT "profiles".* FROM "profiles" WHERE "profiles"."user_id" = 'c4b38885-f504-4898-906b-24941fabb892' LIMIT 1 /*action='show',application='Backend',controller='sessions'*/[0m
  ↳ app/controllers/api/v1/auth/sessions_controller.rb:67:in 'Api::V1::Auth::SessionsController#user_payload'
[active_model_serializers] Rendered ActiveModel::Serializer::Null with Hash (0.12ms)
Completed 200 OK in 11ms (Views: 0.8ms | ActiveRecord: 2.2ms (2 queries, 0 cached) | GC: 0.4ms)


Started GET "/api/v1/health" for ::1 at 2026-09-18 04:43:29 +0300
Processing by Api::V1::HealthController#show as JSON
  [1m[35m (1.2ms)[0m  [1m[34mSELECT 1 /*action='show',application='Backend',controller='health'*/[0m
  ↳ app/controllers/api/v1/health_controller.rb:29:in 'Api::V1::HealthController#database_reachable?'
  [1m[36mUser Load (1.2ms)[0m  [1m[34mSELECT "users".* FROM "users" WHERE "users"."id" = 'c4b38885-f504-4898-906b-24941fabb892' ORDER BY "users"."id" ASC LIMIT 1 /*action='show',application='Backend',controller='health'*/[0m
  ↳ app/controllers/api/v1/health_controller.rb:17:in 'Api::V1::HealthController#show'
[active_model_serializers] Rendered ActiveModel::Serializer::Null with Hash (0.05ms)
Completed 200 OK in 10ms (Views: 5.4ms | ActiveRecord: 2.4ms (2 queries, 0 cached) | GC: 0.0ms)


Started GET "/api/v1/health" for ::1 at 2026-09-18 04:43:29 +0300
Processing by Api::V1::HealthController#show as JSON
  [1m[35m (0.9ms)[0m  [1m[34mSELECT 1 /*action='show',application='Backend',controller='health'*/[0m
  ↳ app/controllers/api/v1/health_controller.rb:29:in 'Api::V1::HealthController#database_reachable?'
  [1m[36mUser Load (1.0ms)[0m  [1m[34mSELECT "users".* FROM "users" WHERE "users"."id" = 'c4b38885-f504-4898-906b-24941fabb892' ORDER BY "users"."id" ASC LIMIT 1 /*action='show',application='Backend',controller='health'*/[0m
  ↳ app/controllers/api/v1/health_controller.rb:17:in 'Api::V1::HealthController#show'
[active_model_serializers] Rendered ActiveModel::Serializer::Null with Hash (0.06ms)
Completed 200 OK in 12ms (Views: 5.9ms | ActiveRecord: 1.9ms (2 queries, 0 cached) | GC: 1.7ms)


Started GET "/api/v1/auth/me" for ::1 at 2026-09-18 04:44:18 +0300
Processing by Api::V1::Auth::SessionsController#show as JSON
  [1m[36mUser Load (1.3ms)[0m  [1m[34mSELECT "users".* FROM "users" WHERE "users"."id" = 'c4b38885-f504-4898-906b-24941fabb892' ORDER BY "users"."id" ASC LIMIT 1 /*action='show',application='Backend',controller='sessions'*/[0m
  ↳ app/controllers/api/v1/application_controller.rb:49:in 'Api::V1::ApplicationController#authenticate_user!'
  [1m[36mProfile Load (1.0ms)[0m  [1m[34mSELECT "profiles".* FROM "profiles" WHERE "profiles"."user_id" = 'c4b38885-f504-4898-906b-24941fabb892' LIMIT 1 /*action='show',application='Backend',controller='sessions'*/[0m
  ↳ app/controllers/api/v1/auth/sessions_controller.rb:67:in 'Api::V1::Auth::SessionsController#user_payload'
[active_model_serializers] Rendered ActiveModel::Serializer::Null with Hash (0.16ms)
Completed 200 OK in 15ms (Views: 1.2ms | ActiveRecord: 2.3ms (2 queries, 0 cached) | GC: 0.0ms)


Started GET "/api/v1/auth/me" for ::1 at 2026-09-18 04:44:18 +0300
Processing by Api::V1::Auth::SessionsController#show as JSON
  [1m[36mUser Load (1.0ms)[0m  [1m[34mSELECT "users".* FROM "users" WHERE "users"."id" = 'c4b38885-f504-4898-906b-24941fabb892' ORDER BY "users"."id" ASC LIMIT 1 /*action='show',application='Backend',controller='sessions'*/[0m
  ↳ app/controllers/api/v1/application_controller.rb:49:in 'Api::V1::ApplicationController#authenticate_user!'
  [1m[36mProfile Load (0.8ms)[0m  [1m[34mSELECT "profiles".* FROM "profiles" WHERE "profiles"."user_id" = 'c4b38885-f504-4898-906b-24941fabb892' LIMIT 1 /*action='show',application='Backend',controller='sessions'*/[0m
  ↳ app/controllers/api/v1/auth/sessions_controller.rb:67:in 'Api::V1::Auth::SessionsController#user_payload'
[active_model_serializers] Rendered ActiveModel::Serializer::Null with Hash (0.07ms)
Completed 200 OK in 10ms (Views: 0.6ms | ActiveRecord: 1.8ms (2 queries, 0 cached) | GC: 0.0ms)


Started GET "/api/v1/health" for ::1 at 2026-09-18 04:44:18 +0300
Processing by Api::V1::HealthController#show as JSON
  [1m[35m (1.0ms)[0m  [1m[34mSELECT 1 /*action='show',application='Backend',controller='health'*/[0m
  ↳ app/controllers/api/v1/health_controller.rb:29:in 'Api::V1::HealthController#database_reachable?'
  [1m[36mUser Load (1.0ms)[0m  [1m[34mSELECT "users".* FROM "users" WHERE "users"."id" = 'c4b38885-f504-4898-906b-24941fabb892' ORDER BY "users"."id" ASC LIMIT 1 /*action='show',application='Backend',controller='health'*/[0m
  ↳ app/controllers/api/v1/health_controller.rb:17:in 'Api::V1::HealthController#show'
[active_model_serializers] Rendered ActiveModel::Serializer::Null with Hash (0.05ms)
Completed 200 OK in 8ms (Views: 4.0ms | ActiveRecord: 2.0ms (2 queries, 0 cached) | GC: 0.0ms)


Started GET "/api/v1/health" for ::1 at 2026-09-18 04:44:18 +0300
Processing by Api::V1::HealthController#show as JSON
  [1m[35m (1.0ms)[0m  [1m[34mSELECT 1 /*action='show',application='Backend',controller='health'*/[0m
  ↳ app/controllers/api/v1/health_controller.rb:29:in 'Api::V1::HealthController#database_reachable?'
  [1m[36mUser Load (1.0ms)[0m  [1m[34mSELECT "users".* FROM "users" WHERE "users"."id" = 'c4b38885-f504-4898-906b-24941fabb892' ORDER BY "users"."id" ASC LIMIT 1 /*action='show',application='Backend',controller='health'*/[0m
  ↳ app/controllers/api/v1/health_controller.rb:17:in 'Api::V1::HealthController#show'
[active_model_serializers] Rendered ActiveModel::Serializer::Null with Hash (0.08ms)
Completed 200 OK in 9ms (Views: 4.5ms | ActiveRecord: 1.9ms (2 queries, 0 cached) | GC: 0.0ms)


Started GET "/api/v1/auth/me" for ::1 at 2026-09-18 04:44:58 +0300
Processing by Api::V1::Auth::SessionsController#show as JSON
  [1m[36mUser Load (1.3ms)[0m  [1m[34mSELECT "users".* FROM "users" WHERE "users"."id" = 'c4b38885-f504-4898-906b-24941fabb892' ORDER BY "users"."id" ASC LIMIT 1 /*action='show',application='Backend',controller='sessions'*/[0m
  ↳ app/controllers/api/v1/application_controller.rb:49:in 'Api::V1::ApplicationController#authenticate_user!'
  [1m[36mProfile Load (0.9ms)[0m  [1m[34mSELECT "profiles".* FROM "profiles" WHERE "profiles"."user_id" = 'c4b38885-f504-4898-906b-24941fabb892' LIMIT 1 /*action='show',application='Backend',controller='sessions'*/[0m
  ↳ app/controllers/api/v1/auth/sessions_controller.rb:67:in 'Api::V1::Auth::SessionsController#user_payload'
[active_model_serializers] Rendered ActiveModel::Serializer::Null with Hash (0.09ms)
Completed 200 OK in 13ms (Views: 0.8ms | ActiveRecord: 2.2ms (2 queries, 0 cached) | GC: 0.0ms)


Started GET "/api/v1/auth/me" for ::1 at 2026-09-18 04:44:58 +0300
Processing by Api::V1::Auth::SessionsController#show as JSON
  [1m[36mUser Load (1.4ms)[0m  [1m[34mSELECT "users".* FROM "users" WHERE "users"."id" = 'c4b38885-f504-4898-906b-24941fabb892' ORDER BY "users"."id" ASC LIMIT 1 /*action='show',application='Backend',controller='sessions'*/[0m
  ↳ app/controllers/api/v1/application_controller.rb:49:in 'Api::V1::ApplicationController#authenticate_user!'
  [1m[36mProfile Load (1.5ms)[0m  [1m[34mSELECT "profiles".* FROM "profiles" WHERE "profiles"."user_id" = 'c4b38885-f504-4898-906b-24941fabb892' LIMIT 1 /*action='show',application='Backend',controller='sessions'*/[0m
  ↳ app/controllers/api/v1/auth/sessions_controller.rb:67:in 'Api::V1::Auth::SessionsController#user_payload'
[active_model_serializers] Rendered ActiveModel::Serializer::Null with Hash (0.15ms)
Completed 200 OK in 18ms (Views: 1.1ms | ActiveRecord: 2.9ms (2 queries, 0 cached) | GC: 0.0ms)


Started GET "/api/v1/health" for ::1 at 2026-09-18 04:44:58 +0300
Processing by Api::V1::HealthController#show as JSON
  [1m[35m (1.1ms)[0m  [1m[34mSELECT 1 /*action='show',application='Backend',controller='health'*/[0m
  ↳ app/controllers/api/v1/health_controller.rb:29:in 'Api::V1::HealthController#database_reachable?'
  [1m[36mUser Load (1.4ms)[0m  [1m[34mSELECT "users".* FROM "users" WHERE "users"."id" = 'c4b38885-f504-4898-906b-24941fabb892' ORDER BY "users"."id" ASC LIMIT 1 /*action='show',application='Backend',controller='health'*/[0m
  ↳ app/controllers/api/v1/health_controller.rb:17:in 'Api::V1::HealthController#show'
[active_model_serializers] Rendered ActiveModel::Serializer::Null with Hash (0.06ms)
Completed 200 OK in 14ms (Views: 8.9ms | ActiveRecord: 2.4ms (2 queries, 0 cached) | GC: 0.0ms)


Started GET "/api/v1/health" for ::1 at 2026-09-18 04:44:58 +0300
Processing by Api::V1::HealthController#show as JSON
  [1m[35m (0.7ms)[0m  [1m[34mSELECT 1 /*action='show',application='Backend',controller='health'*/[0m
  ↳ app/controllers/api/v1/health_controller.rb:29:in 'Api::V1::HealthController#database_reachable?'
  [1m[36mUser Load (1.0ms)[0m  [1m[34mSELECT "users".* FROM "users" WHERE "users"."id" = 'c4b38885-f504-4898-906b-24941fabb892' ORDER BY "users"."id" ASC LIMIT 1 /*action='show',application='Backend',controller='health'*/[0m
  ↳ app/controllers/api/v1/health_controller.rb:17:in 'Api::V1::HealthController#show'
[active_model_serializers] Rendered ActiveModel::Serializer::Null with Hash (0.07ms)
Completed 200 OK in 8ms (Views: 4.3ms | ActiveRecord: 1.6ms (2 queries, 0 cached) | GC: 0.0ms)


Started GET "/api/v1/auth/me" for ::1 at 2026-09-18 05:01:10 +0300
Processing by Api::V1::Auth::SessionsController#show as JSON
  [1m[36mUser Load (1.6ms)[0m  [1m[34mSELECT "users".* FROM "users" WHERE "users"."id" = 'c4b38885-f504-4898-906b-24941fabb892' ORDER BY "users"."id" ASC LIMIT 1 /*action='show',application='Backend',controller='sessions'*/[0m
  ↳ app/controllers/api/v1/application_controller.rb:49:in 'Api::V1::ApplicationController#authenticate_user!'
  [1m[36mProfile Load (1.3ms)[0m  [1m[34mSELECT "profiles".* FROM "profiles" WHERE "profiles"."user_id" = 'c4b38885-f504-4898-906b-24941fabb892' LIMIT 1 /*action='show',application='Backend',controller='sessions'*/[0m
  ↳ app/controllers/api/v1/auth/sessions_controller.rb:67:in 'Api::V1::Auth::SessionsController#user_payload'
[active_model_serializers] Rendered ActiveModel::Serializer::Null with Hash (0.17ms)
Completed 200 OK in 70ms (Views: 1.7ms | ActiveRecord: 15.7ms (2 queries, 0 cached) | GC: 0.0ms)


Started GET "/api/v1/auth/me" for ::1 at 2026-09-18 05:01:10 +0300
Processing by Api::V1::Auth::SessionsController#show as JSON
  [1m[36mUser Load (1.5ms)[0m  [1m[34mSELECT "users".* FROM "users" WHERE "users"."id" = 'c4b38885-f504-4898-906b-24941fabb892' ORDER BY "users"."id" ASC LIMIT 1 /*action='show',application='Backend',controller='sessions'*/[0m
  ↳ app/controllers/api/v1/application_controller.rb:49:in 'Api::V1::ApplicationController#authenticate_user!'
  [1m[36mProfile Load (1.1ms)[0m  [1m[34mSELECT "profiles".* FROM "profiles" WHERE "profiles"."user_id" = 'c4b38885-f504-4898-906b-24941fabb892' LIMIT 1 /*action='show',application='Backend',controller='sessions'*/[0m
  ↳ app/controllers/api/v1/auth/sessions_controller.rb:67:in 'Api::V1::Auth::SessionsController#user_payload'
[active_model_serializers] Rendered ActiveModel::Serializer::Null with Hash (0.1ms)
Completed 200 OK in 16ms (Views: 0.9ms | ActiveRecord: 2.5ms (2 queries, 0 cached) | GC: 0.0ms)


Started GET "/api/v1/health" for ::1 at 2026-09-18 05:01:10 +0300
Processing by Api::V1::HealthController#show as JSON
  [1m[35m (1.1ms)[0m  [1m[34mSELECT 1 /*action='show',application='Backend',controller='health'*/[0m
  ↳ app/controllers/api/v1/health_controller.rb:29:in 'Api::V1::HealthController#database_reachable?'
  [1m[36mUser Load (1.0ms)[0m  [1m[34mSELECT "users".* FROM "users" WHERE "users"."id" = 'c4b38885-f504-4898-906b-24941fabb892' ORDER BY "users"."id" ASC LIMIT 1 /*action='show',application='Backend',controller='health'*/[0m
  ↳ app/controllers/api/v1/health_controller.rb:17:in 'Api::V1::HealthController#show'
[active_model_serializers] Rendered ActiveModel::Serializer::Null with Hash (0.06ms)
Completed 200 OK in 18ms (Views: 12.8ms | ActiveRecord: 2.1ms (2 queries, 0 cached) | GC: 0.0ms)


Started GET "/api/v1/health" for ::1 at 2026-09-18 05:01:10 +0300
Processing by Api::V1::HealthController#show as JSON
  [1m[35m (0.9ms)[0m  [1m[34mSELECT 1 /*action='show',application='Backend',controller='health'*/[0m
  ↳ app/controllers/api/v1/health_controller.rb:29:in 'Api::V1::HealthController#database_reachable?'
  [1m[36mUser Load (0.9ms)[0m  [1m[34mSELECT "users".* FROM "users" WHERE "users"."id" = 'c4b38885-f504-4898-906b-24941fabb892' ORDER BY "users"."id" ASC LIMIT 1 /*action='show',application='Backend',controller='health'*/[0m
  ↳ app/controllers/api/v1/health_controller.rb:17:in 'Api::V1::HealthController#show'
[active_model_serializers] Rendered ActiveModel::Serializer::Null with Hash (0.07ms)
Completed 200 OK in 10ms (Views: 5.7ms | ActiveRecord: 1.7ms (2 queries, 0 cached) | GC: 0.0ms)


Using vips to process variants requires the libvips library. Please install libvips using the instructions on the libvips website.
Started GET "/api/v1/auth/me" for ::1 at 2026-09-18 05:06:43 +0300
  [1m[36mActiveRecord::SchemaMigration Load (1.3ms)[0m  [1m[34mSELECT "schema_migrations"."version" FROM "schema_migrations" ORDER BY "schema_migrations"."version" ASC /*application='Backend'*/[0m
Processing by Api::V1::Auth::SessionsController#show as JSON
  [1m[36mUser Load (1.6ms)[0m  [1m[34mSELECT "users".* FROM "users" WHERE "users"."id" = 'c4b38885-f504-4898-906b-24941fabb892' ORDER BY "users"."id" ASC LIMIT 1 /*action='show',application='Backend',controller='sessions'*/[0m
  ↳ app/controllers/api/v1/application_controller.rb:49:in 'Api::V1::ApplicationController#authenticate_user!'
  [1m[36mProfile Load (1.0ms)[0m  [1m[34mSELECT "profiles".* FROM "profiles" WHERE "profiles"."user_id" = 'c4b38885-f504-4898-906b-24941fabb892' LIMIT 1 /*action='show',application='Backend',controller='sessions'*/[0m
  ↳ app/controllers/api/v1/auth/sessions_controller.rb:67:in 'Api::V1::Auth::SessionsController#user_payload'
[active_model_serializers] Rendered ActiveModel::Serializer::Null with Hash (0.1ms)
Completed 200 OK in 180ms (Views: 1.9ms | ActiveRecord: 104.4ms (2 queries, 0 cached) | GC: 46.7ms)


Started GET "/api/v1/auth/me" for ::1 at 2026-09-18 05:06:43 +0300
Processing by Api::V1::Auth::SessionsController#show as JSON
  [1m[36mUser Load (0.9ms)[0m  [1m[34mSELECT "users".* FROM "users" WHERE "users"."id" = 'c4b38885-f504-4898-906b-24941fabb892' ORDER BY "users"."id" ASC LIMIT 1 /*action='show',application='Backend',controller='sessions'*/[0m
  ↳ app/controllers/api/v1/application_controller.rb:49:in 'Api::V1::ApplicationController#authenticate_user!'
  [1m[36mProfile Load (1.3ms)[0m  [1m[34mSELECT "profiles".* FROM "profiles" WHERE "profiles"."user_id" = 'c4b38885-f504-4898-906b-24941fabb892' LIMIT 1 /*action='show',application='Backend',controller='sessions'*/[0m
  ↳ app/controllers/api/v1/auth/sessions_controller.rb:67:in 'Api::V1::Auth::SessionsController#user_payload'
[active_model_serializers] Rendered ActiveModel::Serializer::Null with Hash (0.07ms)
Completed 200 OK in 10ms (Views: 0.6ms | ActiveRecord: 2.1ms (2 queries, 0 cached) | GC: 0.0ms)


Started GET "/api/v1/health" for ::1 at 2026-09-18 05:06:44 +0300
Processing by Api::V1::HealthController#show as JSON
  [1m[35m (0.7ms)[0m  [1m[34mSELECT 1 /*action='show',application='Backend',controller='health'*/[0m
  ↳ app/controllers/api/v1/health_controller.rb:29:in 'Api::V1::HealthController#database_reachable?'
  [1m[36mUser Load (1.2ms)[0m  [1m[34mSELECT "users".* FROM "users" WHERE "users"."id" = 'c4b38885-f504-4898-906b-24941fabb892' ORDER BY "users"."id" ASC LIMIT 1 /*action='show',application='Backend',controller='health'*/[0m
  ↳ app/controllers/api/v1/health_controller.rb:17:in 'Api::V1::HealthController#show'
[active_model_serializers] Rendered ActiveModel::Serializer::Null with Hash (0.05ms)
Completed 200 OK in 10ms (Views: 5.3ms | ActiveRecord: 1.9ms (2 queries, 0 cached) | GC: 0.0ms)


Started GET "/api/v1/health" for ::1 at 2026-09-18 05:06:44 +0300
Processing by Api::V1::HealthController#show as JSON
  [1m[35m (1.0ms)[0m  [1m[34mSELECT 1 /*action='show',application='Backend',controller='health'*/[0m
  ↳ app/controllers/api/v1/health_controller.rb:29:in 'Api::V1::HealthController#database_reachable?'
  [1m[36mUser Load (0.9ms)[0m  [1m[34mSELECT "users".* FROM "users" WHERE "users"."id" = 'c4b38885-f504-4898-906b-24941fabb892' ORDER BY "users"."id" ASC LIMIT 1 /*action='show',application='Backend',controller='health'*/[0m
  ↳ app/controllers/api/v1/health_controller.rb:17:in 'Api::V1::HealthController#show'
[active_model_serializers] Rendered ActiveModel::Serializer::Null with Hash (0.06ms)
Completed 200 OK in 10ms (Views: 5.7ms | ActiveRecord: 1.8ms (2 queries, 0 cached) | GC: 0.6ms)


Started GET "/" for ::1 at 2026-09-18 05:09:30 +0300
Processing by Rails::WelcomeController#index as HTML
  Rendering /home/user/.local/share/mise/installs/ruby/3.4.9/lib/ruby/gems/3.4.0/gems/railties-8.1.3.1/lib/rails/templates/rails/welcome/index.html.erb
  Rendered /home/user/.local/share/mise/installs/ruby/3.4.9/lib/ruby/gems/3.4.0/gems/railties-8.1.3.1/lib/rails/templates/rails/welcome/index.html.erb (Duration: 1.2ms | GC: 0.0ms)
Completed 200 OK in 310ms (Views: 50.2ms | ActiveRecord: 0.0ms (0 queries, 0 cached) | GC: 37.5ms)


Started GET "/icon.png" for ::1 at 2026-09-18 05:09:30 +0300
  
ActionController::RoutingError (No route matches [GET] "/icon.png"):
  
Started GET "/.well-known/appspecific/com.chrome.devtools.json" for ::1 at 2026-09-18 05:09:38 +0300
  
ActionController::RoutingError (No route matches [GET] "/.well-known/appspecific/com.chrome.devtools.json"):
  
Using vips to process variants requires the libvips library. Please install libvips using the instructions on the libvips website.
Started GET "/api/v1/auth/me" for ::1 at 2026-09-18 05:12:25 +0300
  [1m[36mActiveRecord::SchemaMigration Load (1.2ms)[0m  [1m[34mSELECT "schema_migrations"."version" FROM "schema_migrations" ORDER BY "schema_migrations"."version" ASC /*application='Backend'*/[0m
Processing by Api::V1::Auth::SessionsController#show as JSON
[active_model_serializers] Rendered ActiveModel::Serializer::Null with Hash (0.1ms)
Filter chain halted as :authenticate_user! rendered or redirected
Completed 401 Unauthorized in 18ms (Views: 3.2ms | ActiveRecord: 0.0ms (0 queries, 0 cached) | GC: 0.0ms)


Started GET "/api/v1/auth/me" for ::1 at 2026-09-18 05:12:25 +0300
Processing by Api::V1::Auth::SessionsController#show as JSON
[active_model_serializers] Rendered ActiveModel::Serializer::Null with Hash (0.04ms)
Filter chain halted as :authenticate_user! rendered or redirected
Completed 401 Unauthorized in 3ms (Views: 0.6ms | ActiveRecord: 0.0ms (0 queries, 0 cached) | GC: 0.0ms)


Started POST "/api/v1/auth/register" for ::1 at 2026-09-18 05:13:01 +0300
Processing by Api::V1::Auth::RegistrationsController#create as JSON
  Parameters: {"user" => {"email" => "[FILTERED]", "password" => "[FILTERED]", "password_confirmation" => "[FILTERED]"}, "registration" => {"user" => {"email" => "[FILTERED]", "password" => "[FILTERED]", "password_confirmation" => "[FILTERED]"}}}
  [1m[36mTRANSACTION (0.9ms)[0m  [1m[35mBEGIN /*action='create',application='Backend',controller='registrations'*/[0m
  ↳ app/controllers/api/v1/auth/registrations_controller.rb:25:in 'Api::V1::Auth::RegistrationsController#create'
  [1m[36mUser Exists? (5.5ms)[0m  [1m[34mSELECT 1 AS one FROM "users" WHERE "users"."email" = 'ragadabdelwahab81@gmail.com' LIMIT 1 /*action='create',application='Backend',controller='registrations'*/[0m
  ↳ app/controllers/api/v1/auth/registrations_controller.rb:25:in 'Api::V1::Auth::RegistrationsController#create'
  [1m[36mTRANSACTION (1.2ms)[0m  [1m[31mROLLBACK /*action='create',application='Backend',controller='registrations'*/[0m
  ↳ app/controllers/api/v1/auth/registrations_controller.rb:25:in 'Api::V1::Auth::RegistrationsController#create'
[active_model_serializers] Rendered ActiveModel::Serializer::Null with Hash (0.06ms)
Completed 422 Unprocessable Content in 500ms (Views: 1.3ms | ActiveRecord: 31.9ms (1 query, 0 cached) | GC: 33.7ms)


Started POST "/api/v1/auth/register" for ::1 at 2026-09-18 05:13:08 +0300
Processing by Api::V1::Auth::RegistrationsController#create as JSON
  Parameters: {"user" => {"email" => "[FILTERED]", "password" => "[FILTERED]", "password_confirmation" => "[FILTERED]"}, "registration" => {"user" => {"email" => "[FILTERED]", "password" => "[FILTERED]", "password_confirmation" => "[FILTERED]"}}}
  [1m[36mTRANSACTION (0.8ms)[0m  [1m[35mBEGIN /*action='create',application='Backend',controller='registrations'*/[0m
  ↳ app/controllers/api/v1/auth/registrations_controller.rb:25:in 'Api::V1::Auth::RegistrationsController#create'
  [1m[36mUser Exists? (4.3ms)[0m  [1m[34mSELECT 1 AS one FROM "users" WHERE "users"."email" = 'ragadabdelwahab@gmail.com' LIMIT 1 /*action='create',application='Backend',controller='registrations'*/[0m
  ↳ app/controllers/api/v1/auth/registrations_controller.rb:25:in 'Api::V1::Auth::RegistrationsController#create'
  [1m[36mUser Create (2.1ms)[0m  [1m[32mINSERT INTO "users" ("created_at", "current_sign_in_at", "current_sign_in_ip", "email", "encrypted_password", "last_sign_in_at", "last_sign_in_ip", "remember_created_at", "reset_password_sent_at", "reset_password_token", "sign_in_count", "updated_at", "name") VALUES ('2026-09-18 02:13:08.515086', NULL, NULL, 'ragadabdelwahab@gmail.com', '$2a$12$EyyqdIfIcW3rnAtd49bKH.oAbcQvyOsqNElJ4HQzCk1V2A50B7D1m', NULL, NULL, NULL, NULL, NULL, 0, '2026-09-18 02:13:08.515086', NULL) RETURNING "id" /*action='create',application='Backend',controller='registrations'*/[0m
  ↳ app/controllers/api/v1/auth/registrations_controller.rb:25:in 'Api::V1::Auth::RegistrationsController#create'
  [1m[36mProfile Create (1.8ms)[0m  [1m[32mINSERT INTO "profiles" ("bio", "birthdate", "created_at", "looking_for", "major", "profile_visibility", "show_on_explore", "tagline", "university", "updated_at", "user_id") VALUES (NULL, NULL, '2026-09-18 02:13:08.547755', 0, NULL, 0, TRUE, NULL, NULL, '2026-09-18 02:13:08.547755', '05b392d3-cdbe-4961-b071-6a8751c326ed') RETURNING "id" /*action='create',application='Backend',controller='registrations'*/[0m
  ↳ app/models/user.rb:82:in 'User#create_default_profile'
  [1m[36mProfile Load (1.5ms)[0m  [1m[34mSELECT "profiles".* FROM "profiles" WHERE "profiles"."user_id" = '05b392d3-cdbe-4961-b071-6a8751c326ed' LIMIT 1 /*action='create',application='Backend',controller='registrations'*/[0m
  ↳ app/models/user.rb:82:in 'User#create_default_profile'
  [1m[36mUserSetting Create (1.7ms)[0m  [1m[32mINSERT INTO "user_settings" ("user_id", "notify_email", "notify_push", "notify_matches", "notify_messages", "notify_project_updates", "show_online_status", "show_last_active", "theme", "language", "discovery_radius", "created_at", "updated_at") VALUES ('05b392d3-cdbe-4961-b071-6a8751c326ed', TRUE, TRUE, TRUE, TRUE, TRUE, TRUE, TRUE, 'system', 'en', 50, '2026-09-18 02:13:08.574746', '2026-09-18 02:13:08.574746') RETURNING "id" /*action='create',application='Backend',controller='registrations'*/[0m
  ↳ app/models/user.rb:86:in 'User#create_default_settings'
  [1m[36mUserSetting Load (1.5ms)[0m  [1m[34mSELECT "user_settings".* FROM "user_settings" WHERE "user_settings"."user_id" = '05b392d3-cdbe-4961-b071-6a8751c326ed' LIMIT 1 /*action='create',application='Backend',controller='registrations'*/[0m
  ↳ app/models/user.rb:86:in 'User#create_default_settings'
  [1m[36mTRANSACTION (2.7ms)[0m  [1m[35mCOMMIT /*action='create',application='Backend',controller='registrations'*/[0m
  ↳ app/controllers/api/v1/auth/registrations_controller.rb:25:in 'Api::V1::Auth::RegistrationsController#create'
  [1m[36mTRANSACTION (0.9ms)[0m  [1m[35mBEGIN /*action='create',application='Backend',controller='registrations'*/[0m
  ↳ app/controllers/api/v1/auth/registrations_controller.rb:27:in 'Api::V1::Auth::RegistrationsController#create'
  [1m[36mUser Update (4.8ms)[0m  [1m[33mUPDATE "users" SET "current_sign_in_at" = '2026-09-18 02:13:08.591561', "current_sign_in_ip" = '::1/128', "last_sign_in_at" = '2026-09-18 02:13:08.591561', "last_sign_in_ip" = '::1/128', "sign_in_count" = 1, "updated_at" = '2026-09-18 02:13:08.592133' WHERE "users"."id" = '05b392d3-cdbe-4961-b071-6a8751c326ed' /*action='create',application='Backend',controller='registrations'*/[0m
  ↳ app/controllers/api/v1/auth/registrations_controller.rb:27:in 'Api::V1::Auth::RegistrationsController#create'
  [1m[36mTRANSACTION (2.4ms)[0m  [1m[35mCOMMIT /*action='create',application='Backend',controller='registrations'*/[0m
  ↳ app/controllers/api/v1/auth/registrations_controller.rb:27:in 'Api::V1::Auth::RegistrationsController#create'
[active_model_serializers] Rendered ActiveModel::Serializer::Null with Hash (0.05ms)
Completed 201 Created in 421ms (Views: 0.6ms | ActiveRecord: 34.6ms (7 queries, 0 cached) | GC: 0.0ms)


Started GET "/api/v1/auth/me" for ::1 at 2026-09-18 05:13:08 +0300
Processing by Api::V1::Auth::SessionsController#show as JSON
  [1m[36mUser Load (2.0ms)[0m  [1m[34mSELECT "users".* FROM "users" WHERE "users"."id" = '05b392d3-cdbe-4961-b071-6a8751c326ed' ORDER BY "users"."id" ASC LIMIT 1 /*action='show',application='Backend',controller='sessions'*/[0m
  ↳ app/controllers/api/v1/application_controller.rb:49:in 'Api::V1::ApplicationController#authenticate_user!'
  [1m[36mProfile Load (0.8ms)[0m  [1m[34mSELECT "profiles".* FROM "profiles" WHERE "profiles"."user_id" = '05b392d3-cdbe-4961-b071-6a8751c326ed' LIMIT 1 /*action='show',application='Backend',controller='sessions'*/[0m
  ↳ app/controllers/api/v1/auth/sessions_controller.rb:67:in 'Api::V1::Auth::SessionsController#user_payload'
[active_model_serializers] Rendered ActiveModel::Serializer::Null with Hash (0.12ms)
Completed 200 OK in 13ms (Views: 0.8ms | ActiveRecord: 2.7ms (2 queries, 0 cached) | GC: 0.0ms)


Started GET "/api/v1/health" for ::1 at 2026-09-18 05:13:08 +0300
Processing by Api::V1::HealthController#show as JSON
  [1m[35m (2.0ms)[0m  [1m[34mSELECT 1 /*action='show',application='Backend',controller='health'*/[0m
  ↳ app/controllers/api/v1/health_controller.rb:29:in 'Api::V1::HealthController#database_reachable?'
  [1m[36mUser Load (1.4ms)[0m  [1m[34mSELECT "users".* FROM "users" WHERE "users"."id" = '05b392d3-cdbe-4961-b071-6a8751c326ed' ORDER BY "users"."id" ASC LIMIT 1 /*action='show',application='Backend',controller='health'*/[0m
  ↳ app/controllers/api/v1/health_controller.rb:17:in 'Api::V1::HealthController#show'
[active_model_serializers] Rendered ActiveModel::Serializer::Null with Hash (0.05ms)
Completed 200 OK in 19ms (Views: 8.9ms | ActiveRecord: 3.4ms (2 queries, 0 cached) | GC: 0.0ms)


Started GET "/api/v1/health" for ::1 at 2026-09-18 05:13:08 +0300
Processing by Api::V1::HealthController#show as JSON
  [1m[35m (1.0ms)[0m  [1m[34mSELECT 1 /*action='show',application='Backend',controller='health'*/[0m
  ↳ app/controllers/api/v1/health_controller.rb:29:in 'Api::V1::HealthController#database_reachable?'
  [1m[36mUser Load (1.3ms)[0m  [1m[34mSELECT "users".* FROM "users" WHERE "users"."id" = '05b392d3-cdbe-4961-b071-6a8751c326ed' ORDER BY "users"."id" ASC LIMIT 1 /*action='show',application='Backend',controller='health'*/[0m
  ↳ app/controllers/api/v1/health_controller.rb:17:in 'Api::V1::HealthController#show'
[active_model_serializers] Rendered ActiveModel::Serializer::Null with Hash (0.1ms)
Completed 200 OK in 15ms (Views: 9.7ms | ActiveRecord: 2.3ms (2 queries, 0 cached) | GC: 0.0ms)


Started POST "/api/v1/auth/login" for ::1 at 2026-09-18 05:13:39 +0300
Processing by Api::V1::Auth::SessionsController#create as JSON
  Parameters: {"user" => {"email" => "[FILTERED]", "password" => "[FILTERED]"}, "session" => {"user" => {"email" => "[FILTERED]", "password" => "[FILTERED]"}}}
  [1m[36mUser Load (5.1ms)[0m  [1m[34mSELECT "users".* FROM "users" WHERE "users"."email" = 'ragadabdelwahab@gmail.com' LIMIT 1 /*action='create',application='Backend',controller='sessions'*/[0m
  ↳ app/controllers/api/v1/auth/sessions_controller.rb:12:in 'Api::V1::Auth::SessionsController#create'
  [1m[36mUser Load (1.1ms)[0m  [1m[34mSELECT "users".* FROM "users" WHERE "users"."id" = '05b392d3-cdbe-4961-b071-6a8751c326ed' ORDER BY "users"."id" ASC LIMIT 1 /*action='create',application='Backend',controller='sessions'*/[0m
  ↳ app/controllers/api/v1/auth/sessions_controller.rb:15:in 'Api::V1::Auth::SessionsController#create'
[active_model_serializers] Rendered ActiveModel::Serializer::Null with Hash (0.06ms)
Completed 200 OK in 324ms (Views: 0.9ms | ActiveRecord: 6.0ms (2 queries, 0 cached) | GC: 0.0ms)


Started GET "/api/v1/auth/me" for ::1 at 2026-09-18 05:13:39 +0300
Processing by Api::V1::Auth::SessionsController#show as JSON
  [1m[36mUser Load (1.0ms)[0m  [1m[34mSELECT "users".* FROM "users" WHERE "users"."id" = '05b392d3-cdbe-4961-b071-6a8751c326ed' ORDER BY "users"."id" ASC LIMIT 1 /*action='show',application='Backend',controller='sessions'*/[0m
  ↳ app/controllers/api/v1/application_controller.rb:49:in 'Api::V1::ApplicationController#authenticate_user!'
  [1m[36mProfile Load (1.0ms)[0m  [1m[34mSELECT "profiles".* FROM "profiles" WHERE "profiles"."user_id" = '05b392d3-cdbe-4961-b071-6a8751c326ed' LIMIT 1 /*action='show',application='Backend',controller='sessions'*/[0m
  ↳ app/controllers/api/v1/auth/sessions_controller.rb:67:in 'Api::V1::Auth::SessionsController#user_payload'
[active_model_serializers] Rendered ActiveModel::Serializer::Null with Hash (0.1ms)
Completed 200 OK in 10ms (Views: 0.8ms | ActiveRecord: 2.0ms (2 queries, 0 cached) | GC: 0.0ms)


Started GET "/api/v1/health" for ::1 at 2026-09-18 05:13:39 +0300
Processing by Api::V1::HealthController#show as JSON
  [1m[35m (0.8ms)[0m  [1m[34mSELECT 1 /*action='show',application='Backend',controller='health'*/[0m
  ↳ app/controllers/api/v1/health_controller.rb:29:in 'Api::V1::HealthController#database_reachable?'
  [1m[36mUser Load (1.7ms)[0m  [1m[34mSELECT "users".* FROM "users" WHERE "users"."id" = '05b392d3-cdbe-4961-b071-6a8751c326ed' ORDER BY "users"."id" ASC LIMIT 1 /*action='show',application='Backend',controller='health'*/[0m
  ↳ app/controllers/api/v1/health_controller.rb:17:in 'Api::V1::HealthController#show'
[active_model_serializers] Rendered ActiveModel::Serializer::Null with Hash (0.06ms)
Completed 200 OK in 10ms (Views: 6.2ms | ActiveRecord: 2.4ms (2 queries, 0 cached) | GC: 0.0ms)


Started GET "/api/v1/health" for ::1 at 2026-09-18 05:13:39 +0300
Processing by Api::V1::HealthController#show as JSON
  [1m[35m (1.0ms)[0m  [1m[34mSELECT 1 /*action='show',application='Backend',controller='health'*/[0m
  ↳ app/controllers/api/v1/health_controller.rb:29:in 'Api::V1::HealthController#database_reachable?'
  [1m[36mUser Load (1.2ms)[0m  [1m[34mSELECT "users".* FROM "users" WHERE "users"."id" = '05b392d3-cdbe-4961-b071-6a8751c326ed' ORDER BY "users"."id" ASC LIMIT 1 /*action='show',application='Backend',controller='health'*/[0m
  ↳ app/controllers/api/v1/health_controller.rb:17:in 'Api::V1::HealthController#show'
[active_model_serializers] Rendered ActiveModel::Serializer::Null with Hash (0.05ms)
Completed 200 OK in 10ms (Views: 5.8ms | ActiveRecord: 2.1ms (2 queries, 0 cached) | GC: 0.0ms)


Started GET "/" for ::1 at 2026-09-18 05:14:08 +0300
Processing by Rails::WelcomeController#index as HTML
  Rendering /home/user/.local/share/mise/installs/ruby/3.4.9/lib/ruby/gems/3.4.0/gems/railties-8.1.3.1/lib/rails/templates/rails/welcome/index.html.erb
  Rendered /home/user/.local/share/mise/installs/ruby/3.4.9/lib/ruby/gems/3.4.0/gems/railties-8.1.3.1/lib/rails/templates/rails/welcome/index.html.erb (Duration: 1.8ms | GC: 0.0ms)
Completed 200 OK in 17ms (Views: 9.9ms | ActiveRecord: 0.0ms (0 queries, 0 cached) | GC: 0.0ms)


Started GET "/.well-known/appspecific/com.chrome.devtools.json" for ::1 at 2026-09-18 05:14:20 +0300
  
ActionController::RoutingError (No route matches [GET] "/.well-known/appspecific/com.chrome.devtools.json"):
  
Started GET "/api/v1/auth/me" for ::1 at 2026-09-18 05:15:53 +0300
Processing by Api::V1::Auth::SessionsController#show as JSON
  [1m[36mUser Load (1.9ms)[0m  [1m[34mSELECT "users".* FROM "users" WHERE "users"."id" = '05b392d3-cdbe-4961-b071-6a8751c326ed' ORDER BY "users"."id" ASC LIMIT 1 /*action='show',application='Backend',controller='sessions'*/[0m
  ↳ app/controllers/api/v1/application_controller.rb:49:in 'Api::V1::ApplicationController#authenticate_user!'
  [1m[36mProfile Load (1.4ms)[0m  [1m[34mSELECT "profiles".* FROM "profiles" WHERE "profiles"."user_id" = '05b392d3-cdbe-4961-b071-6a8751c326ed' LIMIT 1 /*action='show',application='Backend',controller='sessions'*/[0m
  ↳ app/controllers/api/v1/auth/sessions_controller.rb:67:in 'Api::V1::Auth::SessionsController#user_payload'
[active_model_serializers] Rendered ActiveModel::Serializer::Null with Hash (0.16ms)
Completed 200 OK in 20ms (Views: 1.4ms | ActiveRecord: 2.9ms (2 queries, 0 cached) | GC: 0.0ms)


Started GET "/api/v1/auth/me" for ::1 at 2026-09-18 05:15:53 +0300
Processing by Api::V1::Auth::SessionsController#show as JSON
  [1m[36mUser Load (0.9ms)[0m  [1m[34mSELECT "users".* FROM "users" WHERE "users"."id" = '05b392d3-cdbe-4961-b071-6a8751c326ed' ORDER BY "users"."id" ASC LIMIT 1 /*action='show',application='Backend',controller='sessions'*/[0m
  ↳ app/controllers/api/v1/application_controller.rb:49:in 'Api::V1::ApplicationController#authenticate_user!'
  [1m[36mProfile Load (1.0ms)[0m  [1m[34mSELECT "profiles".* FROM "profiles" WHERE "profiles"."user_id" = '05b392d3-cdbe-4961-b071-6a8751c326ed' LIMIT 1 /*action='show',application='Backend',controller='sessions'*/[0m
  ↳ app/controllers/api/v1/auth/sessions_controller.rb:67:in 'Api::V1::Auth::SessionsController#user_payload'
[active_model_serializers] Rendered ActiveModel::Serializer::Null with Hash (0.13ms)
Completed 200 OK in 21ms (Views: 1.1ms | ActiveRecord: 1.9ms (2 queries, 0 cached) | GC: 0.0ms)


Started GET "/api/v1/health" for ::1 at 2026-09-18 05:15:53 +0300
Processing by Api::V1::HealthController#show as JSON
  [1m[35m (0.9ms)[0m  [1m[34mSELECT 1 /*action='show',application='Backend',controller='health'*/[0m
  ↳ app/controllers/api/v1/health_controller.rb:29:in 'Api::V1::HealthController#database_reachable?'
  [1m[36mUser Load (0.8ms)[0m  [1m[34mSELECT "users".* FROM "users" WHERE "users"."id" = '05b392d3-cdbe-4961-b071-6a8751c326ed' ORDER BY "users"."id" ASC LIMIT 1 /*action='show',application='Backend',controller='health'*/[0m
  ↳ app/controllers/api/v1/health_controller.rb:17:in 'Api::V1::HealthController#show'
[active_model_serializers] Rendered ActiveModel::Serializer::Null with Hash (0.05ms)
Completed 200 OK in 8ms (Views: 3.9ms | ActiveRecord: 1.7ms (2 queries, 0 cached) | GC: 0.0ms)


Started GET "/api/v1/health" for ::1 at 2026-09-18 05:15:53 +0300
Processing by Api::V1::HealthController#show as JSON
  [1m[35m (0.6ms)[0m  [1m[34mSELECT 1 /*action='show',application='Backend',controller='health'*/[0m
  ↳ app/controllers/api/v1/health_controller.rb:29:in 'Api::V1::HealthController#database_reachable?'
  [1m[36mUser Load (0.9ms)[0m  [1m[34mSELECT "users".* FROM "users" WHERE "users"."id" = '05b392d3-cdbe-4961-b071-6a8751c326ed' ORDER BY "users"."id" ASC LIMIT 1 /*action='show',application='Backend',controller='health'*/[0m
  ↳ app/controllers/api/v1/health_controller.rb:17:in 'Api::V1::HealthController#show'
[active_model_serializers] Rendered ActiveModel::Serializer::Null with Hash (0.06ms)
Completed 200 OK in 9ms (Views: 5.3ms | ActiveRecord: 1.5ms (2 queries, 0 cached) | GC: 0.0ms)


Started GET "/api/v1/auth/me" for ::1 at 2026-09-18 06:07:23 +0300
Processing by Api::V1::Auth::SessionsController#show as JSON
  [1m[36mUser Load (5.4ms)[0m  [1m[34mSELECT "users".* FROM "users" WHERE "users"."id" = '05b392d3-cdbe-4961-b071-6a8751c326ed' ORDER BY "users"."id" ASC LIMIT 1 /*action='show',application='Backend',controller='sessions'*/[0m
  ↳ app/controllers/api/v1/application_controller.rb:49:in 'Api::V1::ApplicationController#authenticate_user!'
  [1m[36mProfile Load (3.0ms)[0m  [1m[34mSELECT "profiles".* FROM "profiles" WHERE "profiles"."user_id" = '05b392d3-cdbe-4961-b071-6a8751c326ed' LIMIT 1 /*action='show',application='Backend',controller='sessions'*/[0m
  ↳ app/controllers/api/v1/auth/sessions_controller.rb:67:in 'Api::V1::Auth::SessionsController#user_payload'
[active_model_serializers] Rendered ActiveModel::Serializer::Null with Hash (2.06ms)
Completed 200 OK in 398ms (Views: 11.8ms | ActiveRecord: 51.5ms (2 queries, 0 cached) | GC: 0.0ms)


Started GET "/api/v1/auth/me" for ::1 at 2026-09-18 06:07:24 +0300
Processing by Api::V1::Auth::SessionsController#show as JSON
  [1m[36mUser Load (1.3ms)[0m  [1m[34mSELECT "users".* FROM "users" WHERE "users"."id" = '05b392d3-cdbe-4961-b071-6a8751c326ed' ORDER BY "users"."id" ASC LIMIT 1 /*action='show',application='Backend',controller='sessions'*/[0m
  ↳ app/controllers/api/v1/application_controller.rb:49:in 'Api::V1::ApplicationController#authenticate_user!'
  [1m[36mProfile Load (1.1ms)[0m  [1m[34mSELECT "profiles".* FROM "profiles" WHERE "profiles"."user_id" = '05b392d3-cdbe-4961-b071-6a8751c326ed' LIMIT 1 /*action='show',application='Backend',controller='sessions'*/[0m
  ↳ app/controllers/api/v1/auth/sessions_controller.rb:67:in 'Api::V1::Auth::SessionsController#user_payload'
[active_model_serializers] Rendered ActiveModel::Serializer::Null with Hash (0.18ms)
Completed 200 OK in 16ms (Views: 0.9ms | ActiveRecord: 2.3ms (2 queries, 0 cached) | GC: 0.0ms)


Started GET "/api/v1/health" for ::1 at 2026-09-18 06:07:24 +0300
Processing by Api::V1::HealthController#show as JSON
  [1m[35m (2.7ms)[0m  [1m[34mSELECT 1 /*action='show',application='Backend',controller='health'*/[0m
  ↳ app/controllers/api/v1/health_controller.rb:29:in 'Api::V1::HealthController#database_reachable?'
  [1m[36mUser Load (3.2ms)[0m  [1m[34mSELECT "users".* FROM "users" WHERE "users"."id" = '05b392d3-cdbe-4961-b071-6a8751c326ed' ORDER BY "users"."id" ASC LIMIT 1 /*action='show',application='Backend',controller='health'*/[0m
  ↳ app/controllers/api/v1/health_controller.rb:17:in 'Api::V1::HealthController#show'
[active_model_serializers] Rendered ActiveModel::Serializer::Null with Hash (1.28ms)
Completed 200 OK in 30ms (Views: 17.4ms | ActiveRecord: 5.8ms (2 queries, 0 cached) | GC: 0.0ms)


Started GET "/api/v1/health" for ::1 at 2026-09-18 06:07:24 +0300
Processing by Api::V1::HealthController#show as JSON
  [1m[35m (3.2ms)[0m  [1m[34mSELECT 1 /*action='show',application='Backend',controller='health'*/[0m
  ↳ app/controllers/api/v1/health_controller.rb:29:in 'Api::V1::HealthController#database_reachable?'
  [1m[36mUser Load (3.0ms)[0m  [1m[34mSELECT "users".* FROM "users" WHERE "users"."id" = '05b392d3-cdbe-4961-b071-6a8751c326ed' ORDER BY "users"."id" ASC LIMIT 1 /*action='show',application='Backend',controller='health'*/[0m
  ↳ app/controllers/api/v1/health_controller.rb:17:in 'Api::V1::HealthController#show'
[active_model_serializers] Rendered ActiveModel::Serializer::Null with Hash (0.2ms)
Completed 200 OK in 47ms (Views: 29.5ms | ActiveRecord: 6.1ms (2 queries, 0 cached) | GC: 0.0ms)


Started DELETE "/api/v1/auth/logout" for ::1 at 2026-09-18 06:07:38 +0300
Processing by Api::V1::Auth::SessionsController#destroy as JSON
HTTP Origin header (http://localhost:5173) didn't match request.base_url (http://localhost:3000)
rescue_from handled ActionController::InvalidAuthenticityToken (HTTP Origin header (http://localhost:5173) didn't match request.base_url (http://localhost:3000)) - /home/user/.local/share/mise/installs/ruby/3.4.9/lib/ruby/gems/3.4.0/gems/actionpack-8.1.3.1/lib/action_controller/metal/request_forgery_protection.rb:321:in 'ActionController::RequestForgeryProtection::ProtectionMethods::Exception#handle_unverified_request'
  [1m[36mUser Load (2.7ms)[0m  [1m[34mSELECT "users".* FROM "users" WHERE "users"."id" = '05b392d3-cdbe-4961-b071-6a8751c326ed' ORDER BY "users"."id" ASC LIMIT 1 /*action='destroy',application='Backend',controller='sessions'*/[0m
  ↳ app/controllers/api/v1/application_controller.rb:111:in 'Api::V1::ApplicationController#render_error'
[active_model_serializers] Rendered ActiveModel::Serializer::Null with Hash (0.91ms)
Completed 422 Unprocessable Content in 57ms (Views: 18.5ms | ActiveRecord: 2.7ms (1 query, 0 cached) | GC: 0.0ms)


Started GET "/api/v1/health" for ::1 at 2026-09-18 06:07:38 +0300
Processing by Api::V1::HealthController#show as */*
  [1m[35m (2.3ms)[0m  [1m[34mSELECT 1 /*action='show',application='Backend',controller='health'*/[0m
  ↳ app/controllers/api/v1/health_controller.rb:29:in 'Api::V1::HealthController#database_reachable?'
  [1m[36mUser Load (3.7ms)[0m  [1m[34mSELECT "users".* FROM "users" WHERE "users"."id" = '05b392d3-cdbe-4961-b071-6a8751c326ed' ORDER BY "users"."id" ASC LIMIT 1 /*action='show',application='Backend',controller='health'*/[0m
  ↳ app/controllers/api/v1/health_controller.rb:17:in 'Api::V1::HealthController#show'
[active_model_serializers] Rendered ActiveModel::Serializer::Null with Hash (0.14ms)
Completed 200 OK in 45ms (Views: 23.9ms | ActiveRecord: 6.0ms (2 queries, 0 cached) | GC: 0.0ms)


Started POST "/api/v1/auth/login" for ::1 at 2026-09-18 06:07:44 +0300
Processing by Api::V1::Auth::SessionsController#create as JSON
  Parameters: {"user" => {"email" => "[FILTERED]", "password" => "[FILTERED]"}, "session" => {"user" => {"email" => "[FILTERED]", "password" => "[FILTERED]"}}}
  [1m[36mUser Load (7.7ms)[0m  [1m[34mSELECT "users".* FROM "users" WHERE "users"."email" = 'ragadabdelwahab81@gmail.com' LIMIT 1 /*action='create',application='Backend',controller='sessions'*/[0m
  ↳ app/controllers/api/v1/auth/sessions_controller.rb:12:in 'Api::V1::Auth::SessionsController#create'
  [1m[36mUser Load (1.6ms)[0m  [1m[34mSELECT "users".* FROM "users" WHERE "users"."id" = '05b392d3-cdbe-4961-b071-6a8751c326ed' ORDER BY "users"."id" ASC LIMIT 1 /*action='create',application='Backend',controller='sessions'*/[0m
  ↳ app/controllers/api/v1/auth/sessions_controller.rb:15:in 'Api::V1::Auth::SessionsController#create'
  [1m[36mTRANSACTION (1.5ms)[0m  [1m[35mBEGIN /*action='create',application='Backend',controller='sessions'*/[0m
  ↳ app/controllers/api/v1/auth/sessions_controller.rb:15:in 'Api::V1::Auth::SessionsController#create'
  [1m[36mUser Update (13.2ms)[0m  [1m[33mUPDATE "users" SET "current_sign_in_at" = '2026-09-18 03:07:44.838403', "sign_in_count" = 2, "updated_at" = '2026-09-18 03:07:44.849001' WHERE "users"."id" = 'c4b38885-f504-4898-906b-24941fabb892' /*action='create',application='Backend',controller='sessions'*/[0m
  ↳ app/controllers/api/v1/auth/sessions_controller.rb:15:in 'Api::V1::Auth::SessionsController#create'
  [1m[36mTRANSACTION (14.0ms)[0m  [1m[35mCOMMIT /*action='create',application='Backend',controller='sessions'*/[0m
  ↳ app/controllers/api/v1/auth/sessions_controller.rb:15:in 'Api::V1::Auth::SessionsController#create'
[active_model_serializers] Rendered ActiveModel::Serializer::Null with Hash (0.08ms)
Completed 200 OK in 645ms (Views: 0.9ms | ActiveRecord: 37.8ms (3 queries, 0 cached) | GC: 0.0ms)


Started GET "/api/v1/auth/me" for ::1 at 2026-09-18 06:07:44 +0300
Processing by Api::V1::Auth::SessionsController#show as JSON
  [1m[36mUser Load (2.0ms)[0m  [1m[34mSELECT "users".* FROM "users" WHERE "users"."id" = 'c4b38885-f504-4898-906b-24941fabb892' ORDER BY "users"."id" ASC LIMIT 1 /*action='show',application='Backend',controller='sessions'*/[0m
  ↳ app/controllers/api/v1/application_controller.rb:49:in 'Api::V1::ApplicationController#authenticate_user!'
  [1m[36mProfile Load (1.6ms)[0m  [1m[34mSELECT "profiles".* FROM "profiles" WHERE "profiles"."user_id" = 'c4b38885-f504-4898-906b-24941fabb892' LIMIT 1 /*action='show',application='Backend',controller='sessions'*/[0m
  ↳ app/controllers/api/v1/auth/sessions_controller.rb:67:in 'Api::V1::Auth::SessionsController#user_payload'
[active_model_serializers] Rendered ActiveModel::Serializer::Null with Hash (0.19ms)
Completed 200 OK in 22ms (Views: 2.8ms | ActiveRecord: 3.6ms (2 queries, 0 cached) | GC: 0.0ms)


Started GET "/api/v1/health" for ::1 at 2026-09-18 06:07:44 +0300
Processing by Api::V1::HealthController#show as JSON
  [1m[35m (2.1ms)[0m  [1m[34mSELECT 1 /*action='show',application='Backend',controller='health'*/[0m
  ↳ app/controllers/api/v1/health_controller.rb:29:in 'Api::V1::HealthController#database_reachable?'
  [1m[36mUser Load (2.7ms)[0m  [1m[34mSELECT "users".* FROM "users" WHERE "users"."id" = 'c4b38885-f504-4898-906b-24941fabb892' ORDER BY "users"."id" ASC LIMIT 1 /*action='show',application='Backend',controller='health'*/[0m
  ↳ app/controllers/api/v1/health_controller.rb:17:in 'Api::V1::HealthController#show'
[active_model_serializers] Rendered ActiveModel::Serializer::Null with Hash (0.13ms)
Completed 200 OK in 21ms (Views: 11.4ms | ActiveRecord: 4.6ms (2 queries, 0 cached) | GC: 0.0ms)


Started GET "/api/v1/health" for ::1 at 2026-09-18 06:07:45 +0300
Processing by Api::V1::HealthController#show as JSON
  [1m[35m (1.3ms)[0m  [1m[34mSELECT 1 /*action='show',application='Backend',controller='health'*/[0m
  ↳ app/controllers/api/v1/health_controller.rb:29:in 'Api::V1::HealthController#database_reachable?'
  [1m[36mUser Load (1.8ms)[0m  [1m[34mSELECT "users".* FROM "users" WHERE "users"."id" = 'c4b38885-f504-4898-906b-24941fabb892' ORDER BY "users"."id" ASC LIMIT 1 /*action='show',application='Backend',controller='health'*/[0m
  ↳ app/controllers/api/v1/health_controller.rb:17:in 'Api::V1::HealthController#show'
[active_model_serializers] Rendered ActiveModel::Serializer::Null with Hash (0.1ms)
Completed 200 OK in 18ms (Views: 8.4ms | ActiveRecord: 3.0ms (2 queries, 0 cached) | GC: 0.0ms)


Started DELETE "/api/v1/auth/logout" for ::1 at 2026-09-18 06:09:00 +0300
Processing by Api::V1::Auth::SessionsController#destroy as JSON
HTTP Origin header (http://localhost:5173) didn't match request.base_url (http://localhost:3000)
rescue_from handled ActionController::InvalidAuthenticityToken (HTTP Origin header (http://localhost:5173) didn't match request.base_url (http://localhost:3000)) - /home/user/.local/share/mise/installs/ruby/3.4.9/lib/ruby/gems/3.4.0/gems/actionpack-8.1.3.1/lib/action_controller/metal/request_forgery_protection.rb:321:in 'ActionController::RequestForgeryProtection::ProtectionMethods::Exception#handle_unverified_request'
  [1m[36mUser Load (5.7ms)[0m  [1m[34mSELECT "users".* FROM "users" WHERE "users"."id" = 'c4b38885-f504-4898-906b-24941fabb892' ORDER BY "users"."id" ASC LIMIT 1 /*action='destroy',application='Backend',controller='sessions'*/[0m
  ↳ app/controllers/api/v1/application_controller.rb:111:in 'Api::V1::ApplicationController#render_error'
[active_model_serializers] Rendered ActiveModel::Serializer::Null with Hash (1.11ms)
Completed 422 Unprocessable Content in 69ms (Views: 46.2ms | ActiveRecord: 5.5ms (1 query, 0 cached) | GC: 0.0ms)


Started GET "/api/v1/health" for ::1 at 2026-09-18 06:09:00 +0300
Processing by Api::V1::HealthController#show as */*
  [1m[35m (1.1ms)[0m  [1m[34mSELECT 1 /*action='show',application='Backend',controller='health'*/[0m
  ↳ app/controllers/api/v1/health_controller.rb:29:in 'Api::V1::HealthController#database_reachable?'
  [1m[36mUser Load (1.4ms)[0m  [1m[34mSELECT "users".* FROM "users" WHERE "users"."id" = 'c4b38885-f504-4898-906b-24941fabb892' ORDER BY "users"."id" ASC LIMIT 1 /*action='show',application='Backend',controller='health'*/[0m
  ↳ app/controllers/api/v1/health_controller.rb:17:in 'Api::V1::HealthController#show'
[active_model_serializers] Rendered ActiveModel::Serializer::Null with Hash (0.1ms)
Completed 200 OK in 16ms (Views: 9.4ms | ActiveRecord: 2.4ms (2 queries, 0 cached) | GC: 0.0ms)


Started GET "/api/v1/auth/me" for ::1 at 2026-09-18 06:09:08 +0300
Processing by Api::V1::Auth::SessionsController#show as JSON
  [1m[36mUser Load (1.6ms)[0m  [1m[34mSELECT "users".* FROM "users" WHERE "users"."id" = 'c4b38885-f504-4898-906b-24941fabb892' ORDER BY "users"."id" ASC LIMIT 1 /*action='show',application='Backend',controller='sessions'*/[0m
  ↳ app/controllers/api/v1/application_controller.rb:49:in 'Api::V1::ApplicationController#authenticate_user!'
  [1m[36mProfile Load (1.8ms)[0m  [1m[34mSELECT "profiles".* FROM "profiles" WHERE "profiles"."user_id" = 'c4b38885-f504-4898-906b-24941fabb892' LIMIT 1 /*action='show',application='Backend',controller='sessions'*/[0m
  ↳ app/controllers/api/v1/auth/sessions_controller.rb:67:in 'Api::V1::Auth::SessionsController#user_payload'
[active_model_serializers] Rendered ActiveModel::Serializer::Null with Hash (0.19ms)
Completed 200 OK in 24ms (Views: 1.9ms | ActiveRecord: 3.3ms (2 queries, 0 cached) | GC: 0.0ms)


Started GET "/api/v1/auth/me" for ::1 at 2026-09-18 06:09:08 +0300
Processing by Api::V1::Auth::SessionsController#show as JSON
  [1m[36mUser Load (1.5ms)[0m  [1m[34mSELECT "users".* FROM "users" WHERE "users"."id" = 'c4b38885-f504-4898-906b-24941fabb892' ORDER BY "users"."id" ASC LIMIT 1 /*action='show',application='Backend',controller='sessions'*/[0m
  ↳ app/controllers/api/v1/application_controller.rb:49:in 'Api::V1::ApplicationController#authenticate_user!'
  [1m[36mProfile Load (1.7ms)[0m  [1m[34mSELECT "profiles".* FROM "profiles" WHERE "profiles"."user_id" = 'c4b38885-f504-4898-906b-24941fabb892' LIMIT 1 /*action='show',application='Backend',controller='sessions'*/[0m
  ↳ app/controllers/api/v1/auth/sessions_controller.rb:67:in 'Api::V1::Auth::SessionsController#user_payload'
[active_model_serializers] Rendered ActiveModel::Serializer::Null with Hash (0.15ms)
Completed 200 OK in 18ms (Views: 1.5ms | ActiveRecord: 3.2ms (2 queries, 0 cached) | GC: 0.0ms)


Started GET "/api/v1/health" for ::1 at 2026-09-18 06:09:08 +0300
Processing by Api::V1::HealthController#show as JSON
  [1m[35m (1.2ms)[0m  [1m[34mSELECT 1 /*action='show',application='Backend',controller='health'*/[0m
  ↳ app/controllers/api/v1/health_controller.rb:29:in 'Api::V1::HealthController#database_reachable?'
  [1m[36mUser Load (1.6ms)[0m  [1m[34mSELECT "users".* FROM "users" WHERE "users"."id" = 'c4b38885-f504-4898-906b-24941fabb892' ORDER BY "users"."id" ASC LIMIT 1 /*action='show',application='Backend',controller='health'*/[0m
  ↳ app/controllers/api/v1/health_controller.rb:17:in 'Api::V1::HealthController#show'
[active_model_serializers] Rendered ActiveModel::Serializer::Null with Hash (0.07ms)
Completed 200 OK in 14ms (Views: 7.9ms | ActiveRecord: 2.8ms (2 queries, 0 cached) | GC: 0.0ms)


Started GET "/api/v1/health" for ::1 at 2026-09-18 06:09:08 +0300
Processing by Api::V1::HealthController#show as JSON
  [1m[35m (1.1ms)[0m  [1m[34mSELECT 1 /*action='show',application='Backend',controller='health'*/[0m
  ↳ app/controllers/api/v1/health_controller.rb:29:in 'Api::V1::HealthController#database_reachable?'
  [1m[36mUser Load (1.5ms)[0m  [1m[34mSELECT "users".* FROM "users" WHERE "users"."id" = 'c4b38885-f504-4898-906b-24941fabb892' ORDER BY "users"."id" ASC LIMIT 1 /*action='show',application='Backend',controller='health'*/[0m
  ↳ app/controllers/api/v1/health_controller.rb:17:in 'Api::V1::HealthController#show'
[active_model_serializers] Rendered ActiveModel::Serializer::Null with Hash (0.1ms)
Completed 200 OK in 15ms (Views: 9.1ms | ActiveRecord: 2.5ms (2 queries, 0 cached) | GC: 0.0ms)


Started DELETE "/api/v1/auth/logout" for ::1 at 2026-09-18 06:09:16 +0300
Processing by Api::V1::Auth::SessionsController#destroy as JSON
HTTP Origin header (http://localhost:5173) didn't match request.base_url (http://localhost:3000)
rescue_from handled ActionController::InvalidAuthenticityToken (HTTP Origin header (http://localhost:5173) didn't match request.base_url (http://localhost:3000)) - /home/user/.local/share/mise/installs/ruby/3.4.9/lib/ruby/gems/3.4.0/gems/actionpack-8.1.3.1/lib/action_controller/metal/request_forgery_protection.rb:321:in 'ActionController::RequestForgeryProtection::ProtectionMethods::Exception#handle_unverified_request'
  [1m[36mUser Load (6.7ms)[0m  [1m[34mSELECT "users".* FROM "users" WHERE "users"."id" = 'c4b38885-f504-4898-906b-24941fabb892' ORDER BY "users"."id" ASC LIMIT 1 /*action='destroy',application='Backend',controller='sessions'*/[0m
  ↳ app/controllers/api/v1/application_controller.rb:111:in 'Api::V1::ApplicationController#render_error'
[active_model_serializers] Rendered ActiveModel::Serializer::Null with Hash (0.26ms)
Completed 422 Unprocessable Content in 59ms (Views: 37.6ms | ActiveRecord: 6.6ms (1 query, 0 cached) | GC: 0.0ms)


Started GET "/api/v1/health" for ::1 at 2026-09-18 06:09:16 +0300
Processing by Api::V1::HealthController#show as */*
  [1m[35m (2.1ms)[0m  [1m[34mSELECT 1 /*action='show',application='Backend',controller='health'*/[0m
  ↳ app/controllers/api/v1/health_controller.rb:29:in 'Api::V1::HealthController#database_reachable?'
  [1m[36mUser Load (2.6ms)[0m  [1m[34mSELECT "users".* FROM "users" WHERE "users"."id" = 'c4b38885-f504-4898-906b-24941fabb892' ORDER BY "users"."id" ASC LIMIT 1 /*action='show',application='Backend',controller='health'*/[0m
  ↳ app/controllers/api/v1/health_controller.rb:17:in 'Api::V1::HealthController#show'
[active_model_serializers] Rendered ActiveModel::Serializer::Null with Hash (0.14ms)
Completed 200 OK in 47ms (Views: 33.1ms | ActiveRecord: 4.7ms (2 queries, 0 cached) | GC: 0.0ms)


Started GET "/api/v1/auth/me" for ::1 at 2026-09-18 06:12:32 +0300
Processing by Api::V1::Auth::SessionsController#show as JSON
  [1m[36mUser Load (2.2ms)[0m  [1m[34mSELECT "users".* FROM "users" WHERE "users"."id" = 'c4b38885-f504-4898-906b-24941fabb892' ORDER BY "users"."id" ASC LIMIT 1 /*action='show',application='Backend',controller='sessions'*/[0m
  ↳ app/controllers/api/v1/application_controller.rb:49:in 'Api::V1::ApplicationController#authenticate_user!'
  [1m[36mProfile Load (2.5ms)[0m  [1m[34mSELECT "profiles".* FROM "profiles" WHERE "profiles"."user_id" = 'c4b38885-f504-4898-906b-24941fabb892' LIMIT 1 /*action='show',application='Backend',controller='sessions'*/[0m
  ↳ app/controllers/api/v1/auth/sessions_controller.rb:67:in 'Api::V1::Auth::SessionsController#user_payload'
[active_model_serializers] Rendered ActiveModel::Serializer::Null with Hash (0.38ms)
Completed 200 OK in 44ms (Views: 2.8ms | ActiveRecord: 4.6ms (2 queries, 0 cached) | GC: 0.0ms)


Started GET "/api/v1/auth/me" for ::1 at 2026-09-18 06:12:32 +0300
Processing by Api::V1::Auth::SessionsController#show as JSON
  [1m[36mUser Load (1.6ms)[0m  [1m[34mSELECT "users".* FROM "users" WHERE "users"."id" = 'c4b38885-f504-4898-906b-24941fabb892' ORDER BY "users"."id" ASC LIMIT 1 /*action='show',application='Backend',controller='sessions'*/[0m
  ↳ app/controllers/api/v1/application_controller.rb:49:in 'Api::V1::ApplicationController#authenticate_user!'
  [1m[36mProfile Load (1.8ms)[0m  [1m[34mSELECT "profiles".* FROM "profiles" WHERE "profiles"."user_id" = 'c4b38885-f504-4898-906b-24941fabb892' LIMIT 1 /*action='show',application='Backend',controller='sessions'*/[0m
  ↳ app/controllers/api/v1/auth/sessions_controller.rb:67:in 'Api::V1::Auth::SessionsController#user_payload'
[active_model_serializers] Rendered ActiveModel::Serializer::Null with Hash (0.16ms)
Completed 200 OK in 27ms (Views: 1.8ms | ActiveRecord: 3.3ms (2 queries, 0 cached) | GC: 0.0ms)


Started GET "/api/v1/health" for ::1 at 2026-09-18 06:12:33 +0300
Processing by Api::V1::HealthController#show as JSON
  [1m[35m (2.5ms)[0m  [1m[34mSELECT 1 /*action='show',application='Backend',controller='health'*/[0m
  ↳ app/controllers/api/v1/health_controller.rb:29:in 'Api::V1::HealthController#database_reachable?'
  [1m[36mUser Load (3.1ms)[0m  [1m[34mSELECT "users".* FROM "users" WHERE "users"."id" = 'c4b38885-f504-4898-906b-24941fabb892' ORDER BY "users"."id" ASC LIMIT 1 /*action='show',application='Backend',controller='health'*/[0m
  ↳ app/controllers/api/v1/health_controller.rb:17:in 'Api::V1::HealthController#show'
[active_model_serializers] Rendered ActiveModel::Serializer::Null with Hash (0.34ms)
Completed 200 OK in 40ms (Views: 26.2ms | ActiveRecord: 5.5ms (2 queries, 0 cached) | GC: 0.0ms)


Started GET "/api/v1/health" for ::1 at 2026-09-18 06:12:33 +0300
Processing by Api::V1::HealthController#show as JSON
  [1m[35m (2.7ms)[0m  [1m[34mSELECT 1 /*action='show',application='Backend',controller='health'*/[0m
  ↳ app/controllers/api/v1/health_controller.rb:29:in 'Api::V1::HealthController#database_reachable?'
  [1m[36mUser Load (2.3ms)[0m  [1m[34mSELECT "users".* FROM "users" WHERE "users"."id" = 'c4b38885-f504-4898-906b-24941fabb892' ORDER BY "users"."id" ASC LIMIT 1 /*action='show',application='Backend',controller='health'*/[0m
  ↳ app/controllers/api/v1/health_controller.rb:17:in 'Api::V1::HealthController#show'
[active_model_serializers] Rendered ActiveModel::Serializer::Null with Hash (0.25ms)
Completed 200 OK in 27ms (Views: 16.0ms | ActiveRecord: 4.9ms (2 queries, 0 cached) | GC: 0.0ms)


Using vips to process variants requires the libvips library. Please install libvips using the instructions on the libvips website.
Started GET "/api/v1/auth/me" for ::1 at 2026-09-18 06:13:22 +0300
  [1m[36mActiveRecord::SchemaMigration Load (1.6ms)[0m  [1m[34mSELECT "schema_migrations"."version" FROM "schema_migrations" ORDER BY "schema_migrations"."version" ASC /*application='Backend'*/[0m
Processing by Api::V1::Auth::SessionsController#show as JSON
[active_model_serializers] Rendered ActiveModel::Serializer::Null with Hash (0.09ms)
Filter chain halted as :authenticate_user! rendered or redirected
Completed 401 Unauthorized in 18ms (Views: 6.2ms | ActiveRecord: 0.0ms (0 queries, 0 cached) | GC: 6.3ms)


Started GET "/api/v1/auth/me" for ::1 at 2026-09-18 06:13:22 +0300
Processing by Api::V1::Auth::SessionsController#show as JSON
[active_model_serializers] Rendered ActiveModel::Serializer::Null with Hash (0.07ms)
Filter chain halted as :authenticate_user! rendered or redirected
Completed 401 Unauthorized in 5ms (Views: 1.1ms | ActiveRecord: 0.0ms (0 queries, 0 cached) | GC: 0.0ms)


Started POST "/api/v1/auth/login" for ::1 at 2026-09-18 06:13:24 +0300
Processing by Api::V1::Auth::SessionsController#create as JSON
  Parameters: {"user" => {"email" => "[FILTERED]", "password" => "[FILTERED]"}, "session" => {"user" => {"email" => "[FILTERED]", "password" => "[FILTERED]"}}}
  [1m[36mUser Load (2.9ms)[0m  [1m[34mSELECT "users".* FROM "users" WHERE "users"."email" = 'ragadabdelwahab81@gmail.com' LIMIT 1 /*action='create',application='Backend',controller='sessions'*/[0m
  ↳ app/controllers/api/v1/auth/sessions_controller.rb:12:in 'Api::V1::Auth::SessionsController#create'
  [1m[36mTRANSACTION (1.0ms)[0m  [1m[35mBEGIN /*action='create',application='Backend',controller='sessions'*/[0m
  ↳ app/controllers/api/v1/auth/sessions_controller.rb:15:in 'Api::V1::Auth::SessionsController#create'
  [1m[36mUser Update (6.0ms)[0m  [1m[33mUPDATE "users" SET "current_sign_in_at" = '2026-09-18 03:13:25.109075', "last_sign_in_at" = '2026-09-18 03:07:44.838403', "sign_in_count" = 3, "updated_at" = '2026-09-18 03:13:25.109823' WHERE "users"."id" = 'c4b38885-f504-4898-906b-24941fabb892' /*action='create',application='Backend',controller='sessions'*/[0m
  ↳ app/controllers/api/v1/auth/sessions_controller.rb:15:in 'Api::V1::Auth::SessionsController#create'
  [1m[36mTRANSACTION (22.2ms)[0m  [1m[35mCOMMIT /*action='create',application='Backend',controller='sessions'*/[0m
  ↳ app/controllers/api/v1/auth/sessions_controller.rb:15:in 'Api::V1::Auth::SessionsController#create'
[active_model_serializers] Rendered ActiveModel::Serializer::Null with Hash (0.09ms)
Completed 200 OK in 743ms (Views: 1.1ms | ActiveRecord: 76.7ms (2 queries, 0 cached) | GC: 58.6ms)


Started GET "/api/v1/auth/me" for ::1 at 2026-09-18 06:13:25 +0300
Processing by Api::V1::Auth::SessionsController#show as JSON
  [1m[36mUser Load (2.9ms)[0m  [1m[34mSELECT "users".* FROM "users" WHERE "users"."id" = 'c4b38885-f504-4898-906b-24941fabb892' ORDER BY "users"."id" ASC LIMIT 1 /*action='show',application='Backend',controller='sessions'*/[0m
  ↳ app/controllers/api/v1/application_controller.rb:49:in 'Api::V1::ApplicationController#authenticate_user!'
  [1m[36mProfile Load (2.3ms)[0m  [1m[34mSELECT "profiles".* FROM "profiles" WHERE "profiles"."user_id" = 'c4b38885-f504-4898-906b-24941fabb892' LIMIT 1 /*action='show',application='Backend',controller='sessions'*/[0m
  ↳ app/controllers/api/v1/auth/sessions_controller.rb:67:in 'Api::V1::Auth::SessionsController#user_payload'
[active_model_serializers] Rendered ActiveModel::Serializer::Null with Hash (0.12ms)
Completed 200 OK in 83ms (Views: 1.1ms | ActiveRecord: 12.3ms (2 queries, 0 cached) | GC: 2.1ms)


Started GET "/api/v1/health" for ::1 at 2026-09-18 06:13:25 +0300
Processing by Api::V1::HealthController#show as JSON
  [1m[35m (1.0ms)[0m  [1m[34mSELECT 1 /*action='show',application='Backend',controller='health'*/[0m
  ↳ app/controllers/api/v1/health_controller.rb:29:in 'Api::V1::HealthController#database_reachable?'
  [1m[36mUser Load (1.7ms)[0m  [1m[34mSELECT "users".* FROM "users" WHERE "users"."id" = 'c4b38885-f504-4898-906b-24941fabb892' ORDER BY "users"."id" ASC LIMIT 1 /*action='show',application='Backend',controller='health'*/[0m
  ↳ app/controllers/api/v1/health_controller.rb:17:in 'Api::V1::HealthController#show'
[active_model_serializers] Rendered ActiveModel::Serializer::Null with Hash (0.06ms)
Completed 200 OK in 12ms (Views: 7.0ms | ActiveRecord: 2.6ms (2 queries, 0 cached) | GC: 0.0ms)


Started GET "/api/v1/health" for ::1 at 2026-09-18 06:13:25 +0300
Processing by Api::V1::HealthController#show as JSON
  [1m[35m (1.1ms)[0m  [1m[34mSELECT 1 /*action='show',application='Backend',controller='health'*/[0m
  ↳ app/controllers/api/v1/health_controller.rb:29:in 'Api::V1::HealthController#database_reachable?'
  [1m[36mUser Load (1.3ms)[0m  [1m[34mSELECT "users".* FROM "users" WHERE "users"."id" = 'c4b38885-f504-4898-906b-24941fabb892' ORDER BY "users"."id" ASC LIMIT 1 /*action='show',application='Backend',controller='health'*/[0m
  ↳ app/controllers/api/v1/health_controller.rb:17:in 'Api::V1::HealthController#show'
[active_model_serializers] Rendered ActiveModel::Serializer::Null with Hash (0.08ms)
Completed 200 OK in 15ms (Views: 9.3ms | ActiveRecord: 2.4ms (2 queries, 0 cached) | GC: 0.5ms)


Started DELETE "/api/v1/auth/logout" for ::1 at 2026-09-18 06:13:28 +0300
Processing by Api::V1::Auth::SessionsController#destroy as JSON
HTTP Origin header (http://localhost:5173) didn't match request.base_url (http://localhost:3000)
rescue_from handled ActionController::InvalidAuthenticityToken (HTTP Origin header (http://localhost:5173) didn't match request.base_url (http://localhost:3000)) - /home/user/.local/share/mise/installs/ruby/3.4.9/lib/ruby/gems/3.4.0/gems/actionpack-8.1.3.1/lib/action_controller/metal/request_forgery_protection.rb:321:in 'ActionController::RequestForgeryProtection::ProtectionMethods::Exception#handle_unverified_request'
  [1m[36mUser Load (2.9ms)[0m  [1m[34mSELECT "users".* FROM "users" WHERE "users"."id" = 'c4b38885-f504-4898-906b-24941fabb892' ORDER BY "users"."id" ASC LIMIT 1 /*action='destroy',application='Backend',controller='sessions'*/[0m
  ↳ app/controllers/api/v1/application_controller.rb:111:in 'Api::V1::ApplicationController#render_error'
[active_model_serializers] Rendered ActiveModel::Serializer::Null with Hash (0.11ms)
Completed 422 Unprocessable Content in 29ms (Views: 17.5ms | ActiveRecord: 2.9ms (1 query, 0 cached) | GC: 1.4ms)


Started GET "/api/v1/health" for ::1 at 2026-09-18 06:13:28 +0300
Processing by Api::V1::HealthController#show as */*
  [1m[35m (2.6ms)[0m  [1m[34mSELECT 1 /*action='show',application='Backend',controller='health'*/[0m
  ↳ app/controllers/api/v1/health_controller.rb:29:in 'Api::V1::HealthController#database_reachable?'
  [1m[36mUser Load (4.1ms)[0m  [1m[34mSELECT "users".* FROM "users" WHERE "users"."id" = 'c4b38885-f504-4898-906b-24941fabb892' ORDER BY "users"."id" ASC LIMIT 1 /*action='show',application='Backend',controller='health'*/[0m
  ↳ app/controllers/api/v1/health_controller.rb:17:in 'Api::V1::HealthController#show'
[active_model_serializers] Rendered ActiveModel::Serializer::Null with Hash (0.21ms)
Completed 200 OK in 33ms (Views: 19.8ms | ActiveRecord: 6.6ms (2 queries, 0 cached) | GC: 3.1ms)


Started GET "/api/v1/auth/me" for ::1 at 2026-09-18 06:13:34 +0300
Processing by Api::V1::Auth::SessionsController#show as JSON
  [1m[36mUser Load (1.4ms)[0m  [1m[34mSELECT "users".* FROM "users" WHERE "users"."id" = 'c4b38885-f504-4898-906b-24941fabb892' ORDER BY "users"."id" ASC LIMIT 1 /*action='show',application='Backend',controller='sessions'*/[0m
  ↳ app/controllers/api/v1/application_controller.rb:49:in 'Api::V1::ApplicationController#authenticate_user!'
  [1m[36mProfile Load (2.0ms)[0m  [1m[34mSELECT "profiles".* FROM "profiles" WHERE "profiles"."user_id" = 'c4b38885-f504-4898-906b-24941fabb892' LIMIT 1 /*action='show',application='Backend',controller='sessions'*/[0m
  ↳ app/controllers/api/v1/auth/sessions_controller.rb:67:in 'Api::V1::Auth::SessionsController#user_payload'
[active_model_serializers] Rendered ActiveModel::Serializer::Null with Hash (0.19ms)
Completed 200 OK in 31ms (Views: 1.4ms | ActiveRecord: 3.2ms (2 queries, 0 cached) | GC: 1.3ms)


Started GET "/api/v1/auth/me" for ::1 at 2026-09-18 06:13:35 +0300
Processing by Api::V1::Auth::SessionsController#show as JSON
  [1m[36mUser Load (1.4ms)[0m  [1m[34mSELECT "users".* FROM "users" WHERE "users"."id" = 'c4b38885-f504-4898-906b-24941fabb892' ORDER BY "users"."id" ASC LIMIT 1 /*action='show',application='Backend',controller='sessions'*/[0m
  ↳ app/controllers/api/v1/application_controller.rb:49:in 'Api::V1::ApplicationController#authenticate_user!'
  [1m[36mProfile Load (2.2ms)[0m  [1m[34mSELECT "profiles".* FROM "profiles" WHERE "profiles"."user_id" = 'c4b38885-f504-4898-906b-24941fabb892' LIMIT 1 /*action='show',application='Backend',controller='sessions'*/[0m
  ↳ app/controllers/api/v1/auth/sessions_controller.rb:67:in 'Api::V1::Auth::SessionsController#user_payload'
[active_model_serializers] Rendered ActiveModel::Serializer::Null with Hash (0.16ms)
Completed 200 OK in 19ms (Views: 1.7ms | ActiveRecord: 3.5ms (2 queries, 0 cached) | GC: 0.0ms)


Started GET "/api/v1/health" for ::1 at 2026-09-18 06:13:35 +0300
Processing by Api::V1::HealthController#show as JSON
  [1m[35m (1.0ms)[0m  [1m[34mSELECT 1 /*action='show',application='Backend',controller='health'*/[0m
  ↳ app/controllers/api/v1/health_controller.rb:29:in 'Api::V1::HealthController#database_reachable?'
  [1m[36mUser Load (1.5ms)[0m  [1m[34mSELECT "users".* FROM "users" WHERE "users"."id" = 'c4b38885-f504-4898-906b-24941fabb892' ORDER BY "users"."id" ASC LIMIT 1 /*action='show',application='Backend',controller='health'*/[0m
  ↳ app/controllers/api/v1/health_controller.rb:17:in 'Api::V1::HealthController#show'
[active_model_serializers] Rendered ActiveModel::Serializer::Null with Hash (0.06ms)
Completed 200 OK in 13ms (Views: 7.4ms | ActiveRecord: 2.5ms (2 queries, 0 cached) | GC: 0.0ms)


Started GET "/api/v1/health" for ::1 at 2026-09-18 06:13:35 +0300
Processing by Api::V1::HealthController#show as JSON
  [1m[35m (0.9ms)[0m  [1m[34mSELECT 1 /*action='show',application='Backend',controller='health'*/[0m
  ↳ app/controllers/api/v1/health_controller.rb:29:in 'Api::V1::HealthController#database_reachable?'
  [1m[36mUser Load (1.4ms)[0m  [1m[34mSELECT "users".* FROM "users" WHERE "users"."id" = 'c4b38885-f504-4898-906b-24941fabb892' ORDER BY "users"."id" ASC LIMIT 1 /*action='show',application='Backend',controller='health'*/[0m
  ↳ app/controllers/api/v1/health_controller.rb:17:in 'Api::V1::HealthController#show'
[active_model_serializers] Rendered ActiveModel::Serializer::Null with Hash (0.25ms)
Completed 200 OK in 11ms (Views: 5.7ms | ActiveRecord: 2.3ms (2 queries, 0 cached) | GC: 0.0ms)


Using vips to process variants requires the libvips library. Please install libvips using the instructions on the libvips website.
Started GET "/api/v1/auth/me" for ::1 at 2026-09-18 06:24:44 +0300
  [1m[36mActiveRecord::SchemaMigration Load (1.2ms)[0m  [1m[34mSELECT "schema_migrations"."version" FROM "schema_migrations" ORDER BY "schema_migrations"."version" ASC /*application='Backend'*/[0m
Processing by Api::V1::Auth::SessionsController#show as JSON
  [1m[36mUser Load (4.3ms)[0m  [1m[34mSELECT "users".* FROM "users" WHERE "users"."id" = 'c4b38885-f504-4898-906b-24941fabb892' ORDER BY "users"."id" ASC LIMIT 1 /*action='show',application='Backend',controller='sessions'*/[0m
  ↳ app/controllers/api/v1/application_controller.rb:49:in 'Api::V1::ApplicationController#authenticate_user!'
  [1m[36mProfile Load (3.7ms)[0m  [1m[34mSELECT "profiles".* FROM "profiles" WHERE "profiles"."user_id" = 'c4b38885-f504-4898-906b-24941fabb892' LIMIT 1 /*action='show',application='Backend',controller='sessions'*/[0m
  ↳ app/controllers/api/v1/auth/sessions_controller.rb:67:in 'Api::V1::Auth::SessionsController#user_payload'
[active_model_serializers] Rendered ActiveModel::Serializer::Null with Hash (0.37ms)
Completed 200 OK in 362ms (Views: 9.3ms | ActiveRecord: 127.8ms (2 queries, 0 cached) | GC: 73.0ms)


Started GET "/api/v1/auth/me" for ::1 at 2026-09-18 06:24:44 +0300
Processing by Api::V1::Auth::SessionsController#show as JSON
  [1m[36mUser Load (3.4ms)[0m  [1m[34mSELECT "users".* FROM "users" WHERE "users"."id" = 'c4b38885-f504-4898-906b-24941fabb892' ORDER BY "users"."id" ASC LIMIT 1 /*action='show',application='Backend',controller='sessions'*/[0m
  ↳ app/controllers/api/v1/application_controller.rb:49:in 'Api::V1::ApplicationController#authenticate_user!'
  [1m[36mProfile Load (2.8ms)[0m  [1m[34mSELECT "profiles".* FROM "profiles" WHERE "profiles"."user_id" = 'c4b38885-f504-4898-906b-24941fabb892' LIMIT 1 /*action='show',application='Backend',controller='sessions'*/[0m
  ↳ app/controllers/api/v1/auth/sessions_controller.rb:67:in 'Api::V1::Auth::SessionsController#user_payload'
[active_model_serializers] Rendered ActiveModel::Serializer::Null with Hash (0.18ms)
Completed 200 OK in 33ms (Views: 2.0ms | ActiveRecord: 6.1ms (2 queries, 0 cached) | GC: 0.0ms)


Started GET "/api/v1/auth/me" for ::1 at 2026-09-18 06:24:45 +0300
Processing by Api::V1::Auth::SessionsController#show as JSON
  [1m[36mUser Load (1.6ms)[0m  [1m[34mSELECT "users".* FROM "users" WHERE "users"."id" = 'c4b38885-f504-4898-906b-24941fabb892' ORDER BY "users"."id" ASC LIMIT 1 /*action='show',application='Backend',controller='sessions'*/[0m
  ↳ app/controllers/api/v1/application_controller.rb:49:in 'Api::V1::ApplicationController#authenticate_user!'
  [1m[36mProfile Load (1.4ms)[0m  [1m[34mSELECT "profiles".* FROM "profiles" WHERE "profiles"."user_id" = 'c4b38885-f504-4898-906b-24941fabb892' LIMIT 1 /*action='show',application='Backend',controller='sessions'*/[0m
  ↳ app/controllers/api/v1/auth/sessions_controller.rb:67:in 'Api::V1::Auth::SessionsController#user_payload'
[active_model_serializers] Rendered ActiveModel::Serializer::Null with Hash (0.24ms)
Completed 200 OK in 35ms (Views: 2.0ms | ActiveRecord: 2.8ms (2 queries, 0 cached) | GC: 0.0ms)


Started GET "/api/v1/auth/me" for ::1 at 2026-09-18 06:24:45 +0300
Processing by Api::V1::Auth::SessionsController#show as JSON
  [1m[36mUser Load (1.5ms)[0m  [1m[34mSELECT "users".* FROM "users" WHERE "users"."id" = 'c4b38885-f504-4898-906b-24941fabb892' ORDER BY "users"."id" ASC LIMIT 1 /*action='show',application='Backend',controller='sessions'*/[0m
  ↳ app/controllers/api/v1/application_controller.rb:49:in 'Api::V1::ApplicationController#authenticate_user!'
  [1m[36mProfile Load (1.5ms)[0m  [1m[34mSELECT "profiles".* FROM "profiles" WHERE "profiles"."user_id" = 'c4b38885-f504-4898-906b-24941fabb892' LIMIT 1 /*action='show',application='Backend',controller='sessions'*/[0m
  ↳ app/controllers/api/v1/auth/sessions_controller.rb:67:in 'Api::V1::Auth::SessionsController#user_payload'
[active_model_serializers] Rendered ActiveModel::Serializer::Null with Hash (0.21ms)
Completed 200 OK in 23ms (Views: 1.3ms | ActiveRecord: 3.0ms (2 queries, 0 cached) | GC: 1.2ms)


Started GET "/api/v1/auth/me" for ::1 at 2026-09-18 06:24:52 +0300
Processing by Api::V1::Auth::SessionsController#show as JSON
  [1m[36mUser Load (1.5ms)[0m  [1m[34mSELECT "users".* FROM "users" WHERE "users"."id" = 'c4b38885-f504-4898-906b-24941fabb892' ORDER BY "users"."id" ASC LIMIT 1 /*action='show',application='Backend',controller='sessions'*/[0m
  ↳ app/controllers/api/v1/application_controller.rb:49:in 'Api::V1::ApplicationController#authenticate_user!'
  [1m[36mProfile Load (1.3ms)[0m  [1m[34mSELECT "profiles".* FROM "profiles" WHERE "profiles"."user_id" = 'c4b38885-f504-4898-906b-24941fabb892' LIMIT 1 /*action='show',application='Backend',controller='sessions'*/[0m
  ↳ app/controllers/api/v1/auth/sessions_controller.rb:67:in 'Api::V1::Auth::SessionsController#user_payload'
[active_model_serializers] Rendered ActiveModel::Serializer::Null with Hash (0.16ms)
Completed 200 OK in 23ms (Views: 1.5ms | ActiveRecord: 2.8ms (2 queries, 0 cached) | GC: 0.0ms)


Started GET "/api/v1/auth/me" for ::1 at 2026-09-18 06:24:52 +0300
Processing by Api::V1::Auth::SessionsController#show as JSON
  [1m[36mUser Load (1.1ms)[0m  [1m[34mSELECT "users".* FROM "users" WHERE "users"."id" = 'c4b38885-f504-4898-906b-24941fabb892' ORDER BY "users"."id" ASC LIMIT 1 /*action='show',application='Backend',controller='sessions'*/[0m
  ↳ app/controllers/api/v1/application_controller.rb:49:in 'Api::V1::ApplicationController#authenticate_user!'
  [1m[36mProfile Load (1.6ms)[0m  [1m[34mSELECT "profiles".* FROM "profiles" WHERE "profiles"."user_id" = 'c4b38885-f504-4898-906b-24941fabb892' LIMIT 1 /*action='show',application='Backend',controller='sessions'*/[0m
  ↳ app/controllers/api/v1/auth/sessions_controller.rb:67:in 'Api::V1::Auth::SessionsController#user_payload'
[active_model_serializers] Rendered ActiveModel::Serializer::Null with Hash (0.12ms)
Completed 200 OK in 21ms (Views: 1.1ms | ActiveRecord: 2.7ms (2 queries, 0 cached) | GC: 0.5ms)


Started GET "/api/v1/health" for ::1 at 2026-09-18 06:24:52 +0300
Processing by Api::V1::HealthController#show as JSON
  [1m[35m (1.0ms)[0m  [1m[34mSELECT 1 /*action='show',application='Backend',controller='health'*/[0m
  ↳ app/controllers/api/v1/health_controller.rb:29:in 'Api::V1::HealthController#database_reachable?'
  [1m[36mUser Load (1.0ms)[0m  [1m[34mSELECT "users".* FROM "users" WHERE "users"."id" = 'c4b38885-f504-4898-906b-24941fabb892' ORDER BY "users"."id" ASC LIMIT 1 /*action='show',application='Backend',controller='health'*/[0m
  ↳ app/controllers/api/v1/health_controller.rb:17:in 'Api::V1::HealthController#show'
[active_model_serializers] Rendered ActiveModel::Serializer::Null with Hash (0.06ms)
Completed 200 OK in 10ms (Views: 5.6ms | ActiveRecord: 2.0ms (2 queries, 0 cached) | GC: 0.3ms)


Started GET "/api/v1/health" for ::1 at 2026-09-18 06:24:52 +0300
Processing by Api::V1::HealthController#show as JSON
  [1m[35m (1.1ms)[0m  [1m[34mSELECT 1 /*action='show',application='Backend',controller='health'*/[0m
  ↳ app/controllers/api/v1/health_controller.rb:29:in 'Api::V1::HealthController#database_reachable?'
  [1m[36mUser Load (1.1ms)[0m  [1m[34mSELECT "users".* FROM "users" WHERE "users"."id" = 'c4b38885-f504-4898-906b-24941fabb892' ORDER BY "users"."id" ASC LIMIT 1 /*action='show',application='Backend',controller='health'*/[0m
  ↳ app/controllers/api/v1/health_controller.rb:17:in 'Api::V1::HealthController#show'
[active_model_serializers] Rendered ActiveModel::Serializer::Null with Hash (0.1ms)
Completed 200 OK in 13ms (Views: 7.6ms | ActiveRecord: 2.2ms (2 queries, 0 cached) | GC: 0.0ms)


Using vips to process variants requires the libvips library. Please install libvips using the instructions on the libvips website.
Started GET "/api/v1/auth/me" for ::1 at 2026-09-18 06:29:18 +0300
  [1m[36mActiveRecord::SchemaMigration Load (1.1ms)[0m  [1m[34mSELECT "schema_migrations"."version" FROM "schema_migrations" ORDER BY "schema_migrations"."version" ASC /*application='Backend'*/[0m
Processing by Api::V1::Auth::SessionsController#show as JSON
  [1m[36mUser Load (3.9ms)[0m  [1m[34mSELECT "users".* FROM "users" WHERE "users"."id" = 'c4b38885-f504-4898-906b-24941fabb892' ORDER BY "users"."id" ASC LIMIT 1 /*action='show',application='Backend',controller='sessions'*/[0m
  ↳ app/controllers/api/v1/application_controller.rb:49:in 'Api::V1::ApplicationController#authenticate_user!'
  [1m[36mProfile Load (3.0ms)[0m  [1m[34mSELECT "profiles".* FROM "profiles" WHERE "profiles"."user_id" = 'c4b38885-f504-4898-906b-24941fabb892' LIMIT 1 /*action='show',application='Backend',controller='sessions'*/[0m
  ↳ app/controllers/api/v1/auth/sessions_controller.rb:67:in 'Api::V1::Auth::SessionsController#user_payload'
[active_model_serializers] Rendered ActiveModel::Serializer::Null with Hash (0.58ms)
Completed 200 OK in 354ms (Views: 8.1ms | ActiveRecord: 152.2ms (2 queries, 0 cached) | GC: 82.2ms)


Started GET "/api/v1/auth/me" for ::1 at 2026-09-18 06:29:18 +0300
Processing by Api::V1::Auth::SessionsController#show as JSON
  [1m[36mUser Load (3.1ms)[0m  [1m[34mSELECT "users".* FROM "users" WHERE "users"."id" = 'c4b38885-f504-4898-906b-24941fabb892' ORDER BY "users"."id" ASC LIMIT 1 /*action='show',application='Backend',controller='sessions'*/[0m
  ↳ app/controllers/api/v1/application_controller.rb:49:in 'Api::V1::ApplicationController#authenticate_user!'
  [1m[36mProfile Load (1.8ms)[0m  [1m[34mSELECT "profiles".* FROM "profiles" WHERE "profiles"."user_id" = 'c4b38885-f504-4898-906b-24941fabb892' LIMIT 1 /*action='show',application='Backend',controller='sessions'*/[0m
  ↳ app/controllers/api/v1/auth/sessions_controller.rb:67:in 'Api::V1::Auth::SessionsController#user_payload'
[active_model_serializers] Rendered ActiveModel::Serializer::Null with Hash (0.13ms)
Completed 200 OK in 25ms (Views: 2.5ms | ActiveRecord: 4.8ms (2 queries, 0 cached) | GC: 1.0ms)


Started GET "/api/v1/auth/me" for ::1 at 2026-09-18 06:29:21 +0300
Processing by Api::V1::Auth::SessionsController#show as JSON
  [1m[36mUser Load (2.4ms)[0m  [1m[34mSELECT "users".* FROM "users" WHERE "users"."id" = 'c4b38885-f504-4898-906b-24941fabb892' ORDER BY "users"."id" ASC LIMIT 1 /*action='show',application='Backend',controller='sessions'*/[0m
  ↳ app/controllers/api/v1/application_controller.rb:49:in 'Api::V1::ApplicationController#authenticate_user!'
  [1m[36mProfile Load (2.2ms)[0m  [1m[34mSELECT "profiles".* FROM "profiles" WHERE "profiles"."user_id" = 'c4b38885-f504-4898-906b-24941fabb892' LIMIT 1 /*action='show',application='Backend',controller='sessions'*/[0m
  ↳ app/controllers/api/v1/auth/sessions_controller.rb:67:in 'Api::V1::Auth::SessionsController#user_payload'
[active_model_serializers] Rendered ActiveModel::Serializer::Null with Hash (0.12ms)
Completed 200 OK in 21ms (Views: 1.3ms | ActiveRecord: 4.5ms (2 queries, 0 cached) | GC: 0.0ms)


Started GET "/api/v1/auth/me" for ::1 at 2026-09-18 06:29:21 +0300
Processing by Api::V1::Auth::SessionsController#show as JSON
  [1m[36mUser Load (1.8ms)[0m  [1m[34mSELECT "users".* FROM "users" WHERE "users"."id" = 'c4b38885-f504-4898-906b-24941fabb892' ORDER BY "users"."id" ASC LIMIT 1 /*action='show',application='Backend',controller='sessions'*/[0m
  ↳ app/controllers/api/v1/application_controller.rb:49:in 'Api::V1::ApplicationController#authenticate_user!'
  [1m[36mProfile Load (2.1ms)[0m  [1m[34mSELECT "profiles".* FROM "profiles" WHERE "profiles"."user_id" = 'c4b38885-f504-4898-906b-24941fabb892' LIMIT 1 /*action='show',application='Backend',controller='sessions'*/[0m
  ↳ app/controllers/api/v1/auth/sessions_controller.rb:67:in 'Api::V1::Auth::SessionsController#user_payload'
[active_model_serializers] Rendered ActiveModel::Serializer::Null with Hash (0.18ms)
Completed 200 OK in 23ms (Views: 2.6ms | ActiveRecord: 3.7ms (2 queries, 0 cached) | GC: 0.0ms)


Started POST "/api/v1/auth/login" for ::1 at 2026-09-18 06:29:23 +0300
Processing by Api::V1::Auth::SessionsController#create as JSON
  Parameters: {"user" => {"email" => "[FILTERED]", "password" => "[FILTERED]"}, "session" => {"user" => {"email" => "[FILTERED]", "password" => "[FILTERED]"}}}
  [1m[36mUser Load (4.1ms)[0m  [1m[34mSELECT "users".* FROM "users" WHERE "users"."email" = 'ragadabdelwahab81@gmail.com' LIMIT 1 /*action='create',application='Backend',controller='sessions'*/[0m
  ↳ app/controllers/api/v1/auth/sessions_controller.rb:12:in 'Api::V1::Auth::SessionsController#create'
  [1m[36mUser Load (1.2ms)[0m  [1m[34mSELECT "users".* FROM "users" WHERE "users"."id" = 'c4b38885-f504-4898-906b-24941fabb892' ORDER BY "users"."id" ASC LIMIT 1 /*action='create',application='Backend',controller='sessions'*/[0m
  ↳ app/controllers/api/v1/auth/sessions_controller.rb:15:in 'Api::V1::Auth::SessionsController#create'
[active_model_serializers] Rendered ActiveModel::Serializer::Null with Hash (0.07ms)
Completed 200 OK in 674ms (Views: 0.9ms | ActiveRecord: 5.2ms (2 queries, 0 cached) | GC: 1.7ms)


Started GET "/api/v1/auth/me" for ::1 at 2026-09-18 06:29:23 +0300
Processing by Api::V1::Auth::SessionsController#show as JSON
  [1m[36mUser Load (1.2ms)[0m  [1m[34mSELECT "users".* FROM "users" WHERE "users"."id" = 'c4b38885-f504-4898-906b-24941fabb892' ORDER BY "users"."id" ASC LIMIT 1 /*action='show',application='Backend',controller='sessions'*/[0m
  ↳ app/controllers/api/v1/application_controller.rb:49:in 'Api::V1::ApplicationController#authenticate_user!'
  [1m[36mProfile Load (1.2ms)[0m  [1m[34mSELECT "profiles".* FROM "profiles" WHERE "profiles"."user_id" = 'c4b38885-f504-4898-906b-24941fabb892' LIMIT 1 /*action='show',application='Backend',controller='sessions'*/[0m
  ↳ app/controllers/api/v1/auth/sessions_controller.rb:67:in 'Api::V1::Auth::SessionsController#user_payload'
[active_model_serializers] Rendered ActiveModel::Serializer::Null with Hash (0.28ms)
Completed 200 OK in 12ms (Views: 1.0ms | ActiveRecord: 2.2ms (2 queries, 0 cached) | GC: 0.0ms)


Started GET "/api/v1/health" for ::1 at 2026-09-18 06:29:23 +0300
Processing by Api::V1::HealthController#show as JSON
  [1m[35m (0.9ms)[0m  [1m[34mSELECT 1 /*action='show',application='Backend',controller='health'*/[0m
  ↳ app/controllers/api/v1/health_controller.rb:29:in 'Api::V1::HealthController#database_reachable?'
  [1m[36mUser Load (1.5ms)[0m  [1m[34mSELECT "users".* FROM "users" WHERE "users"."id" = 'c4b38885-f504-4898-906b-24941fabb892' ORDER BY "users"."id" ASC LIMIT 1 /*action='show',application='Backend',controller='health'*/[0m
  ↳ app/controllers/api/v1/health_controller.rb:17:in 'Api::V1::HealthController#show'
[active_model_serializers] Rendered ActiveModel::Serializer::Null with Hash (0.52ms)
Completed 200 OK in 15ms (Views: 10.2ms | ActiveRecord: 2.4ms (2 queries, 0 cached) | GC: 0.4ms)


Started GET "/api/v1/health" for ::1 at 2026-09-18 06:29:23 +0300
Processing by Api::V1::HealthController#show as JSON
  [1m[35m (1.6ms)[0m  [1m[34mSELECT 1 /*action='show',application='Backend',controller='health'*/[0m
  ↳ app/controllers/api/v1/health_controller.rb:29:in 'Api::V1::HealthController#database_reachable?'
  [1m[36mUser Load (1.3ms)[0m  [1m[34mSELECT "users".* FROM "users" WHERE "users"."id" = 'c4b38885-f504-4898-906b-24941fabb892' ORDER BY "users"."id" ASC LIMIT 1 /*action='show',application='Backend',controller='health'*/[0m
  ↳ app/controllers/api/v1/health_controller.rb:17:in 'Api::V1::HealthController#show'
[active_model_serializers] Rendered ActiveModel::Serializer::Null with Hash (0.06ms)
Completed 200 OK in 14ms (Views: 7.4ms | ActiveRecord: 2.8ms (2 queries, 0 cached) | GC: 0.4ms)


Started DELETE "/api/v1/auth/logout" for ::1 at 2026-09-18 06:29:28 +0300
Processing by Api::V1::Auth::SessionsController#destroy as JSON
HTTP Origin header (http://localhost:5173) didn't match request.base_url (http://localhost:3000)
rescue_from handled ActionController::InvalidAuthenticityToken (HTTP Origin header (http://localhost:5173) didn't match request.base_url (http://localhost:3000)) - /home/user/.local/share/mise/installs/ruby/3.4.9/lib/ruby/gems/3.4.0/gems/actionpack-8.1.3.1/lib/action_controller/metal/request_forgery_protection.rb:321:in 'ActionController::RequestForgeryProtection::ProtectionMethods::Exception#handle_unverified_request'
  [1m[36mUser Load (3.1ms)[0m  [1m[34mSELECT "users".* FROM "users" WHERE "users"."id" = 'c4b38885-f504-4898-906b-24941fabb892' ORDER BY "users"."id" ASC LIMIT 1 /*action='destroy',application='Backend',controller='sessions'*/[0m
  ↳ app/controllers/api/v1/application_controller.rb:111:in 'Api::V1::ApplicationController#render_error'
[active_model_serializers] Rendered ActiveModel::Serializer::Null with Hash (0.2ms)
Completed 422 Unprocessable Content in 26ms (Views: 16.9ms | ActiveRecord: 3.0ms (1 query, 0 cached) | GC: 0.0ms)


Started GET "/api/v1/health" for ::1 at 2026-09-18 06:29:28 +0300
Processing by Api::V1::HealthController#show as */*
  [1m[35m (2.9ms)[0m  [1m[34mSELECT 1 /*action='show',application='Backend',controller='health'*/[0m
  ↳ app/controllers/api/v1/health_controller.rb:29:in 'Api::V1::HealthController#database_reachable?'
  [1m[36mUser Load (3.3ms)[0m  [1m[34mSELECT "users".* FROM "users" WHERE "users"."id" = 'c4b38885-f504-4898-906b-24941fabb892' ORDER BY "users"."id" ASC LIMIT 1 /*action='show',application='Backend',controller='health'*/[0m
  ↳ app/controllers/api/v1/health_controller.rb:17:in 'Api::V1::HealthController#show'
[active_model_serializers] Rendered ActiveModel::Serializer::Null with Hash (0.46ms)
Completed 200 OK in 27ms (Views: 15.3ms | ActiveRecord: 6.0ms (2 queries, 0 cached) | GC: 0.0ms)


Started GET "/api/v1/auth/me" for ::1 at 2026-09-18 06:29:54 +0300
Processing by Api::V1::Auth::SessionsController#show as JSON
  [1m[36mUser Load (2.1ms)[0m  [1m[34mSELECT "users".* FROM "users" WHERE "users"."id" = 'c4b38885-f504-4898-906b-24941fabb892' ORDER BY "users"."id" ASC LIMIT 1 /*action='show',application='Backend',controller='sessions'*/[0m
  ↳ app/controllers/api/v1/application_controller.rb:49:in 'Api::V1::ApplicationController#authenticate_user!'
  [1m[36mProfile Load (1.3ms)[0m  [1m[34mSELECT "profiles".* FROM "profiles" WHERE "profiles"."user_id" = 'c4b38885-f504-4898-906b-24941fabb892' LIMIT 1 /*action='show',application='Backend',controller='sessions'*/[0m
  ↳ app/controllers/api/v1/auth/sessions_controller.rb:67:in 'Api::V1::Auth::SessionsController#user_payload'
[active_model_serializers] Rendered ActiveModel::Serializer::Null with Hash (0.12ms)
Completed 200 OK in 23ms (Views: 1.0ms | ActiveRecord: 3.4ms (2 queries, 0 cached) | GC: 0.0ms)


Started GET "/api/v1/auth/me" for ::1 at 2026-09-18 06:29:54 +0300
Processing by Api::V1::Auth::SessionsController#show as JSON
  [1m[36mUser Load (1.7ms)[0m  [1m[34mSELECT "users".* FROM "users" WHERE "users"."id" = 'c4b38885-f504-4898-906b-24941fabb892' ORDER BY "users"."id" ASC LIMIT 1 /*action='show',application='Backend',controller='sessions'*/[0m
  ↳ app/controllers/api/v1/application_controller.rb:49:in 'Api::V1::ApplicationController#authenticate_user!'
  [1m[36mProfile Load (1.4ms)[0m  [1m[34mSELECT "profiles".* FROM "profiles" WHERE "profiles"."user_id" = 'c4b38885-f504-4898-906b-24941fabb892' LIMIT 1 /*action='show',application='Backend',controller='sessions'*/[0m
  ↳ app/controllers/api/v1/auth/sessions_controller.rb:67:in 'Api::V1::Auth::SessionsController#user_payload'
[active_model_serializers] Rendered ActiveModel::Serializer::Null with Hash (0.19ms)
Completed 200 OK in 24ms (Views: 1.7ms | ActiveRecord: 3.1ms (2 queries, 0 cached) | GC: 0.0ms)


Started GET "/api/v1/auth/me" for ::1 at 2026-09-18 06:30:16 +0300
Processing by Api::V1::Auth::SessionsController#show as JSON
  [1m[36mUser Load (2.5ms)[0m  [1m[34mSELECT "users".* FROM "users" WHERE "users"."id" = 'c4b38885-f504-4898-906b-24941fabb892' ORDER BY "users"."id" ASC LIMIT 1 /*action='show',application='Backend',controller='sessions'*/[0m
  ↳ app/controllers/api/v1/application_controller.rb:49:in 'Api::V1::ApplicationController#authenticate_user!'
  [1m[36mProfile Load (2.9ms)[0m  [1m[34mSELECT "profiles".* FROM "profiles" WHERE "profiles"."user_id" = 'c4b38885-f504-4898-906b-24941fabb892' LIMIT 1 /*action='show',application='Backend',controller='sessions'*/[0m
  ↳ app/controllers/api/v1/auth/sessions_controller.rb:67:in 'Api::V1::Auth::SessionsController#user_payload'
[active_model_serializers] Rendered ActiveModel::Serializer::Null with Hash (0.27ms)
Completed 200 OK in 28ms (Views: 2.2ms | ActiveRecord: 5.3ms (2 queries, 0 cached) | GC: 0.0ms)


Started GET "/api/v1/auth/me" for ::1 at 2026-09-18 06:30:16 +0300
Processing by Api::V1::Auth::SessionsController#show as JSON
  [1m[36mUser Load (2.6ms)[0m  [1m[34mSELECT "users".* FROM "users" WHERE "users"."id" = 'c4b38885-f504-4898-906b-24941fabb892' ORDER BY "users"."id" ASC LIMIT 1 /*action='show',application='Backend',controller='sessions'*/[0m
  ↳ app/controllers/api/v1/application_controller.rb:49:in 'Api::V1::ApplicationController#authenticate_user!'
  [1m[36mProfile Load (1.5ms)[0m  [1m[34mSELECT "profiles".* FROM "profiles" WHERE "profiles"."user_id" = 'c4b38885-f504-4898-906b-24941fabb892' LIMIT 1 /*action='show',application='Backend',controller='sessions'*/[0m
  ↳ app/controllers/api/v1/auth/sessions_controller.rb:67:in 'Api::V1::Auth::SessionsController#user_payload'
[active_model_serializers] Rendered ActiveModel::Serializer::Null with Hash (0.14ms)
Completed 200 OK in 23ms (Views: 1.5ms | ActiveRecord: 4.1ms (2 queries, 0 cached) | GC: 0.0ms)


Started GET "/api/v1/health" for ::1 at 2026-09-18 06:30:16 +0300
Processing by Api::V1::HealthController#show as JSON
  [1m[35m (1.0ms)[0m  [1m[34mSELECT 1 /*action='show',application='Backend',controller='health'*/[0m
  ↳ app/controllers/api/v1/health_controller.rb:29:in 'Api::V1::HealthController#database_reachable?'
  [1m[36mUser Load (1.4ms)[0m  [1m[34mSELECT "users".* FROM "users" WHERE "users"."id" = 'c4b38885-f504-4898-906b-24941fabb892' ORDER BY "users"."id" ASC LIMIT 1 /*action='show',application='Backend',controller='health'*/[0m
  ↳ app/controllers/api/v1/health_controller.rb:17:in 'Api::V1::HealthController#show'
[active_model_serializers] Rendered ActiveModel::Serializer::Null with Hash (0.05ms)
Completed 200 OK in 11ms (Views: 6.5ms | ActiveRecord: 2.4ms (2 queries, 0 cached) | GC: 0.0ms)


Started GET "/api/v1/health" for ::1 at 2026-09-18 06:30:16 +0300
Processing by Api::V1::HealthController#show as JSON
  [1m[35m (1.1ms)[0m  [1m[34mSELECT 1 /*action='show',application='Backend',controller='health'*/[0m
  ↳ app/controllers/api/v1/health_controller.rb:29:in 'Api::V1::HealthController#database_reachable?'
  [1m[36mUser Load (1.7ms)[0m  [1m[34mSELECT "users".* FROM "users" WHERE "users"."id" = 'c4b38885-f504-4898-906b-24941fabb892' ORDER BY "users"."id" ASC LIMIT 1 /*action='show',application='Backend',controller='health'*/[0m
  ↳ app/controllers/api/v1/health_controller.rb:17:in 'Api::V1::HealthController#show'
[active_model_serializers] Rendered ActiveModel::Serializer::Null with Hash (0.07ms)
Completed 200 OK in 15ms (Views: 7.8ms | ActiveRecord: 2.6ms (2 queries, 0 cached) | GC: 0.0ms)


Started DELETE "/api/v1/auth/logout" for ::1 at 2026-09-18 06:30:39 +0300
Processing by Api::V1::Auth::SessionsController#destroy as JSON
HTTP Origin header (http://localhost:5173) didn't match request.base_url (http://localhost:3000)
rescue_from handled ActionController::InvalidAuthenticityToken (HTTP Origin header (http://localhost:5173) didn't match request.base_url (http://localhost:3000)) - /home/user/.local/share/mise/installs/ruby/3.4.9/lib/ruby/gems/3.4.0/gems/actionpack-8.1.3.1/lib/action_controller/metal/request_forgery_protection.rb:321:in 'ActionController::RequestForgeryProtection::ProtectionMethods::Exception#handle_unverified_request'
  [1m[36mUser Load (1.7ms)[0m  [1m[34mSELECT "users".* FROM "users" WHERE "users"."id" = 'c4b38885-f504-4898-906b-24941fabb892' ORDER BY "users"."id" ASC LIMIT 1 /*action='destroy',application='Backend',controller='sessions'*/[0m
  ↳ app/controllers/api/v1/application_controller.rb:111:in 'Api::V1::ApplicationController#render_error'
[active_model_serializers] Rendered ActiveModel::Serializer::Null with Hash (0.06ms)
Completed 422 Unprocessable Content in 13ms (Views: 9.3ms | ActiveRecord: 1.6ms (1 query, 0 cached) | GC: 0.0ms)


Started GET "/api/v1/health" for ::1 at 2026-09-18 06:30:39 +0300
Processing by Api::V1::HealthController#show as */*
  [1m[35m (1.2ms)[0m  [1m[34mSELECT 1 /*action='show',application='Backend',controller='health'*/[0m
  ↳ app/controllers/api/v1/health_controller.rb:29:in 'Api::V1::HealthController#database_reachable?'
  [1m[36mUser Load (1.5ms)[0m  [1m[34mSELECT "users".* FROM "users" WHERE "users"."id" = 'c4b38885-f504-4898-906b-24941fabb892' ORDER BY "users"."id" ASC LIMIT 1 /*action='show',application='Backend',controller='health'*/[0m
  ↳ app/controllers/api/v1/health_controller.rb:17:in 'Api::V1::HealthController#show'
[active_model_serializers] Rendered ActiveModel::Serializer::Null with Hash (0.05ms)
Completed 200 OK in 10ms (Views: 5.0ms | ActiveRecord: 2.7ms (2 queries, 0 cached) | GC: 0.0ms)


Started GET "/api/v1/auth/me" for ::1 at 2026-09-18 06:30:52 +0300
Processing by Api::V1::Auth::SessionsController#show as JSON
  [1m[36mUser Load (1.6ms)[0m  [1m[34mSELECT "users".* FROM "users" WHERE "users"."id" = 'c4b38885-f504-4898-906b-24941fabb892' ORDER BY "users"."id" ASC LIMIT 1 /*action='show',application='Backend',controller='sessions'*/[0m
  ↳ app/controllers/api/v1/application_controller.rb:49:in 'Api::V1::ApplicationController#authenticate_user!'
  [1m[36mProfile Load (1.5ms)[0m  [1m[34mSELECT "profiles".* FROM "profiles" WHERE "profiles"."user_id" = 'c4b38885-f504-4898-906b-24941fabb892' LIMIT 1 /*action='show',application='Backend',controller='sessions'*/[0m
  ↳ app/controllers/api/v1/auth/sessions_controller.rb:67:in 'Api::V1::Auth::SessionsController#user_payload'
[active_model_serializers] Rendered ActiveModel::Serializer::Null with Hash (0.17ms)
Completed 200 OK in 19ms (Views: 1.4ms | ActiveRecord: 3.0ms (2 queries, 0 cached) | GC: 0.0ms)


Started GET "/api/v1/auth/me" for ::1 at 2026-09-18 06:30:52 +0300
Processing by Api::V1::Auth::SessionsController#show as JSON
  [1m[36mUser Load (1.2ms)[0m  [1m[34mSELECT "users".* FROM "users" WHERE "users"."id" = 'c4b38885-f504-4898-906b-24941fabb892' ORDER BY "users"."id" ASC LIMIT 1 /*action='show',application='Backend',controller='sessions'*/[0m
  ↳ app/controllers/api/v1/application_controller.rb:49:in 'Api::V1::ApplicationController#authenticate_user!'
  [1m[36mProfile Load (1.3ms)[0m  [1m[34mSELECT "profiles".* FROM "profiles" WHERE "profiles"."user_id" = 'c4b38885-f504-4898-906b-24941fabb892' LIMIT 1 /*action='show',application='Backend',controller='sessions'*/[0m
  ↳ app/controllers/api/v1/auth/sessions_controller.rb:67:in 'Api::V1::Auth::SessionsController#user_payload'
[active_model_serializers] Rendered ActiveModel::Serializer::Null with Hash (0.26ms)
Completed 200 OK in 14ms (Views: 0.9ms | ActiveRecord: 2.5ms (2 queries, 0 cached) | GC: 0.0ms)


Started GET "/api/v1/health" for ::1 at 2026-09-18 06:30:53 +0300
Processing by Api::V1::HealthController#show as JSON
  [1m[35m (1.1ms)[0m  [1m[34mSELECT 1 /*action='show',application='Backend',controller='health'*/[0m
  ↳ app/controllers/api/v1/health_controller.rb:29:in 'Api::V1::HealthController#database_reachable?'
  [1m[36mUser Load (1.5ms)[0m  [1m[34mSELECT "users".* FROM "users" WHERE "users"."id" = 'c4b38885-f504-4898-906b-24941fabb892' ORDER BY "users"."id" ASC LIMIT 1 /*action='show',application='Backend',controller='health'*/[0m
  ↳ app/controllers/api/v1/health_controller.rb:17:in 'Api::V1::HealthController#show'
[active_model_serializers] Rendered ActiveModel::Serializer::Null with Hash (0.11ms)
Completed 200 OK in 18ms (Views: 12.2ms | ActiveRecord: 2.6ms (2 queries, 0 cached) | GC: 0.0ms)


Started GET "/api/v1/health" for ::1 at 2026-09-18 06:30:53 +0300
Processing by Api::V1::HealthController#show as JSON
  [1m[35m (1.1ms)[0m  [1m[34mSELECT 1 /*action='show',application='Backend',controller='health'*/[0m
  ↳ app/controllers/api/v1/health_controller.rb:29:in 'Api::V1::HealthController#database_reachable?'
  [1m[36mUser Load (1.1ms)[0m  [1m[34mSELECT "users".* FROM "users" WHERE "users"."id" = 'c4b38885-f504-4898-906b-24941fabb892' ORDER BY "users"."id" ASC LIMIT 1 /*action='show',application='Backend',controller='health'*/[0m
  ↳ app/controllers/api/v1/health_controller.rb:17:in 'Api::V1::HealthController#show'
[active_model_serializers] Rendered ActiveModel::Serializer::Null with Hash (0.09ms)
Completed 200 OK in 18ms (Views: 12.1ms | ActiveRecord: 2.2ms (2 queries, 0 cached) | GC: 0.0ms)


Started DELETE "/api/v1/auth/logout" for ::1 at 2026-09-18 06:31:55 +0300
Processing by Api::V1::Auth::SessionsController#destroy as JSON
HTTP Origin header (http://localhost:5173) didn't match request.base_url (http://localhost:3000)
rescue_from handled ActionController::InvalidAuthenticityToken (HTTP Origin header (http://localhost:5173) didn't match request.base_url (http://localhost:3000)) - /home/user/.local/share/mise/installs/ruby/3.4.9/lib/ruby/gems/3.4.0/gems/actionpack-8.1.3.1/lib/action_controller/metal/request_forgery_protection.rb:321:in 'ActionController::RequestForgeryProtection::ProtectionMethods::Exception#handle_unverified_request'
  [1m[36mUser Load (2.6ms)[0m  [1m[34mSELECT "users".* FROM "users" WHERE "users"."id" = 'c4b38885-f504-4898-906b-24941fabb892' ORDER BY "users"."id" ASC LIMIT 1 /*action='destroy',application='Backend',controller='sessions'*/[0m
  ↳ app/controllers/api/v1/application_controller.rb:111:in 'Api::V1::ApplicationController#render_error'
[active_model_serializers] Rendered ActiveModel::Serializer::Null with Hash (0.22ms)
Completed 422 Unprocessable Content in 18ms (Views: 12.7ms | ActiveRecord: 2.6ms (1 query, 0 cached) | GC: 0.0ms)


Started GET "/api/v1/health" for ::1 at 2026-09-18 06:31:55 +0300
Processing by Api::V1::HealthController#show as */*
  [1m[35m (1.5ms)[0m  [1m[34mSELECT 1 /*action='show',application='Backend',controller='health'*/[0m
  ↳ app/controllers/api/v1/health_controller.rb:29:in 'Api::V1::HealthController#database_reachable?'
  [1m[36mUser Load (2.3ms)[0m  [1m[34mSELECT "users".* FROM "users" WHERE "users"."id" = 'c4b38885-f504-4898-906b-24941fabb892' ORDER BY "users"."id" ASC LIMIT 1 /*action='show',application='Backend',controller='health'*/[0m
  ↳ app/controllers/api/v1/health_controller.rb:17:in 'Api::V1::HealthController#show'
[active_model_serializers] Rendered ActiveModel::Serializer::Null with Hash (0.14ms)
Completed 200 OK in 18ms (Views: 10.4ms | ActiveRecord: 3.8ms (2 queries, 0 cached) | GC: 0.0ms)


Started POST "/api/v1/auth/login" for ::1 at 2026-09-18 06:31:59 +0300
Processing by Api::V1::Auth::SessionsController#create as JSON
  Parameters: {"user" => {"email" => "[FILTERED]", "password" => "[FILTERED]"}, "session" => {"user" => {"email" => "[FILTERED]", "password" => "[FILTERED]"}}}
  [1m[36mUser Load (2.0ms)[0m  [1m[34mSELECT "users".* FROM "users" WHERE "users"."email" = 'ragadabdelwahab81@gmail.com' LIMIT 1 /*action='create',application='Backend',controller='sessions'*/[0m
  ↳ app/controllers/api/v1/auth/sessions_controller.rb:12:in 'Api::V1::Auth::SessionsController#create'
  [1m[36mUser Load (1.6ms)[0m  [1m[34mSELECT "users".* FROM "users" WHERE "users"."id" = 'c4b38885-f504-4898-906b-24941fabb892' ORDER BY "users"."id" ASC LIMIT 1 /*action='create',application='Backend',controller='sessions'*/[0m
  ↳ app/controllers/api/v1/auth/sessions_controller.rb:15:in 'Api::V1::Auth::SessionsController#create'
[active_model_serializers] Rendered ActiveModel::Serializer::Null with Hash (0.09ms)
Completed 200 OK in 456ms (Views: 1.3ms | ActiveRecord: 3.6ms (2 queries, 0 cached) | GC: 0.0ms)


Started GET "/api/v1/auth/me" for ::1 at 2026-09-18 06:31:59 +0300
Processing by Api::V1::Auth::SessionsController#show as JSON
  [1m[36mUser Load (1.6ms)[0m  [1m[34mSELECT "users".* FROM "users" WHERE "users"."id" = 'c4b38885-f504-4898-906b-24941fabb892' ORDER BY "users"."id" ASC LIMIT 1 /*action='show',application='Backend',controller='sessions'*/[0m
  ↳ app/controllers/api/v1/application_controller.rb:49:in 'Api::V1::ApplicationController#authenticate_user!'
  [1m[36mProfile Load (1.6ms)[0m  [1m[34mSELECT "profiles".* FROM "profiles" WHERE "profiles"."user_id" = 'c4b38885-f504-4898-906b-24941fabb892' LIMIT 1 /*action='show',application='Backend',controller='sessions'*/[0m
  ↳ app/controllers/api/v1/auth/sessions_controller.rb:67:in 'Api::V1::Auth::SessionsController#user_payload'
[active_model_serializers] Rendered ActiveModel::Serializer::Null with Hash (0.29ms)
Completed 200 OK in 19ms (Views: 1.7ms | ActiveRecord: 3.1ms (2 queries, 0 cached) | GC: 0.0ms)


Started GET "/api/v1/health" for ::1 at 2026-09-18 06:31:59 +0300
Processing by Api::V1::HealthController#show as JSON
  [1m[35m (1.9ms)[0m  [1m[34mSELECT 1 /*action='show',application='Backend',controller='health'*/[0m
  ↳ app/controllers/api/v1/health_controller.rb:29:in 'Api::V1::HealthController#database_reachable?'
  [1m[36mUser Load (1.8ms)[0m  [1m[34mSELECT "users".* FROM "users" WHERE "users"."id" = 'c4b38885-f504-4898-906b-24941fabb892' ORDER BY "users"."id" ASC LIMIT 1 /*action='show',application='Backend',controller='health'*/[0m
  ↳ app/controllers/api/v1/health_controller.rb:17:in 'Api::V1::HealthController#show'
[active_model_serializers] Rendered ActiveModel::Serializer::Null with Hash (0.11ms)
Completed 200 OK in 19ms (Views: 9.1ms | ActiveRecord: 3.6ms (2 queries, 0 cached) | GC: 0.0ms)


Started GET "/api/v1/health" for ::1 at 2026-09-18 06:31:59 +0300
Processing by Api::V1::HealthController#show as JSON
  [1m[35m (0.9ms)[0m  [1m[34mSELECT 1 /*action='show',application='Backend',controller='health'*/[0m
  ↳ app/controllers/api/v1/health_controller.rb:29:in 'Api::V1::HealthController#database_reachable?'
  [1m[36mUser Load (1.2ms)[0m  [1m[34mSELECT "users".* FROM "users" WHERE "users"."id" = 'c4b38885-f504-4898-906b-24941fabb892' ORDER BY "users"."id" ASC LIMIT 1 /*action='show',application='Backend',controller='health'*/[0m
  ↳ app/controllers/api/v1/health_controller.rb:17:in 'Api::V1::HealthController#show'
[active_model_serializers] Rendered ActiveModel::Serializer::Null with Hash (0.06ms)
Completed 200 OK in 13ms (Views: 8.3ms | ActiveRecord: 2.1ms (2 queries, 0 cached) | GC: 0.0ms)


Started DELETE "/api/v1/auth/logout" for ::1 at 2026-09-18 06:32:02 +0300
Processing by Api::V1::Auth::SessionsController#destroy as JSON
HTTP Origin header (http://localhost:5173) didn't match request.base_url (http://localhost:3000)
rescue_from handled ActionController::InvalidAuthenticityToken (HTTP Origin header (http://localhost:5173) didn't match request.base_url (http://localhost:3000)) - /home/user/.local/share/mise/installs/ruby/3.4.9/lib/ruby/gems/3.4.0/gems/actionpack-8.1.3.1/lib/action_controller/metal/request_forgery_protection.rb:321:in 'ActionController::RequestForgeryProtection::ProtectionMethods::Exception#handle_unverified_request'
  [1m[36mUser Load (1.9ms)[0m  [1m[34mSELECT "users".* FROM "users" WHERE "users"."id" = 'c4b38885-f504-4898-906b-24941fabb892' ORDER BY "users"."id" ASC LIMIT 1 /*action='destroy',application='Backend',controller='sessions'*/[0m
  ↳ app/controllers/api/v1/application_controller.rb:111:in 'Api::V1::ApplicationController#render_error'
[active_model_serializers] Rendered ActiveModel::Serializer::Null with Hash (0.07ms)
Completed 422 Unprocessable Content in 15ms (Views: 10.2ms | ActiveRecord: 1.9ms (1 query, 0 cached) | GC: 0.0ms)


Started GET "/api/v1/health" for ::1 at 2026-09-18 06:32:02 +0300
Processing by Api::V1::HealthController#show as */*
  [1m[35m (1.1ms)[0m  [1m[34mSELECT 1 /*action='show',application='Backend',controller='health'*/[0m
  ↳ app/controllers/api/v1/health_controller.rb:29:in 'Api::V1::HealthController#database_reachable?'
  [1m[36mUser Load (1.5ms)[0m  [1m[34mSELECT "users".* FROM "users" WHERE "users"."id" = 'c4b38885-f504-4898-906b-24941fabb892' ORDER BY "users"."id" ASC LIMIT 1 /*action='show',application='Backend',controller='health'*/[0m
  ↳ app/controllers/api/v1/health_controller.rb:17:in 'Api::V1::HealthController#show'
[active_model_serializers] Rendered ActiveModel::Serializer::Null with Hash (0.09ms)
Completed 200 OK in 17ms (Views: 10.6ms | ActiveRecord: 2.6ms (2 queries, 0 cached) | GC: 0.0ms)


Started GET "/.well-known/appspecific/com.chrome.devtools.json" for ::1 at 2026-09-18 06:32:22 +0300
  
ActionController::RoutingError (No route matches [GET] "/.well-known/appspecific/com.chrome.devtools.json"):
  
Started GET "/api/v1/auth/me" for ::1 at 2026-09-18 06:32:36 +0300
Processing by Api::V1::Auth::SessionsController#show as JSON
  [1m[36mUser Load (4.4ms)[0m  [1m[34mSELECT "users".* FROM "users" WHERE "users"."id" = 'c4b38885-f504-4898-906b-24941fabb892' ORDER BY "users"."id" ASC LIMIT 1 /*action='show',application='Backend',controller='sessions'*/[0m
  ↳ app/controllers/api/v1/application_controller.rb:49:in 'Api::V1::ApplicationController#authenticate_user!'
  [1m[36mProfile Load (3.8ms)[0m  [1m[34mSELECT "profiles".* FROM "profiles" WHERE "profiles"."user_id" = 'c4b38885-f504-4898-906b-24941fabb892' LIMIT 1 /*action='show',application='Backend',controller='sessions'*/[0m
  ↳ app/controllers/api/v1/auth/sessions_controller.rb:67:in 'Api::V1::Auth::SessionsController#user_payload'
[active_model_serializers] Rendered ActiveModel::Serializer::Null with Hash (0.64ms)
Completed 200 OK in 70ms (Views: 3.8ms | ActiveRecord: 8.3ms (2 queries, 0 cached) | GC: 0.0ms)


Started GET "/api/v1/auth/me" for ::1 at 2026-09-18 06:32:36 +0300
Processing by Api::V1::Auth::SessionsController#show as JSON
  [1m[36mUser Load (1.1ms)[0m  [1m[34mSELECT "users".* FROM "users" WHERE "users"."id" = 'c4b38885-f504-4898-906b-24941fabb892' ORDER BY "users"."id" ASC LIMIT 1 /*action='show',application='Backend',controller='sessions'*/[0m
  ↳ app/controllers/api/v1/application_controller.rb:49:in 'Api::V1::ApplicationController#authenticate_user!'
  [1m[36mProfile Load (1.5ms)[0m  [1m[34mSELECT "profiles".* FROM "profiles" WHERE "profiles"."user_id" = 'c4b38885-f504-4898-906b-24941fabb892' LIMIT 1 /*action='show',application='Backend',controller='sessions'*/[0m
  ↳ app/controllers/api/v1/auth/sessions_controller.rb:67:in 'Api::V1::Auth::SessionsController#user_payload'
[active_model_serializers] Rendered ActiveModel::Serializer::Null with Hash (0.09ms)
Completed 200 OK in 26ms (Views: 0.7ms | ActiveRecord: 2.6ms (2 queries, 0 cached) | GC: 0.0ms)


Started GET "/api/v1/health" for ::1 at 2026-09-18 06:32:36 +0300
Processing by Api::V1::HealthController#show as JSON
  [1m[35m (0.9ms)[0m  [1m[34mSELECT 1 /*action='show',application='Backend',controller='health'*/[0m
  ↳ app/controllers/api/v1/health_controller.rb:29:in 'Api::V1::HealthController#database_reachable?'
  [1m[36mUser Load (1.1ms)[0m  [1m[34mSELECT "users".* FROM "users" WHERE "users"."id" = 'c4b38885-f504-4898-906b-24941fabb892' ORDER BY "users"."id" ASC LIMIT 1 /*action='show',application='Backend',controller='health'*/[0m
  ↳ app/controllers/api/v1/health_controller.rb:17:in 'Api::V1::HealthController#show'
[active_model_serializers] Rendered ActiveModel::Serializer::Null with Hash (0.08ms)
Completed 200 OK in 14ms (Views: 10.0ms | ActiveRecord: 1.9ms (2 queries, 0 cached) | GC: 0.0ms)


Started GET "/api/v1/health" for ::1 at 2026-09-18 06:32:36 +0300
Processing by Api::V1::HealthController#show as JSON
  [1m[35m (0.9ms)[0m  [1m[34mSELECT 1 /*action='show',application='Backend',controller='health'*/[0m
  ↳ app/controllers/api/v1/health_controller.rb:29:in 'Api::V1::HealthController#database_reachable?'
  [1m[36mUser Load (1.2ms)[0m  [1m[34mSELECT "users".* FROM "users" WHERE "users"."id" = 'c4b38885-f504-4898-906b-24941fabb892' ORDER BY "users"."id" ASC LIMIT 1 /*action='show',application='Backend',controller='health'*/[0m
  ↳ app/controllers/api/v1/health_controller.rb:17:in 'Api::V1::HealthController#show'
[active_model_serializers] Rendered ActiveModel::Serializer::Null with Hash (0.37ms)
Completed 200 OK in 13ms (Views: 7.7ms | ActiveRecord: 2.0ms (2 queries, 0 cached) | GC: 0.0ms)


Started DELETE "/api/v1/auth/logout" for ::1 at 2026-09-18 06:33:42 +0300
Processing by Api::V1::Auth::SessionsController#destroy as JSON
HTTP Origin header (http://localhost:5173) didn't match request.base_url (http://localhost:3000)
rescue_from handled ActionController::InvalidAuthenticityToken (HTTP Origin header (http://localhost:5173) didn't match request.base_url (http://localhost:3000)) - /home/user/.local/share/mise/installs/ruby/3.4.9/lib/ruby/gems/3.4.0/gems/actionpack-8.1.3.1/lib/action_controller/metal/request_forgery_protection.rb:321:in 'ActionController::RequestForgeryProtection::ProtectionMethods::Exception#handle_unverified_request'
  [1m[36mUser Load (3.3ms)[0m  [1m[34mSELECT "users".* FROM "users" WHERE "users"."id" = 'c4b38885-f504-4898-906b-24941fabb892' ORDER BY "users"."id" ASC LIMIT 1 /*action='destroy',application='Backend',controller='sessions'*/[0m
  ↳ app/controllers/api/v1/application_controller.rb:111:in 'Api::V1::ApplicationController#render_error'
[active_model_serializers] Rendered ActiveModel::Serializer::Null with Hash (0.17ms)
Completed 422 Unprocessable Content in 31ms (Views: 19.2ms | ActiveRecord: 3.2ms (1 query, 0 cached) | GC: 0.0ms)


Started GET "/api/v1/health" for ::1 at 2026-09-18 06:33:42 +0300
Processing by Api::V1::HealthController#show as */*
  [1m[35m (2.5ms)[0m  [1m[34mSELECT 1 /*action='show',application='Backend',controller='health'*/[0m
  ↳ app/controllers/api/v1/health_controller.rb:29:in 'Api::V1::HealthController#database_reachable?'
  [1m[36mUser Load (3.8ms)[0m  [1m[34mSELECT "users".* FROM "users" WHERE "users"."id" = 'c4b38885-f504-4898-906b-24941fabb892' ORDER BY "users"."id" ASC LIMIT 1 /*action='show',application='Backend',controller='health'*/[0m
  ↳ app/controllers/api/v1/health_controller.rb:17:in 'Api::V1::HealthController#show'
[active_model_serializers] Rendered ActiveModel::Serializer::Null with Hash (0.39ms)
Completed 200 OK in 35ms (Views: 20.7ms | ActiveRecord: 5.9ms (2 queries, 0 cached) | GC: 0.0ms)


Started GET "/api/v1/auth/me" for ::1 at 2026-09-18 06:33:51 +0300
Processing by Api::V1::Auth::SessionsController#show as JSON
  [1m[36mUser Load (1.3ms)[0m  [1m[34mSELECT "users".* FROM "users" WHERE "users"."id" = 'c4b38885-f504-4898-906b-24941fabb892' ORDER BY "users"."id" ASC LIMIT 1 /*action='show',application='Backend',controller='sessions'*/[0m
  ↳ app/controllers/api/v1/application_controller.rb:49:in 'Api::V1::ApplicationController#authenticate_user!'
  [1m[36mProfile Load (1.2ms)[0m  [1m[34mSELECT "profiles".* FROM "profiles" WHERE "profiles"."user_id" = 'c4b38885-f504-4898-906b-24941fabb892' LIMIT 1 /*action='show',application='Backend',controller='sessions'*/[0m
  ↳ app/controllers/api/v1/auth/sessions_controller.rb:67:in 'Api::V1::Auth::SessionsController#user_payload'
[active_model_serializers] Rendered ActiveModel::Serializer::Null with Hash (0.35ms)
Completed 200 OK in 20ms (Views: 1.3ms | ActiveRecord: 2.5ms (2 queries, 0 cached) | GC: 0.0ms)


Started GET "/api/v1/auth/me" for ::1 at 2026-09-18 06:33:51 +0300
Processing by Api::V1::Auth::SessionsController#show as JSON
  [1m[36mUser Load (1.5ms)[0m  [1m[34mSELECT "users".* FROM "users" WHERE "users"."id" = 'c4b38885-f504-4898-906b-24941fabb892' ORDER BY "users"."id" ASC LIMIT 1 /*action='show',application='Backend',controller='sessions'*/[0m
  ↳ app/controllers/api/v1/application_controller.rb:49:in 'Api::V1::ApplicationController#authenticate_user!'
  [1m[36mProfile Load (1.5ms)[0m  [1m[34mSELECT "profiles".* FROM "profiles" WHERE "profiles"."user_id" = 'c4b38885-f504-4898-906b-24941fabb892' LIMIT 1 /*action='show',application='Backend',controller='sessions'*/[0m
  ↳ app/controllers/api/v1/auth/sessions_controller.rb:67:in 'Api::V1::Auth::SessionsController#user_payload'
[active_model_serializers] Rendered ActiveModel::Serializer::Null with Hash (0.14ms)
Completed 200 OK in 21ms (Views: 1.2ms | ActiveRecord: 2.9ms (2 queries, 0 cached) | GC: 0.0ms)


Started GET "/api/v1/health" for ::1 at 2026-09-18 06:33:51 +0300
Processing by Api::V1::HealthController#show as JSON
  [1m[35m (0.9ms)[0m  [1m[34mSELECT 1 /*action='show',application='Backend',controller='health'*/[0m
  ↳ app/controllers/api/v1/health_controller.rb:29:in 'Api::V1::HealthController#database_reachable?'
  [1m[36mUser Load (1.4ms)[0m  [1m[34mSELECT "users".* FROM "users" WHERE "users"."id" = 'c4b38885-f504-4898-906b-24941fabb892' ORDER BY "users"."id" ASC LIMIT 1 /*action='show',application='Backend',controller='health'*/[0m
  ↳ app/controllers/api/v1/health_controller.rb:17:in 'Api::V1::HealthController#show'
[active_model_serializers] Rendered ActiveModel::Serializer::Null with Hash (0.07ms)
Completed 200 OK in 12ms (Views: 7.7ms | ActiveRecord: 2.3ms (2 queries, 0 cached) | GC: 0.0ms)


Started GET "/api/v1/health" for ::1 at 2026-09-18 06:33:51 +0300
Processing by Api::V1::HealthController#show as JSON
  [1m[35m (2.3ms)[0m  [1m[34mSELECT 1 /*action='show',application='Backend',controller='health'*/[0m
  ↳ app/controllers/api/v1/health_controller.rb:29:in 'Api::V1::HealthController#database_reachable?'
  [1m[36mUser Load (1.1ms)[0m  [1m[34mSELECT "users".* FROM "users" WHERE "users"."id" = 'c4b38885-f504-4898-906b-24941fabb892' ORDER BY "users"."id" ASC LIMIT 1 /*action='show',application='Backend',controller='health'*/[0m
  ↳ app/controllers/api/v1/health_controller.rb:17:in 'Api::V1::HealthController#show'
[active_model_serializers] Rendered ActiveModel::Serializer::Null with Hash (0.1ms)
Completed 200 OK in 18ms (Views: 8.5ms | ActiveRecord: 3.3ms (2 queries, 0 cached) | GC: 0.0ms)


Started DELETE "/api/v1/auth/logout" for ::1 at 2026-09-18 06:35:20 +0300
Processing by Api::V1::Auth::SessionsController#destroy as JSON
HTTP Origin header (http://localhost:5173) didn't match request.base_url (http://localhost:3000)
rescue_from handled ActionController::InvalidAuthenticityToken (HTTP Origin header (http://localhost:5173) didn't match request.base_url (http://localhost:3000)) - /home/user/.local/share/mise/installs/ruby/3.4.9/lib/ruby/gems/3.4.0/gems/actionpack-8.1.3.1/lib/action_controller/metal/request_forgery_protection.rb:321:in 'ActionController::RequestForgeryProtection::ProtectionMethods::Exception#handle_unverified_request'
  [1m[36mUser Load (3.6ms)[0m  [1m[34mSELECT "users".* FROM "users" WHERE "users"."id" = 'c4b38885-f504-4898-906b-24941fabb892' ORDER BY "users"."id" ASC LIMIT 1 /*action='destroy',application='Backend',controller='sessions'*/[0m
  ↳ app/controllers/api/v1/application_controller.rb:111:in 'Api::V1::ApplicationController#render_error'
[active_model_serializers] Rendered ActiveModel::Serializer::Null with Hash (0.15ms)
Completed 422 Unprocessable Content in 34ms (Views: 23.0ms | ActiveRecord: 3.6ms (1 query, 0 cached) | GC: 0.0ms)


Started GET "/api/v1/health" for ::1 at 2026-09-18 06:35:20 +0300
Processing by Api::V1::HealthController#show as */*
  [1m[35m (2.5ms)[0m  [1m[34mSELECT 1 /*action='show',application='Backend',controller='health'*/[0m
  ↳ app/controllers/api/v1/health_controller.rb:29:in 'Api::V1::HealthController#database_reachable?'
  [1m[36mUser Load (3.4ms)[0m  [1m[34mSELECT "users".* FROM "users" WHERE "users"."id" = 'c4b38885-f504-4898-906b-24941fabb892' ORDER BY "users"."id" ASC LIMIT 1 /*action='show',application='Backend',controller='health'*/[0m
  ↳ app/controllers/api/v1/health_controller.rb:17:in 'Api::V1::HealthController#show'
[active_model_serializers] Rendered ActiveModel::Serializer::Null with Hash (0.26ms)
Completed 200 OK in 33ms (Views: 19.2ms | ActiveRecord: 5.7ms (2 queries, 0 cached) | GC: 0.0ms)


Started POST "/api/v1/auth/login" for ::1 at 2026-09-18 06:35:33 +0300
Processing by Api::V1::Auth::SessionsController#create as JSON
  Parameters: {"user" => {"email" => "[FILTERED]", "password" => "[FILTERED]"}, "session" => {"user" => {"email" => "[FILTERED]", "password" => "[FILTERED]"}}}
  [1m[36mUser Load (2.5ms)[0m  [1m[34mSELECT "users".* FROM "users" WHERE "users"."email" = 'ragadabdelwahab81@gmail.com' LIMIT 1 /*action='create',application='Backend',controller='sessions'*/[0m
  ↳ app/controllers/api/v1/auth/sessions_controller.rb:12:in 'Api::V1::Auth::SessionsController#create'
  [1m[36mUser Load (1.9ms)[0m  [1m[34mSELECT "users".* FROM "users" WHERE "users"."id" = 'c4b38885-f504-4898-906b-24941fabb892' ORDER BY "users"."id" ASC LIMIT 1 /*action='create',application='Backend',controller='sessions'*/[0m
  ↳ app/controllers/api/v1/auth/sessions_controller.rb:15:in 'Api::V1::Auth::SessionsController#create'
[active_model_serializers] Rendered ActiveModel::Serializer::Null with Hash (0.1ms)
Completed 200 OK in 519ms (Views: 1.8ms | ActiveRecord: 4.4ms (2 queries, 0 cached) | GC: 0.0ms)


Started GET "/api/v1/auth/me" for ::1 at 2026-09-18 06:35:34 +0300
Processing by Api::V1::Auth::SessionsController#show as JSON
  [1m[36mUser Load (2.1ms)[0m  [1m[34mSELECT "users".* FROM "users" WHERE "users"."id" = 'c4b38885-f504-4898-906b-24941fabb892' ORDER BY "users"."id" ASC LIMIT 1 /*action='show',application='Backend',controller='sessions'*/[0m
  ↳ app/controllers/api/v1/application_controller.rb:49:in 'Api::V1::ApplicationController#authenticate_user!'
  [1m[36mProfile Load (2.0ms)[0m  [1m[34mSELECT "profiles".* FROM "profiles" WHERE "profiles"."user_id" = 'c4b38885-f504-4898-906b-24941fabb892' LIMIT 1 /*action='show',application='Backend',controller='sessions'*/[0m
  ↳ app/controllers/api/v1/auth/sessions_controller.rb:67:in 'Api::V1::Auth::SessionsController#user_payload'
[active_model_serializers] Rendered ActiveModel::Serializer::Null with Hash (1.4ms)
Completed 200 OK in 34ms (Views: 2.9ms | ActiveRecord: 4.0ms (2 queries, 0 cached) | GC: 0.0ms)


Started GET "/api/v1/health" for ::1 at 2026-09-18 06:35:34 +0300
Processing by Api::V1::HealthController#show as JSON
  [1m[35m (1.0ms)[0m  [1m[34mSELECT 1 /*action='show',application='Backend',controller='health'*/[0m
  ↳ app/controllers/api/v1/health_controller.rb:29:in 'Api::V1::HealthController#database_reachable?'
  [1m[36mUser Load (2.9ms)[0m  [1m[34mSELECT "users".* FROM "users" WHERE "users"."id" = 'c4b38885-f504-4898-906b-24941fabb892' ORDER BY "users"."id" ASC LIMIT 1 /*action='show',application='Backend',controller='health'*/[0m
  ↳ app/controllers/api/v1/health_controller.rb:17:in 'Api::V1::HealthController#show'
[active_model_serializers] Rendered ActiveModel::Serializer::Null with Hash (0.08ms)
Completed 200 OK in 19ms (Views: 11.6ms | ActiveRecord: 4.0ms (2 queries, 0 cached) | GC: 0.0ms)


Started GET "/api/v1/health" for ::1 at 2026-09-18 06:35:34 +0300
Processing by Api::V1::HealthController#show as JSON
  [1m[35m (2.5ms)[0m  [1m[34mSELECT 1 /*action='show',application='Backend',controller='health'*/[0m
  ↳ app/controllers/api/v1/health_controller.rb:29:in 'Api::V1::HealthController#database_reachable?'
  [1m[36mUser Load (1.5ms)[0m  [1m[34mSELECT "users".* FROM "users" WHERE "users"."id" = 'c4b38885-f504-4898-906b-24941fabb892' ORDER BY "users"."id" ASC LIMIT 1 /*action='show',application='Backend',controller='health'*/[0m
  ↳ app/controllers/api/v1/health_controller.rb:17:in 'Api::V1::HealthController#show'
[active_model_serializers] Rendered ActiveModel::Serializer::Null with Hash (0.25ms)
Completed 200 OK in 20ms (Views: 8.6ms | ActiveRecord: 4.8ms (2 queries, 0 cached) | GC: 0.0ms)


Started DELETE "/api/v1/auth/logout" for ::1 at 2026-09-18 06:35:52 +0300
Processing by Api::V1::Auth::SessionsController#destroy as JSON
HTTP Origin header (http://localhost:5173) didn't match request.base_url (http://localhost:3000)
rescue_from handled ActionController::InvalidAuthenticityToken (HTTP Origin header (http://localhost:5173) didn't match request.base_url (http://localhost:3000)) - /home/user/.local/share/mise/installs/ruby/3.4.9/lib/ruby/gems/3.4.0/gems/actionpack-8.1.3.1/lib/action_controller/metal/request_forgery_protection.rb:321:in 'ActionController::RequestForgeryProtection::ProtectionMethods::Exception#handle_unverified_request'
  [1m[36mUser Load (2.8ms)[0m  [1m[34mSELECT "users".* FROM "users" WHERE "users"."id" = 'c4b38885-f504-4898-906b-24941fabb892' ORDER BY "users"."id" ASC LIMIT 1 /*action='destroy',application='Backend',controller='sessions'*/[0m
  ↳ app/controllers/api/v1/application_controller.rb:111:in 'Api::V1::ApplicationController#render_error'
[active_model_serializers] Rendered ActiveModel::Serializer::Null with Hash (0.13ms)
Completed 422 Unprocessable Content in 29ms (Views: 21.1ms | ActiveRecord: 2.7ms (1 query, 0 cached) | GC: 0.0ms)


Started GET "/api/v1/health" for ::1 at 2026-09-18 06:35:52 +0300
Processing by Api::V1::HealthController#show as */*
  [1m[35m (2.8ms)[0m  [1m[34mSELECT 1 /*action='show',application='Backend',controller='health'*/[0m
  ↳ app/controllers/api/v1/health_controller.rb:29:in 'Api::V1::HealthController#database_reachable?'
  [1m[36mUser Load (3.6ms)[0m  [1m[34mSELECT "users".* FROM "users" WHERE "users"."id" = 'c4b38885-f504-4898-906b-24941fabb892' ORDER BY "users"."id" ASC LIMIT 1 /*action='show',application='Backend',controller='health'*/[0m
  ↳ app/controllers/api/v1/health_controller.rb:17:in 'Api::V1::HealthController#show'
[active_model_serializers] Rendered ActiveModel::Serializer::Null with Hash (0.13ms)
Completed 200 OK in 33ms (Views: 17.8ms | ActiveRecord: 6.2ms (2 queries, 0 cached) | GC: 0.0ms)


Started POST "/api/v1/auth/login" for ::1 at 2026-09-18 06:36:57 +0300
Processing by Api::V1::Auth::SessionsController#create as JSON
  Parameters: {"user" => {"email" => "[FILTERED]", "password" => "[FILTERED]"}, "session" => {"user" => {"email" => "[FILTERED]", "password" => "[FILTERED]"}}}
  [1m[36mUser Load (9.6ms)[0m  [1m[34mSELECT "users".* FROM "users" WHERE "users"."email" = 'ragadabdelwahab81@gmail.com' LIMIT 1 /*action='create',application='Backend',controller='sessions'*/[0m
  ↳ app/controllers/api/v1/auth/sessions_controller.rb:12:in 'Api::V1::Auth::SessionsController#create'
  [1m[36mUser Load (1.9ms)[0m  [1m[34mSELECT "users".* FROM "users" WHERE "users"."id" = 'c4b38885-f504-4898-906b-24941fabb892' ORDER BY "users"."id" ASC LIMIT 1 /*action='create',application='Backend',controller='sessions'*/[0m
  ↳ app/controllers/api/v1/auth/sessions_controller.rb:15:in 'Api::V1::Auth::SessionsController#create'
[active_model_serializers] Rendered ActiveModel::Serializer::Null with Hash (0.08ms)
Completed 200 OK in 591ms (Views: 1.1ms | ActiveRecord: 11.4ms (2 queries, 0 cached) | GC: 0.0ms)


Started GET "/api/v1/auth/me" for ::1 at 2026-09-18 06:36:58 +0300
Processing by Api::V1::Auth::SessionsController#show as JSON
  [1m[36mUser Load (1.9ms)[0m  [1m[34mSELECT "users".* FROM "users" WHERE "users"."id" = 'c4b38885-f504-4898-906b-24941fabb892' ORDER BY "users"."id" ASC LIMIT 1 /*action='show',application='Backend',controller='sessions'*/[0m
  ↳ app/controllers/api/v1/application_controller.rb:49:in 'Api::V1::ApplicationController#authenticate_user!'
  [1m[36mProfile Load (1.9ms)[0m  [1m[34mSELECT "profiles".* FROM "profiles" WHERE "profiles"."user_id" = 'c4b38885-f504-4898-906b-24941fabb892' LIMIT 1 /*action='show',application='Backend',controller='sessions'*/[0m
  ↳ app/controllers/api/v1/auth/sessions_controller.rb:67:in 'Api::V1::Auth::SessionsController#user_payload'
[active_model_serializers] Rendered ActiveModel::Serializer::Null with Hash (0.2ms)
Completed 200 OK in 29ms (Views: 5.1ms | ActiveRecord: 3.7ms (2 queries, 0 cached) | GC: 0.0ms)


Started GET "/api/v1/health" for ::1 at 2026-09-18 06:36:58 +0300
Processing by Api::V1::HealthController#show as JSON
  [1m[35m (1.3ms)[0m  [1m[34mSELECT 1 /*action='show',application='Backend',controller='health'*/[0m
  ↳ app/controllers/api/v1/health_controller.rb:29:in 'Api::V1::HealthController#database_reachable?'
  [1m[36mUser Load (2.0ms)[0m  [1m[34mSELECT "users".* FROM "users" WHERE "users"."id" = 'c4b38885-f504-4898-906b-24941fabb892' ORDER BY "users"."id" ASC LIMIT 1 /*action='show',application='Backend',controller='health'*/[0m
  ↳ app/controllers/api/v1/health_controller.rb:17:in 'Api::V1::HealthController#show'
[active_model_serializers] Rendered ActiveModel::Serializer::Null with Hash (0.97ms)
Completed 200 OK in 29ms (Views: 18.3ms | ActiveRecord: 3.3ms (2 queries, 0 cached) | GC: 0.0ms)


Started GET "/api/v1/health" for ::1 at 2026-09-18 06:36:58 +0300
Processing by Api::V1::HealthController#show as JSON
  [1m[35m (1.1ms)[0m  [1m[34mSELECT 1 /*action='show',application='Backend',controller='health'*/[0m
  ↳ app/controllers/api/v1/health_controller.rb:29:in 'Api::V1::HealthController#database_reachable?'
  [1m[36mUser Load (1.4ms)[0m  [1m[34mSELECT "users".* FROM "users" WHERE "users"."id" = 'c4b38885-f504-4898-906b-24941fabb892' ORDER BY "users"."id" ASC LIMIT 1 /*action='show',application='Backend',controller='health'*/[0m
  ↳ app/controllers/api/v1/health_controller.rb:17:in 'Api::V1::HealthController#show'
[active_model_serializers] Rendered ActiveModel::Serializer::Null with Hash (0.11ms)
Completed 200 OK in 23ms (Views: 16.5ms | ActiveRecord: 2.5ms (2 queries, 0 cached) | GC: 0.0ms)


Started GET "/api/v1/auth/me" for ::1 at 2026-09-18 13:09:23 +0300
Processing by Api::V1::Auth::SessionsController#show as JSON
  [1m[36mUser Load (3.7ms)[0m  [1m[34mSELECT "users".* FROM "users" WHERE "users"."id" = 'c4b38885-f504-4898-906b-24941fabb892' ORDER BY "users"."id" ASC LIMIT 1 /*action='show',application='Backend',controller='sessions'*/[0m
  ↳ app/controllers/api/v1/application_controller.rb:49:in 'Api::V1::ApplicationController#authenticate_user!'
  [1m[36mProfile Load (1.2ms)[0m  [1m[34mSELECT "profiles".* FROM "profiles" WHERE "profiles"."user_id" = 'c4b38885-f504-4898-906b-24941fabb892' LIMIT 1 /*action='show',application='Backend',controller='sessions'*/[0m
  ↳ app/controllers/api/v1/auth/sessions_controller.rb:67:in 'Api::V1::Auth::SessionsController#user_payload'
[active_model_serializers] Rendered ActiveModel::Serializer::Null with Hash (0.19ms)
Completed 200 OK in 88ms (Views: 2.5ms | ActiveRecord: 18.3ms (2 queries, 0 cached) | GC: 0.0ms)


Started GET "/api/v1/auth/me" for ::1 at 2026-09-18 13:09:23 +0300
Processing by Api::V1::Auth::SessionsController#show as JSON
  [1m[36mUser Load (1.1ms)[0m  [1m[34mSELECT "users".* FROM "users" WHERE "users"."id" = 'c4b38885-f504-4898-906b-24941fabb892' ORDER BY "users"."id" ASC LIMIT 1 /*action='show',application='Backend',controller='sessions'*/[0m
  ↳ app/controllers/api/v1/application_controller.rb:49:in 'Api::V1::ApplicationController#authenticate_user!'
  [1m[36mProfile Load (1.2ms)[0m  [1m[34mSELECT "profiles".* FROM "profiles" WHERE "profiles"."user_id" = 'c4b38885-f504-4898-906b-24941fabb892' LIMIT 1 /*action='show',application='Backend',controller='sessions'*/[0m
  ↳ app/controllers/api/v1/auth/sessions_controller.rb:67:in 'Api::V1::Auth::SessionsController#user_payload'
[active_model_serializers] Rendered ActiveModel::Serializer::Null with Hash (0.1ms)
Completed 200 OK in 20ms (Views: 0.8ms | ActiveRecord: 2.2ms (2 queries, 0 cached) | GC: 0.0ms)


Started GET "/api/v1/health" for ::1 at 2026-09-18 13:09:24 +0300
Processing by Api::V1::HealthController#show as JSON
  [1m[35m (0.8ms)[0m  [1m[34mSELECT 1 /*action='show',application='Backend',controller='health'*/[0m
  ↳ app/controllers/api/v1/health_controller.rb:29:in 'Api::V1::HealthController#database_reachable?'
  [1m[36mUser Load (1.2ms)[0m  [1m[34mSELECT "users".* FROM "users" WHERE "users"."id" = 'c4b38885-f504-4898-906b-24941fabb892' ORDER BY "users"."id" ASC LIMIT 1 /*action='show',application='Backend',controller='health'*/[0m
  ↳ app/controllers/api/v1/health_controller.rb:17:in 'Api::V1::HealthController#show'
[active_model_serializers] Rendered ActiveModel::Serializer::Null with Hash (0.1ms)
Completed 200 OK in 19ms (Views: 14.4ms | ActiveRecord: 2.0ms (2 queries, 0 cached) | GC: 0.0ms)


Started GET "/api/v1/health" for ::1 at 2026-09-18 13:09:24 +0300
Processing by Api::V1::HealthController#show as JSON
  [1m[35m (0.7ms)[0m  [1m[34mSELECT 1 /*action='show',application='Backend',controller='health'*/[0m
  ↳ app/controllers/api/v1/health_controller.rb:29:in 'Api::V1::HealthController#database_reachable?'
  [1m[36mUser Load (0.8ms)[0m  [1m[34mSELECT "users".* FROM "users" WHERE "users"."id" = 'c4b38885-f504-4898-906b-24941fabb892' ORDER BY "users"."id" ASC LIMIT 1 /*action='show',application='Backend',controller='health'*/[0m
  ↳ app/controllers/api/v1/health_controller.rb:17:in 'Api::V1::HealthController#show'
[active_model_serializers] Rendered ActiveModel::Serializer::Null with Hash (0.09ms)
Completed 200 OK in 87ms (Views: 83.4ms | ActiveRecord: 1.5ms (2 queries, 0 cached) | GC: 67.8ms)


Using vips to process variants requires the libvips library. Please install libvips using the instructions on the libvips website.
Started GET "/api/v1/auth/me" for ::1 at 2026-09-18 13:13:00 +0300
  [1m[36mActiveRecord::SchemaMigration Load (0.9ms)[0m  [1m[34mSELECT "schema_migrations"."version" FROM "schema_migrations" ORDER BY "schema_migrations"."version" ASC /*application='Backend'*/[0m
Processing by Api::V1::Auth::SessionsController#show as JSON
  [1m[36mUser Load (1.0ms)[0m  [1m[34mSELECT "users".* FROM "users" WHERE "users"."id" = 'c4b38885-f504-4898-906b-24941fabb892' ORDER BY "users"."id" ASC LIMIT 1 /*action='show',application='Backend',controller='sessions'*/[0m
  ↳ app/controllers/api/v1/application_controller.rb:49:in 'Api::V1::ApplicationController#authenticate_user!'
  [1m[36mProfile Load (0.8ms)[0m  [1m[34mSELECT "profiles".* FROM "profiles" WHERE "profiles"."user_id" = 'c4b38885-f504-4898-906b-24941fabb892' LIMIT 1 /*action='show',application='Backend',controller='sessions'*/[0m
  ↳ app/controllers/api/v1/auth/sessions_controller.rb:67:in 'Api::V1::Auth::SessionsController#user_payload'
[active_model_serializers] Rendered ActiveModel::Serializer::Null with Hash (0.08ms)
Completed 200 OK in 143ms (Views: 2.2ms | ActiveRecord: 63.7ms (2 queries, 0 cached) | GC: 43.2ms)


Started GET "/api/v1/auth/me" for ::1 at 2026-09-18 13:13:01 +0300
Processing by Api::V1::Auth::SessionsController#show as JSON
  [1m[36mUser Load (0.7ms)[0m  [1m[34mSELECT "users".* FROM "users" WHERE "users"."id" = 'c4b38885-f504-4898-906b-24941fabb892' ORDER BY "users"."id" ASC LIMIT 1 /*action='show',application='Backend',controller='sessions'*/[0m
  ↳ app/controllers/api/v1/application_controller.rb:49:in 'Api::V1::ApplicationController#authenticate_user!'
  [1m[36mProfile Load (0.6ms)[0m  [1m[34mSELECT "profiles".* FROM "profiles" WHERE "profiles"."user_id" = 'c4b38885-f504-4898-906b-24941fabb892' LIMIT 1 /*action='show',application='Backend',controller='sessions'*/[0m
  ↳ app/controllers/api/v1/auth/sessions_controller.rb:67:in 'Api::V1::Auth::SessionsController#user_payload'
[active_model_serializers] Rendered ActiveModel::Serializer::Null with Hash (0.08ms)
Completed 200 OK in 9ms (Views: 0.8ms | ActiveRecord: 1.3ms (2 queries, 0 cached) | GC: 0.3ms)


Started GET "/api/v1/health" for ::1 at 2026-09-18 13:13:01 +0300
Processing by Api::V1::HealthController#show as JSON
  [1m[35m (0.7ms)[0m  [1m[34mSELECT 1 /*action='show',application='Backend',controller='health'*/[0m
  ↳ app/controllers/api/v1/health_controller.rb:29:in 'Api::V1::HealthController#database_reachable?'
  [1m[36mUser Load (0.7ms)[0m  [1m[34mSELECT "users".* FROM "users" WHERE "users"."id" = 'c4b38885-f504-4898-906b-24941fabb892' ORDER BY "users"."id" ASC LIMIT 1 /*action='show',application='Backend',controller='health'*/[0m
  ↳ app/controllers/api/v1/health_controller.rb:17:in 'Api::V1::HealthController#show'
[active_model_serializers] Rendered ActiveModel::Serializer::Null with Hash (0.04ms)
Completed 200 OK in 8ms (Views: 5.4ms | ActiveRecord: 1.4ms (2 queries, 0 cached) | GC: 0.8ms)


Started GET "/api/v1/health" for ::1 at 2026-09-18 13:13:01 +0300
Processing by Api::V1::HealthController#show as JSON
  [1m[35m (1.1ms)[0m  [1m[34mSELECT 1 /*action='show',application='Backend',controller='health'*/[0m
  ↳ app/controllers/api/v1/health_controller.rb:29:in 'Api::V1::HealthController#database_reachable?'
  [1m[36mUser Load (1.0ms)[0m  [1m[34mSELECT "users".* FROM "users" WHERE "users"."id" = 'c4b38885-f504-4898-906b-24941fabb892' ORDER BY "users"."id" ASC LIMIT 1 /*action='show',application='Backend',controller='health'*/[0m
  ↳ app/controllers/api/v1/health_controller.rb:17:in 'Api::V1::HealthController#show'
[active_model_serializers] Rendered ActiveModel::Serializer::Null with Hash (0.06ms)
Completed 200 OK in 9ms (Views: 4.5ms | ActiveRecord: 2.1ms (2 queries, 0 cached) | GC: 0.0ms)


Started DELETE "/api/v1/auth/logout" for ::1 at 2026-09-18 13:13:06 +0300
Processing by Api::V1::Auth::SessionsController#destroy as JSON
HTTP Origin header (http://localhost:5173) didn't match request.base_url (http://localhost:3000)
rescue_from handled ActionController::InvalidAuthenticityToken (HTTP Origin header (http://localhost:5173) didn't match request.base_url (http://localhost:3000)) - /home/user/.local/share/mise/installs/ruby/3.4.9/lib/ruby/gems/3.4.0/gems/actionpack-8.1.3.1/lib/action_controller/metal/request_forgery_protection.rb:321:in 'ActionController::RequestForgeryProtection::ProtectionMethods::Exception#handle_unverified_request'
  [1m[36mUser Load (1.1ms)[0m  [1m[34mSELECT "users".* FROM "users" WHERE "users"."id" = 'c4b38885-f504-4898-906b-24941fabb892' ORDER BY "users"."id" ASC LIMIT 1 /*action='destroy',application='Backend',controller='sessions'*/[0m
  ↳ app/controllers/api/v1/application_controller.rb:111:in 'Api::V1::ApplicationController#render_error'
[active_model_serializers] Rendered ActiveModel::Serializer::Null with Hash (0.06ms)
Completed 422 Unprocessable Content in 10ms (Views: 5.7ms | ActiveRecord: 1.1ms (1 query, 0 cached) | GC: 0.8ms)


Started GET "/api/v1/health" for ::1 at 2026-09-18 13:13:06 +0300
Processing by Api::V1::HealthController#show as */*
  [1m[35m (0.6ms)[0m  [1m[34mSELECT 1 /*action='show',application='Backend',controller='health'*/[0m
  ↳ app/controllers/api/v1/health_controller.rb:29:in 'Api::V1::HealthController#database_reachable?'
  [1m[36mUser Load (0.8ms)[0m  [1m[34mSELECT "users".* FROM "users" WHERE "users"."id" = 'c4b38885-f504-4898-906b-24941fabb892' ORDER BY "users"."id" ASC LIMIT 1 /*action='show',application='Backend',controller='health'*/[0m
  ↳ app/controllers/api/v1/health_controller.rb:17:in 'Api::V1::HealthController#show'
[active_model_serializers] Rendered ActiveModel::Serializer::Null with Hash (0.04ms)
Completed 200 OK in 7ms (Views: 3.2ms | ActiveRecord: 1.3ms (2 queries, 0 cached) | GC: 0.0ms)


Using vips to process variants requires the libvips library. Please install libvips using the instructions on the libvips website.
Started GET "/api/v1/health" for 127.0.0.1 at 2026-09-18 13:47:25 +0300
  [1m[36mActiveRecord::SchemaMigration Load (0.8ms)[0m  [1m[34mSELECT "schema_migrations"."version" FROM "schema_migrations" ORDER BY "schema_migrations"."version" ASC /*application='Backend'*/[0m
Processing by Api::V1::HealthController#show as */*
  [1m[35m (24.8ms)[0m  [1m[34mSELECT 1 /*action='show',application='Backend',controller='health'*/[0m
  ↳ app/controllers/api/v1/health_controller.rb:29:in 'Api::V1::HealthController#database_reachable?'
[active_model_serializers] Rendered ActiveModel::Serializer::Null with Hash (0.06ms)
Completed 200 OK in 34ms (Views: 4.3ms | ActiveRecord: 30.7ms (1 query, 0 cached) | GC: 0.0ms)


Started GET "/api/v1/auth/me" for 127.0.0.1 at 2026-09-18 13:47:41 +0300
Processing by Api::V1::Auth::SessionsController#show as JSON
[active_model_serializers] Rendered ActiveModel::Serializer::Null with Hash (0.07ms)
Filter chain halted as :authenticate_user! rendered or redirected
Completed 401 Unauthorized in 5ms (Views: 1.7ms | ActiveRecord: 0.0ms (0 queries, 0 cached) | GC: 0.0ms)


Started GET "/api/v1/auth/me" for 127.0.0.1 at 2026-09-18 13:47:41 +0300
Processing by Api::V1::Auth::SessionsController#show as JSON
[active_model_serializers] Rendered ActiveModel::Serializer::Null with Hash (0.09ms)
Filter chain halted as :authenticate_user! rendered or redirected
Completed 401 Unauthorized in 2ms (Views: 1.0ms | ActiveRecord: 0.0ms (0 queries, 0 cached) | GC: 0.0ms)


Started POST "/api/v1/auth/login" for 127.0.0.1 at 2026-09-18 13:47:43 +0300
Processing by Api::V1::Auth::SessionsController#create as JSON
  Parameters: {"user" => {"email" => "[FILTERED]", "password" => "[FILTERED]"}, "session" => {"user" => {"email" => "[FILTERED]", "password" => "[FILTERED]"}}}
  [1m[36mUser Load (24.3ms)[0m  [1m[34mSELECT "users".* FROM "users" WHERE "users"."email" = 'ragadabdelwahab81@gmail.com' LIMIT 1 /*action='create',application='Backend',controller='sessions'*/[0m
  ↳ app/controllers/api/v1/auth/sessions_controller.rb:12:in 'Api::V1::Auth::SessionsController#create'
  [1m[36mTRANSACTION (0.7ms)[0m  [1m[35mBEGIN /*action='create',application='Backend',controller='sessions'*/[0m
  ↳ app/controllers/api/v1/auth/sessions_controller.rb:15:in 'Api::V1::Auth::SessionsController#create'
  [1m[36mUser Update (7.6ms)[0m  [1m[33mUPDATE "users" SET "current_sign_in_at" = '2026-09-18 10:47:43.704175', "current_sign_in_ip" = '127.0.0.1/32', "last_sign_in_at" = '2026-09-18 03:13:25.109075', "sign_in_count" = 4, "updated_at" = '2026-09-18 10:47:43.704938' WHERE "users"."id" = 'c4b38885-f504-4898-906b-24941fabb892' /*action='create',application='Backend',controller='sessions'*/[0m
  ↳ app/controllers/api/v1/auth/sessions_controller.rb:15:in 'Api::V1::Auth::SessionsController#create'
  [1m[36mTRANSACTION (22.0ms)[0m  [1m[35mCOMMIT /*action='create',application='Backend',controller='sessions'*/[0m
  ↳ app/controllers/api/v1/auth/sessions_controller.rb:15:in 'Api::V1::Auth::SessionsController#create'
[active_model_serializers] Rendered ActiveModel::Serializer::Null with Hash (0.07ms)
Completed 200 OK in 335ms (Views: 0.8ms | ActiveRecord: 68.8ms (2 queries, 0 cached) | GC: 0.0ms)


Started GET "/api/v1/auth/me" for 127.0.0.1 at 2026-09-18 13:47:43 +0300
Processing by Api::V1::Auth::SessionsController#show as JSON
  [1m[36mUser Load (1.4ms)[0m  [1m[34mSELECT "users".* FROM "users" WHERE "users"."id" = 'c4b38885-f504-4898-906b-24941fabb892' ORDER BY "users"."id" ASC LIMIT 1 /*action='show',application='Backend',controller='sessions'*/[0m
  ↳ app/controllers/api/v1/application_controller.rb:49:in 'Api::V1::ApplicationController#authenticate_user!'
  [1m[36mProfile Load (1.4ms)[0m  [1m[34mSELECT "profiles".* FROM "profiles" WHERE "profiles"."user_id" = 'c4b38885-f504-4898-906b-24941fabb892' LIMIT 1 /*action='show',application='Backend',controller='sessions'*/[0m
  ↳ app/controllers/api/v1/auth/sessions_controller.rb:67:in 'Api::V1::Auth::SessionsController#user_payload'
[active_model_serializers] Rendered ActiveModel::Serializer::Null with Hash (0.12ms)
Completed 200 OK in 57ms (Views: 1.0ms | ActiveRecord: 7.4ms (2 queries, 0 cached) | GC: 0.0ms)


Started GET "/api/v1/health" for 127.0.0.1 at 2026-09-18 13:47:43 +0300
Processing by Api::V1::HealthController#show as JSON
  [1m[35m (1.0ms)[0m  [1m[34mSELECT 1 /*action='show',application='Backend',controller='health'*/[0m
  ↳ app/controllers/api/v1/health_controller.rb:29:in 'Api::V1::HealthController#database_reachable?'
  [1m[36mUser Load (1.6ms)[0m  [1m[34mSELECT "users".* FROM "users" WHERE "users"."id" = 'c4b38885-f504-4898-906b-24941fabb892' ORDER BY "users"."id" ASC LIMIT 1 /*action='show',application='Backend',controller='health'*/[0m
  ↳ app/controllers/api/v1/health_controller.rb:17:in 'Api::V1::HealthController#show'
[active_model_serializers] Rendered ActiveModel::Serializer::Null with Hash (0.04ms)
Completed 200 OK in 10ms (Views: 4.5ms | ActiveRecord: 2.5ms (2 queries, 0 cached) | GC: 0.0ms)


Started GET "/api/v1/health" for 127.0.0.1 at 2026-09-18 13:47:43 +0300
Processing by Api::V1::HealthController#show as JSON
  [1m[35m (1.0ms)[0m  [1m[34mSELECT 1 /*action='show',application='Backend',controller='health'*/[0m
  ↳ app/controllers/api/v1/health_controller.rb:29:in 'Api::V1::HealthController#database_reachable?'
  [1m[36mUser Load (1.2ms)[0m  [1m[34mSELECT "users".* FROM "users" WHERE "users"."id" = 'c4b38885-f504-4898-906b-24941fabb892' ORDER BY "users"."id" ASC LIMIT 1 /*action='show',application='Backend',controller='health'*/[0m
  ↳ app/controllers/api/v1/health_controller.rb:17:in 'Api::V1::HealthController#show'
[active_model_serializers] Rendered ActiveModel::Serializer::Null with Hash (0.05ms)
Completed 200 OK in 11ms (Views: 6.0ms | ActiveRecord: 2.2ms (2 queries, 0 cached) | GC: 0.0ms)


Started DELETE "/api/v1/auth/logout" for 127.0.0.1 at 2026-09-18 13:47:47 +0300
Processing by Api::V1::Auth::SessionsController#destroy as JSON
HTTP Origin header (http://localhost:5173) didn't match request.base_url (http://localhost:3000)
rescue_from handled ActionController::InvalidAuthenticityToken (HTTP Origin header (http://localhost:5173) didn't match request.base_url (http://localhost:3000)) - /home/user/.local/share/mise/installs/ruby/3.4.9/lib/ruby/gems/3.4.0/gems/actionpack-8.1.3.1/lib/action_controller/metal/request_forgery_protection.rb:321:in 'ActionController::RequestForgeryProtection::ProtectionMethods::Exception#handle_unverified_request'
  [1m[36mUser Load (1.4ms)[0m  [1m[34mSELECT "users".* FROM "users" WHERE "users"."id" = 'c4b38885-f504-4898-906b-24941fabb892' ORDER BY "users"."id" ASC LIMIT 1 /*action='destroy',application='Backend',controller='sessions'*/[0m
  ↳ app/controllers/api/v1/application_controller.rb:111:in 'Api::V1::ApplicationController#render_error'
[active_model_serializers] Rendered ActiveModel::Serializer::Null with Hash (0.05ms)
Completed 422 Unprocessable Content in 10ms (Views: 6.1ms | ActiveRecord: 1.4ms (1 query, 0 cached) | GC: 0.0ms)


Started GET "/api/v1/health" for 127.0.0.1 at 2026-09-18 13:47:47 +0300
Processing by Api::V1::HealthController#show as */*
  [1m[35m (0.7ms)[0m  [1m[34mSELECT 1 /*action='show',application='Backend',controller='health'*/[0m
  ↳ app/controllers/api/v1/health_controller.rb:29:in 'Api::V1::HealthController#database_reachable?'
  [1m[36mUser Load (0.9ms)[0m  [1m[34mSELECT "users".* FROM "users" WHERE "users"."id" = 'c4b38885-f504-4898-906b-24941fabb892' ORDER BY "users"."id" ASC LIMIT 1 /*action='show',application='Backend',controller='health'*/[0m
  ↳ app/controllers/api/v1/health_controller.rb:17:in 'Api::V1::HealthController#show'
[active_model_serializers] Rendered ActiveModel::Serializer::Null with Hash (0.04ms)
Completed 200 OK in 9ms (Views: 6.0ms | ActiveRecord: 1.5ms (2 queries, 0 cached) | GC: 0.0ms)


Started GET "/api/v1/auth/me" for 127.0.0.1 at 2026-09-18 13:47:55 +0300
Processing by Api::V1::Auth::SessionsController#show as JSON
  [1m[36mUser Load (1.2ms)[0m  [1m[34mSELECT "users".* FROM "users" WHERE "users"."id" = 'c4b38885-f504-4898-906b-24941fabb892' ORDER BY "users"."id" ASC LIMIT 1 /*action='show',application='Backend',controller='sessions'*/[0m
  ↳ app/controllers/api/v1/application_controller.rb:49:in 'Api::V1::ApplicationController#authenticate_user!'
  [1m[36mProfile Load (1.3ms)[0m  [1m[34mSELECT "profiles".* FROM "profiles" WHERE "profiles"."user_id" = 'c4b38885-f504-4898-906b-24941fabb892' LIMIT 1 /*action='show',application='Backend',controller='sessions'*/[0m
  ↳ app/controllers/api/v1/auth/sessions_controller.rb:67:in 'Api::V1::Auth::SessionsController#user_payload'
[active_model_serializers] Rendered ActiveModel::Serializer::Null with Hash (0.09ms)
Completed 200 OK in 18ms (Views: 0.8ms | ActiveRecord: 2.4ms (2 queries, 0 cached) | GC: 0.0ms)


Started GET "/api/v1/auth/me" for 127.0.0.1 at 2026-09-18 13:47:55 +0300
Processing by Api::V1::Auth::SessionsController#show as JSON
  [1m[36mUser Load (0.9ms)[0m  [1m[34mSELECT "users".* FROM "users" WHERE "users"."id" = 'c4b38885-f504-4898-906b-24941fabb892' ORDER BY "users"."id" ASC LIMIT 1 /*action='show',application='Backend',controller='sessions'*/[0m
  ↳ app/controllers/api/v1/application_controller.rb:49:in 'Api::V1::ApplicationController#authenticate_user!'
  [1m[36mProfile Load (0.9ms)[0m  [1m[34mSELECT "profiles".* FROM "profiles" WHERE "profiles"."user_id" = 'c4b38885-f504-4898-906b-24941fabb892' LIMIT 1 /*action='show',application='Backend',controller='sessions'*/[0m
  ↳ app/controllers/api/v1/auth/sessions_controller.rb:67:in 'Api::V1::Auth::SessionsController#user_payload'
[active_model_serializers] Rendered ActiveModel::Serializer::Null with Hash (0.11ms)
Completed 200 OK in 15ms (Views: 0.8ms | ActiveRecord: 1.8ms (2 queries, 0 cached) | GC: 0.0ms)


Started GET "/api/v1/health" for 127.0.0.1 at 2026-09-18 13:47:55 +0300
Processing by Api::V1::HealthController#show as JSON
  [1m[35m (0.8ms)[0m  [1m[34mSELECT 1 /*action='show',application='Backend',controller='health'*/[0m
  ↳ app/controllers/api/v1/health_controller.rb:29:in 'Api::V1::HealthController#database_reachable?'
  [1m[36mUser Load (1.2ms)[0m  [1m[34mSELECT "users".* FROM "users" WHERE "users"."id" = 'c4b38885-f504-4898-906b-24941fabb892' ORDER BY "users"."id" ASC LIMIT 1 /*action='show',application='Backend',controller='health'*/[0m
  ↳ app/controllers/api/v1/health_controller.rb:17:in 'Api::V1::HealthController#show'
[active_model_serializers] Rendered ActiveModel::Serializer::Null with Hash (0.04ms)
Completed 200 OK in 12ms (Views: 8.6ms | ActiveRecord: 2.0ms (2 queries, 0 cached) | GC: 0.0ms)


Started GET "/api/v1/health" for 127.0.0.1 at 2026-09-18 13:47:55 +0300
Processing by Api::V1::HealthController#show as JSON
  [1m[35m (0.7ms)[0m  [1m[34mSELECT 1 /*action='show',application='Backend',controller='health'*/[0m
  ↳ app/controllers/api/v1/health_controller.rb:29:in 'Api::V1::HealthController#database_reachable?'
  [1m[36mUser Load (1.1ms)[0m  [1m[34mSELECT "users".* FROM "users" WHERE "users"."id" = 'c4b38885-f504-4898-906b-24941fabb892' ORDER BY "users"."id" ASC LIMIT 1 /*action='show',application='Backend',controller='health'*/[0m
  ↳ app/controllers/api/v1/health_controller.rb:17:in 'Api::V1::HealthController#show'
[active_model_serializers] Rendered ActiveModel::Serializer::Null with Hash (0.06ms)
Completed 200 OK in 11ms (Views: 6.4ms | ActiveRecord: 1.9ms (2 queries, 0 cached) | GC: 0.0ms)


Started DELETE "/api/v1/auth/logout" for 127.0.0.1 at 2026-09-18 13:47:58 +0300
Processing by Api::V1::Auth::SessionsController#destroy as JSON
HTTP Origin header (http://localhost:5173) didn't match request.base_url (http://localhost:3000)
rescue_from handled ActionController::InvalidAuthenticityToken (HTTP Origin header (http://localhost:5173) didn't match request.base_url (http://localhost:3000)) - /home/user/.local/share/mise/installs/ruby/3.4.9/lib/ruby/gems/3.4.0/gems/actionpack-8.1.3.1/lib/action_controller/metal/request_forgery_protection.rb:321:in 'ActionController::RequestForgeryProtection::ProtectionMethods::Exception#handle_unverified_request'
  [1m[36mUser Load (0.9ms)[0m  [1m[34mSELECT "users".* FROM "users" WHERE "users"."id" = 'c4b38885-f504-4898-906b-24941fabb892' ORDER BY "users"."id" ASC LIMIT 1 /*action='destroy',application='Backend',controller='sessions'*/[0m
  ↳ app/controllers/api/v1/application_controller.rb:111:in 'Api::V1::ApplicationController#render_error'
[active_model_serializers] Rendered ActiveModel::Serializer::Null with Hash (0.05ms)
Completed 422 Unprocessable Content in 9ms (Views: 5.8ms | ActiveRecord: 1.0ms (1 query, 0 cached) | GC: 0.0ms)


Started GET "/api/v1/health" for 127.0.0.1 at 2026-09-18 13:47:58 +0300
Processing by Api::V1::HealthController#show as */*
  [1m[35m (0.6ms)[0m  [1m[34mSELECT 1 /*action='show',application='Backend',controller='health'*/[0m
  ↳ app/controllers/api/v1/health_controller.rb:29:in 'Api::V1::HealthController#database_reachable?'
  [1m[36mUser Load (0.9ms)[0m  [1m[34mSELECT "users".* FROM "users" WHERE "users"."id" = 'c4b38885-f504-4898-906b-24941fabb892' ORDER BY "users"."id" ASC LIMIT 1 /*action='show',application='Backend',controller='health'*/[0m
  ↳ app/controllers/api/v1/health_controller.rb:17:in 'Api::V1::HealthController#show'
[active_model_serializers] Rendered ActiveModel::Serializer::Null with Hash (0.04ms)
Completed 200 OK in 8ms (Views: 4.9ms | ActiveRecord: 1.5ms (2 queries, 0 cached) | GC: 0.0ms)


Started GET "/api/v1/auth/me" for 127.0.0.1 at 2026-09-18 13:48:07 +0300
Processing by Api::V1::Auth::SessionsController#show as JSON
  [1m[36mUser Load (1.1ms)[0m  [1m[34mSELECT "users".* FROM "users" WHERE "users"."id" = 'c4b38885-f504-4898-906b-24941fabb892' ORDER BY "users"."id" ASC LIMIT 1 /*action='show',application='Backend',controller='sessions'*/[0m
  ↳ app/controllers/api/v1/application_controller.rb:49:in 'Api::V1::ApplicationController#authenticate_user!'
  [1m[36mProfile Load (1.9ms)[0m  [1m[34mSELECT "profiles".* FROM "profiles" WHERE "profiles"."user_id" = 'c4b38885-f504-4898-906b-24941fabb892' LIMIT 1 /*action='show',application='Backend',controller='sessions'*/[0m
  ↳ app/controllers/api/v1/auth/sessions_controller.rb:67:in 'Api::V1::Auth::SessionsController#user_payload'
[active_model_serializers] Rendered ActiveModel::Serializer::Null with Hash (0.14ms)
Completed 200 OK in 22ms (Views: 0.9ms | ActiveRecord: 3.0ms (2 queries, 0 cached) | GC: 0.0ms)


Started GET "/api/v1/auth/me" for 127.0.0.1 at 2026-09-18 13:48:07 +0300
Processing by Api::V1::Auth::SessionsController#show as JSON
  [1m[36mUser Load (0.9ms)[0m  [1m[34mSELECT "users".* FROM "users" WHERE "users"."id" = 'c4b38885-f504-4898-906b-24941fabb892' ORDER BY "users"."id" ASC LIMIT 1 /*action='show',application='Backend',controller='sessions'*/[0m
  ↳ app/controllers/api/v1/application_controller.rb:49:in 'Api::V1::ApplicationController#authenticate_user!'
  [1m[36mProfile Load (1.1ms)[0m  [1m[34mSELECT "profiles".* FROM "profiles" WHERE "profiles"."user_id" = 'c4b38885-f504-4898-906b-24941fabb892' LIMIT 1 /*action='show',application='Backend',controller='sessions'*/[0m
  ↳ app/controllers/api/v1/auth/sessions_controller.rb:67:in 'Api::V1::Auth::SessionsController#user_payload'
[active_model_serializers] Rendered ActiveModel::Serializer::Null with Hash (0.08ms)
Completed 200 OK in 16ms (Views: 0.7ms | ActiveRecord: 2.1ms (2 queries, 0 cached) | GC: 0.0ms)


Started GET "/api/v1/health" for 127.0.0.1 at 2026-09-18 13:48:07 +0300
Processing by Api::V1::HealthController#show as JSON
  [1m[35m (2.2ms)[0m  [1m[34mSELECT 1 /*action='show',application='Backend',controller='health'*/[0m
  ↳ app/controllers/api/v1/health_controller.rb:29:in 'Api::V1::HealthController#database_reachable?'
  [1m[36mUser Load (1.6ms)[0m  [1m[34mSELECT "users".* FROM "users" WHERE "users"."id" = 'c4b38885-f504-4898-906b-24941fabb892' ORDER BY "users"."id" ASC LIMIT 1 /*action='show',application='Backend',controller='health'*/[0m
  ↳ app/controllers/api/v1/health_controller.rb:17:in 'Api::V1::HealthController#show'
[active_model_serializers] Rendered ActiveModel::Serializer::Null with Hash (0.09ms)
Completed 200 OK in 15ms (Views: 8.2ms | ActiveRecord: 3.7ms (2 queries, 0 cached) | GC: 0.0ms)


Started GET "/api/v1/health" for 127.0.0.1 at 2026-09-18 13:48:07 +0300
Processing by Api::V1::HealthController#show as JSON
  [1m[35m (1.0ms)[0m  [1m[34mSELECT 1 /*action='show',application='Backend',controller='health'*/[0m
  ↳ app/controllers/api/v1/health_controller.rb:29:in 'Api::V1::HealthController#database_reachable?'
  [1m[36mUser Load (1.0ms)[0m  [1m[34mSELECT "users".* FROM "users" WHERE "users"."id" = 'c4b38885-f504-4898-906b-24941fabb892' ORDER BY "users"."id" ASC LIMIT 1 /*action='show',application='Backend',controller='health'*/[0m
  ↳ app/controllers/api/v1/health_controller.rb:17:in 'Api::V1::HealthController#show'
[active_model_serializers] Rendered ActiveModel::Serializer::Null with Hash (0.05ms)
Completed 200 OK in 14ms (Views: 7.6ms | ActiveRecord: 1.9ms (2 queries, 0 cached) | GC: 0.0ms)


Started DELETE "/api/v1/auth/logout" for 127.0.0.1 at 2026-09-18 13:48:13 +0300
Processing by Api::V1::Auth::SessionsController#destroy as JSON
HTTP Origin header (http://localhost:5173) didn't match request.base_url (http://localhost:3000)
rescue_from handled ActionController::InvalidAuthenticityToken (HTTP Origin header (http://localhost:5173) didn't match request.base_url (http://localhost:3000)) - /home/user/.local/share/mise/installs/ruby/3.4.9/lib/ruby/gems/3.4.0/gems/actionpack-8.1.3.1/lib/action_controller/metal/request_forgery_protection.rb:321:in 'ActionController::RequestForgeryProtection::ProtectionMethods::Exception#handle_unverified_request'
  [1m[36mUser Load (0.9ms)[0m  [1m[34mSELECT "users".* FROM "users" WHERE "users"."id" = 'c4b38885-f504-4898-906b-24941fabb892' ORDER BY "users"."id" ASC LIMIT 1 /*action='destroy',application='Backend',controller='sessions'*/[0m
  ↳ app/controllers/api/v1/application_controller.rb:111:in 'Api::V1::ApplicationController#render_error'
[active_model_serializers] Rendered ActiveModel::Serializer::Null with Hash (0.06ms)
Completed 422 Unprocessable Content in 9ms (Views: 6.9ms | ActiveRecord: 0.8ms (1 query, 0 cached) | GC: 0.0ms)


Started GET "/api/v1/health" for 127.0.0.1 at 2026-09-18 13:48:13 +0300
Processing by Api::V1::HealthController#show as */*
  [1m[35m (0.6ms)[0m  [1m[34mSELECT 1 /*action='show',application='Backend',controller='health'*/[0m
  ↳ app/controllers/api/v1/health_controller.rb:29:in 'Api::V1::HealthController#database_reachable?'
  [1m[36mUser Load (0.9ms)[0m  [1m[34mSELECT "users".* FROM "users" WHERE "users"."id" = 'c4b38885-f504-4898-906b-24941fabb892' ORDER BY "users"."id" ASC LIMIT 1 /*action='show',application='Backend',controller='health'*/[0m
  ↳ app/controllers/api/v1/health_controller.rb:17:in 'Api::V1::HealthController#show'
[active_model_serializers] Rendered ActiveModel::Serializer::Null with Hash (0.07ms)
Completed 200 OK in 7ms (Views: 4.0ms | ActiveRecord: 1.5ms (2 queries, 0 cached) | GC: 0.0ms)


Started GET "/api/v1/auth/me" for 127.0.0.1 at 2026-09-18 13:48:20 +0300
Processing by Api::V1::Auth::SessionsController#show as JSON
  [1m[36mUser Load (1.1ms)[0m  [1m[34mSELECT "users".* FROM "users" WHERE "users"."id" = 'c4b38885-f504-4898-906b-24941fabb892' ORDER BY "users"."id" ASC LIMIT 1 /*action='show',application='Backend',controller='sessions'*/[0m
  ↳ app/controllers/api/v1/application_controller.rb:49:in 'Api::V1::ApplicationController#authenticate_user!'
  [1m[36mProfile Load (1.6ms)[0m  [1m[34mSELECT "profiles".* FROM "profiles" WHERE "profiles"."user_id" = 'c4b38885-f504-4898-906b-24941fabb892' LIMIT 1 /*action='show',application='Backend',controller='sessions'*/[0m
  ↳ app/controllers/api/v1/auth/sessions_controller.rb:67:in 'Api::V1::Auth::SessionsController#user_payload'
[active_model_serializers] Rendered ActiveModel::Serializer::Null with Hash (0.11ms)
Completed 200 OK in 22ms (Views: 0.8ms | ActiveRecord: 2.7ms (2 queries, 0 cached) | GC: 0.0ms)


Started GET "/api/v1/auth/me" for 127.0.0.1 at 2026-09-18 13:48:20 +0300
Processing by Api::V1::Auth::SessionsController#show as JSON
  [1m[36mUser Load (0.7ms)[0m  [1m[34mSELECT "users".* FROM "users" WHERE "users"."id" = 'c4b38885-f504-4898-906b-24941fabb892' ORDER BY "users"."id" ASC LIMIT 1 /*action='show',application='Backend',controller='sessions'*/[0m
  ↳ app/controllers/api/v1/application_controller.rb:49:in 'Api::V1::ApplicationController#authenticate_user!'
  [1m[36mProfile Load (0.9ms)[0m  [1m[34mSELECT "profiles".* FROM "profiles" WHERE "profiles"."user_id" = 'c4b38885-f504-4898-906b-24941fabb892' LIMIT 1 /*action='show',application='Backend',controller='sessions'*/[0m
  ↳ app/controllers/api/v1/auth/sessions_controller.rb:67:in 'Api::V1::Auth::SessionsController#user_payload'
[active_model_serializers] Rendered ActiveModel::Serializer::Null with Hash (0.1ms)
Completed 200 OK in 13ms (Views: 0.7ms | ActiveRecord: 1.6ms (2 queries, 0 cached) | GC: 0.0ms)


Started GET "/api/v1/health" for 127.0.0.1 at 2026-09-18 13:48:20 +0300
Processing by Api::V1::HealthController#show as JSON
  [1m[35m (1.2ms)[0m  [1m[34mSELECT 1 /*action='show',application='Backend',controller='health'*/[0m
  ↳ app/controllers/api/v1/health_controller.rb:29:in 'Api::V1::HealthController#database_reachable?'
  [1m[36mUser Load (1.8ms)[0m  [1m[34mSELECT "users".* FROM "users" WHERE "users"."id" = 'c4b38885-f504-4898-906b-24941fabb892' ORDER BY "users"."id" ASC LIMIT 1 /*action='show',application='Backend',controller='health'*/[0m
  ↳ app/controllers/api/v1/health_controller.rb:17:in 'Api::V1::HealthController#show'
[active_model_serializers] Rendered ActiveModel::Serializer::Null with Hash (0.05ms)
Completed 200 OK in 12ms (Views: 6.2ms | ActiveRecord: 3.0ms (2 queries, 0 cached) | GC: 0.0ms)


Started GET "/api/v1/health" for 127.0.0.1 at 2026-09-18 13:48:20 +0300
Processing by Api::V1::HealthController#show as JSON
  [1m[35m (1.0ms)[0m  [1m[34mSELECT 1 /*action='show',application='Backend',controller='health'*/[0m
  ↳ app/controllers/api/v1/health_controller.rb:29:in 'Api::V1::HealthController#database_reachable?'
  [1m[36mUser Load (0.7ms)[0m  [1m[34mSELECT "users".* FROM "users" WHERE "users"."id" = 'c4b38885-f504-4898-906b-24941fabb892' ORDER BY "users"."id" ASC LIMIT 1 /*action='show',application='Backend',controller='health'*/[0m
  ↳ app/controllers/api/v1/health_controller.rb:17:in 'Api::V1::HealthController#show'
[active_model_serializers] Rendered ActiveModel::Serializer::Null with Hash (0.04ms)
Completed 200 OK in 9ms (Views: 5.0ms | ActiveRecord: 1.7ms (2 queries, 0 cached) | GC: 0.0ms)


Started DELETE "/api/v1/auth/logout" for 127.0.0.1 at 2026-09-18 13:49:49 +0300
Processing by Api::V1::Auth::SessionsController#destroy as JSON
HTTP Origin header (http://localhost:5173) didn't match request.base_url (http://localhost:3000)
rescue_from handled ActionController::InvalidAuthenticityToken (HTTP Origin header (http://localhost:5173) didn't match request.base_url (http://localhost:3000)) - /home/user/.local/share/mise/installs/ruby/3.4.9/lib/ruby/gems/3.4.0/gems/actionpack-8.1.3.1/lib/action_controller/metal/request_forgery_protection.rb:321:in 'ActionController::RequestForgeryProtection::ProtectionMethods::Exception#handle_unverified_request'
[active_model_serializers] Rendered ActiveModel::Serializer::Null with Hash (0.05ms)
Completed 422 Unprocessable Content in 3ms (Views: 1.4ms | ActiveRecord: 0.0ms (0 queries, 0 cached) | GC: 0.0ms)


Started GET "/api/v1/health" for 127.0.0.1 at 2026-09-18 13:49:49 +0300
Processing by Api::V1::HealthController#show as */*
  [1m[35m (1.4ms)[0m  [1m[34mSELECT 1 /*action='show',application='Backend',controller='health'*/[0m
  ↳ app/controllers/api/v1/health_controller.rb:29:in 'Api::V1::HealthController#database_reachable?'
[active_model_serializers] Rendered ActiveModel::Serializer::Null with Hash (0.07ms)
Completed 200 OK in 4ms (Views: 1.1ms | ActiveRecord: 1.3ms (1 query, 0 cached) | GC: 0.0ms)


Started POST "/api/v1/auth/login" for 127.0.0.1 at 2026-09-18 13:52:02 +0300
Processing by Api::V1::Auth::SessionsController#create as JSON
  Parameters: {"user" => {"email" => "[FILTERED]", "password" => "[FILTERED]"}, "session" => {"user" => {"email" => "[FILTERED]", "password" => "[FILTERED]"}}}
  [1m[36mUser Load (0.7ms)[0m  [1m[34mSELECT "users".* FROM "users" WHERE "users"."email" = 'ragadabdelwahab81@gmail.com' LIMIT 1 /*action='create',application='Backend',controller='sessions'*/[0m
  ↳ app/controllers/api/v1/auth/sessions_controller.rb:12:in 'Api::V1::Auth::SessionsController#create'
  [1m[36mTRANSACTION (0.7ms)[0m  [1m[35mBEGIN /*action='create',application='Backend',controller='sessions'*/[0m
  ↳ app/controllers/api/v1/auth/sessions_controller.rb:15:in 'Api::V1::Auth::SessionsController#create'
  [1m[36mUser Update (2.9ms)[0m  [1m[33mUPDATE "users" SET "current_sign_in_at" = '2026-09-18 10:52:02.894838', "last_sign_in_at" = '2026-09-18 10:47:43.704175', "last_sign_in_ip" = '127.0.0.1/32', "sign_in_count" = 5, "updated_at" = '2026-09-18 10:52:02.895215' WHERE "users"."id" = 'c4b38885-f504-4898-906b-24941fabb892' /*action='create',application='Backend',controller='sessions'*/[0m
  ↳ app/controllers/api/v1/auth/sessions_controller.rb:15:in 'Api::V1::Auth::SessionsController#create'
  [1m[36mTRANSACTION (10.4ms)[0m  [1m[35mCOMMIT /*action='create',application='Backend',controller='sessions'*/[0m
  ↳ app/controllers/api/v1/auth/sessions_controller.rb:15:in 'Api::V1::Auth::SessionsController#create'
[active_model_serializers] Rendered ActiveModel::Serializer::Null with Hash (0.04ms)
Completed 200 OK in 235ms (Views: 0.5ms | ActiveRecord: 14.5ms (2 queries, 0 cached) | GC: 0.0ms)


Started GET "/api/v1/auth/me" for 127.0.0.1 at 2026-09-18 13:52:02 +0300
Processing by Api::V1::Auth::SessionsController#show as JSON
  [1m[36mUser Load (0.8ms)[0m  [1m[34mSELECT "users".* FROM "users" WHERE "users"."id" = 'c4b38885-f504-4898-906b-24941fabb892' ORDER BY "users"."id" ASC LIMIT 1 /*action='show',application='Backend',controller='sessions'*/[0m
  ↳ app/controllers/api/v1/application_controller.rb:49:in 'Api::V1::ApplicationController#authenticate_user!'
  [1m[36mProfile Load (0.8ms)[0m  [1m[34mSELECT "profiles".* FROM "profiles" WHERE "profiles"."user_id" = 'c4b38885-f504-4898-906b-24941fabb892' LIMIT 1 /*action='show',application='Backend',controller='sessions'*/[0m
  ↳ app/controllers/api/v1/auth/sessions_controller.rb:67:in 'Api::V1::Auth::SessionsController#user_payload'
[active_model_serializers] Rendered ActiveModel::Serializer::Null with Hash (0.07ms)
Completed 200 OK in 9ms (Views: 0.8ms | ActiveRecord: 1.5ms (2 queries, 0 cached) | GC: 0.0ms)


Started GET "/api/v1/health" for 127.0.0.1 at 2026-09-18 13:52:02 +0300
Processing by Api::V1::HealthController#show as JSON
  [1m[35m (0.7ms)[0m  [1m[34mSELECT 1 /*action='show',application='Backend',controller='health'*/[0m
  ↳ app/controllers/api/v1/health_controller.rb:29:in 'Api::V1::HealthController#database_reachable?'
  [1m[36mUser Load (0.9ms)[0m  [1m[34mSELECT "users".* FROM "users" WHERE "users"."id" = 'c4b38885-f504-4898-906b-24941fabb892' ORDER BY "users"."id" ASC LIMIT 1 /*action='show',application='Backend',controller='health'*/[0m
  ↳ app/controllers/api/v1/health_controller.rb:17:in 'Api::V1::HealthController#show'
[active_model_serializers] Rendered ActiveModel::Serializer::Null with Hash (0.07ms)
Completed 200 OK in 7ms (Views: 3.7ms | ActiveRecord: 1.5ms (2 queries, 0 cached) | GC: 0.0ms)


Started GET "/api/v1/health" for 127.0.0.1 at 2026-09-18 13:52:02 +0300
Processing by Api::V1::HealthController#show as JSON
  [1m[35m (0.9ms)[0m  [1m[34mSELECT 1 /*action='show',application='Backend',controller='health'*/[0m
  ↳ app/controllers/api/v1/health_controller.rb:29:in 'Api::V1::HealthController#database_reachable?'
  [1m[36mUser Load (1.2ms)[0m  [1m[34mSELECT "users".* FROM "users" WHERE "users"."id" = 'c4b38885-f504-4898-906b-24941fabb892' ORDER BY "users"."id" ASC LIMIT 1 /*action='show',application='Backend',controller='health'*/[0m
  ↳ app/controllers/api/v1/health_controller.rb:17:in 'Api::V1::HealthController#show'
[active_model_serializers] Rendered ActiveModel::Serializer::Null with Hash (0.04ms)
Completed 200 OK in 10ms (Views: 4.7ms | ActiveRecord: 2.1ms (2 queries, 0 cached) | GC: 0.0ms)


Started GET "/api/v1/auth/me" for 127.0.0.1 at 2026-09-18 13:54:28 +0300
Processing by Api::V1::Auth::SessionsController#show as JSON
  [1m[36mUser Load (1.4ms)[0m  [1m[34mSELECT "users".* FROM "users" WHERE "users"."id" = 'c4b38885-f504-4898-906b-24941fabb892' ORDER BY "users"."id" ASC LIMIT 1 /*action='show',application='Backend',controller='sessions'*/[0m
  ↳ app/controllers/api/v1/application_controller.rb:49:in 'Api::V1::ApplicationController#authenticate_user!'
  [1m[36mProfile Load (1.1ms)[0m  [1m[34mSELECT "profiles".* FROM "profiles" WHERE "profiles"."user_id" = 'c4b38885-f504-4898-906b-24941fabb892' LIMIT 1 /*action='show',application='Backend',controller='sessions'*/[0m
  ↳ app/controllers/api/v1/auth/sessions_controller.rb:67:in 'Api::V1::Auth::SessionsController#user_payload'
[active_model_serializers] Rendered ActiveModel::Serializer::Null with Hash (0.11ms)
Completed 200 OK in 13ms (Views: 0.9ms | ActiveRecord: 2.4ms (2 queries, 0 cached) | GC: 0.0ms)


Started GET "/api/v1/auth/me" for 127.0.0.1 at 2026-09-18 13:54:28 +0300
Processing by Api::V1::Auth::SessionsController#show as JSON
  [1m[36mUser Load (0.8ms)[0m  [1m[34mSELECT "users".* FROM "users" WHERE "users"."id" = 'c4b38885-f504-4898-906b-24941fabb892' ORDER BY "users"."id" ASC LIMIT 1 /*action='show',application='Backend',controller='sessions'*/[0m
  ↳ app/controllers/api/v1/application_controller.rb:49:in 'Api::V1::ApplicationController#authenticate_user!'
  [1m[36mProfile Load (0.9ms)[0m  [1m[34mSELECT "profiles".* FROM "profiles" WHERE "profiles"."user_id" = 'c4b38885-f504-4898-906b-24941fabb892' LIMIT 1 /*action='show',application='Backend',controller='sessions'*/[0m
  ↳ app/controllers/api/v1/auth/sessions_controller.rb:67:in 'Api::V1::Auth::SessionsController#user_payload'
[active_model_serializers] Rendered ActiveModel::Serializer::Null with Hash (0.11ms)
Completed 200 OK in 14ms (Views: 1.0ms | ActiveRecord: 1.7ms (2 queries, 0 cached) | GC: 0.0ms)


Started GET "/api/v1/health" for 127.0.0.1 at 2026-09-18 13:54:28 +0300
Processing by Api::V1::HealthController#show as JSON
  [1m[35m (0.9ms)[0m  [1m[34mSELECT 1 /*action='show',application='Backend',controller='health'*/[0m
  ↳ app/controllers/api/v1/health_controller.rb:29:in 'Api::V1::HealthController#database_reachable?'
  [1m[36mUser Load (0.9ms)[0m  [1m[34mSELECT "users".* FROM "users" WHERE "users"."id" = 'c4b38885-f504-4898-906b-24941fabb892' ORDER BY "users"."id" ASC LIMIT 1 /*action='show',application='Backend',controller='health'*/[0m
  ↳ app/controllers/api/v1/health_controller.rb:17:in 'Api::V1::HealthController#show'
[active_model_serializers] Rendered ActiveModel::Serializer::Null with Hash (0.06ms)
Completed 200 OK in 9ms (Views: 5.5ms | ActiveRecord: 1.8ms (2 queries, 0 cached) | GC: 0.0ms)


Started GET "/api/v1/health" for 127.0.0.1 at 2026-09-18 13:54:28 +0300
Processing by Api::V1::HealthController#show as JSON
  [1m[35m (0.9ms)[0m  [1m[34mSELECT 1 /*action='show',application='Backend',controller='health'*/[0m
  ↳ app/controllers/api/v1/health_controller.rb:29:in 'Api::V1::HealthController#database_reachable?'
  [1m[36mUser Load (0.7ms)[0m  [1m[34mSELECT "users".* FROM "users" WHERE "users"."id" = 'c4b38885-f504-4898-906b-24941fabb892' ORDER BY "users"."id" ASC LIMIT 1 /*action='show',application='Backend',controller='health'*/[0m
  ↳ app/controllers/api/v1/health_controller.rb:17:in 'Api::V1::HealthController#show'
[active_model_serializers] Rendered ActiveModel::Serializer::Null with Hash (0.25ms)
Completed 200 OK in 9ms (Views: 5.1ms | ActiveRecord: 1.5ms (2 queries, 0 cached) | GC: 0.0ms)


Started DELETE "/api/v1/auth/logout" for 127.0.0.1 at 2026-09-18 13:54:36 +0300
Processing by Api::V1::Auth::SessionsController#destroy as JSON
HTTP Origin header (http://localhost:5173) didn't match request.base_url (http://localhost:3000)
rescue_from handled ActionController::InvalidAuthenticityToken (HTTP Origin header (http://localhost:5173) didn't match request.base_url (http://localhost:3000)) - /home/user/.local/share/mise/installs/ruby/3.4.9/lib/ruby/gems/3.4.0/gems/actionpack-8.1.3.1/lib/action_controller/metal/request_forgery_protection.rb:321:in 'ActionController::RequestForgeryProtection::ProtectionMethods::Exception#handle_unverified_request'
  [1m[36mUser Load (1.3ms)[0m  [1m[34mSELECT "users".* FROM "users" WHERE "users"."id" = 'c4b38885-f504-4898-906b-24941fabb892' ORDER BY "users"."id" ASC LIMIT 1 /*action='destroy',application='Backend',controller='sessions'*/[0m
  ↳ app/controllers/api/v1/application_controller.rb:111:in 'Api::V1::ApplicationController#render_error'
[active_model_serializers] Rendered ActiveModel::Serializer::Null with Hash (0.04ms)
Completed 422 Unprocessable Content in 8ms (Views: 5.5ms | ActiveRecord: 1.2ms (1 query, 0 cached) | GC: 0.0ms)


Started GET "/api/v1/health" for 127.0.0.1 at 2026-09-18 13:54:36 +0300
Processing by Api::V1::HealthController#show as */*
  [1m[35m (0.6ms)[0m  [1m[34mSELECT 1 /*action='show',application='Backend',controller='health'*/[0m
  ↳ app/controllers/api/v1/health_controller.rb:29:in 'Api::V1::HealthController#database_reachable?'
  [1m[36mUser Load (1.0ms)[0m  [1m[34mSELECT "users".* FROM "users" WHERE "users"."id" = 'c4b38885-f504-4898-906b-24941fabb892' ORDER BY "users"."id" ASC LIMIT 1 /*action='show',application='Backend',controller='health'*/[0m
  ↳ app/controllers/api/v1/health_controller.rb:17:in 'Api::V1::HealthController#show'
[active_model_serializers] Rendered ActiveModel::Serializer::Null with Hash (0.04ms)
Completed 200 OK in 8ms (Views: 4.5ms | ActiveRecord: 1.6ms (2 queries, 0 cached) | GC: 0.0ms)


Started GET "/api/v1/auth/me" for 127.0.0.1 at 2026-09-18 13:59:54 +0300
Processing by Api::V1::Auth::SessionsController#show as JSON
  [1m[36mUser Load (1.4ms)[0m  [1m[34mSELECT "users".* FROM "users" WHERE "users"."id" = 'c4b38885-f504-4898-906b-24941fabb892' ORDER BY "users"."id" ASC LIMIT 1 /*action='show',application='Backend',controller='sessions'*/[0m
  ↳ app/controllers/api/v1/application_controller.rb:49:in 'Api::V1::ApplicationController#authenticate_user!'
  [1m[36mProfile Load (1.1ms)[0m  [1m[34mSELECT "profiles".* FROM "profiles" WHERE "profiles"."user_id" = 'c4b38885-f504-4898-906b-24941fabb892' LIMIT 1 /*action='show',application='Backend',controller='sessions'*/[0m
  ↳ app/controllers/api/v1/auth/sessions_controller.rb:67:in 'Api::V1::Auth::SessionsController#user_payload'
[active_model_serializers] Rendered ActiveModel::Serializer::Null with Hash (0.08ms)
Completed 200 OK in 66ms (Views: 0.8ms | ActiveRecord: 13.1ms (2 queries, 0 cached) | GC: 0.0ms)


Started GET "/api/v1/auth/me" for 127.0.0.1 at 2026-09-18 13:59:54 +0300
Processing by Api::V1::Auth::SessionsController#show as JSON
  [1m[36mUser Load (1.1ms)[0m  [1m[34mSELECT "users".* FROM "users" WHERE "users"."id" = 'c4b38885-f504-4898-906b-24941fabb892' ORDER BY "users"."id" ASC LIMIT 1 /*action='show',application='Backend',controller='sessions'*/[0m
  ↳ app/controllers/api/v1/application_controller.rb:49:in 'Api::V1::ApplicationController#authenticate_user!'
  [1m[36mProfile Load (0.8ms)[0m  [1m[34mSELECT "profiles".* FROM "profiles" WHERE "profiles"."user_id" = 'c4b38885-f504-4898-906b-24941fabb892' LIMIT 1 /*action='show',application='Backend',controller='sessions'*/[0m
  ↳ app/controllers/api/v1/auth/sessions_controller.rb:67:in 'Api::V1::Auth::SessionsController#user_payload'
[active_model_serializers] Rendered ActiveModel::Serializer::Null with Hash (0.15ms)
Completed 200 OK in 12ms (Views: 0.8ms | ActiveRecord: 1.9ms (2 queries, 0 cached) | GC: 0.0ms)


Using vips to process variants requires the libvips library. Please install libvips using the instructions on the libvips website.
Started GET "/api/v1/auth/me" for 127.0.0.1 at 2026-09-18 14:00:47 +0300
  [1m[36mActiveRecord::SchemaMigration Load (0.7ms)[0m  [1m[34mSELECT "schema_migrations"."version" FROM "schema_migrations" ORDER BY "schema_migrations"."version" ASC /*application='Backend'*/[0m
Processing by Api::V1::Auth::SessionsController#show as JSON
  [1m[36mUser Load (1.2ms)[0m  [1m[34mSELECT "users".* FROM "users" WHERE "users"."id" = 'c4b38885-f504-4898-906b-24941fabb892' ORDER BY "users"."id" ASC LIMIT 1 /*action='show',application='Backend',controller='sessions'*/[0m
  ↳ app/controllers/api/v1/application_controller.rb:49:in 'Api::V1::ApplicationController#authenticate_user!'
  [1m[36mProfile Load (0.9ms)[0m  [1m[34mSELECT "profiles".* FROM "profiles" WHERE "profiles"."user_id" = 'c4b38885-f504-4898-906b-24941fabb892' LIMIT 1 /*action='show',application='Backend',controller='sessions'*/[0m
  ↳ app/controllers/api/v1/auth/sessions_controller.rb:67:in 'Api::V1::Auth::SessionsController#user_payload'
[active_model_serializers] Rendered ActiveModel::Serializer::Null with Hash (0.07ms)
Completed 200 OK in 115ms (Views: 1.9ms | ActiveRecord: 46.5ms (2 queries, 0 cached) | GC: 33.4ms)


Started GET "/api/v1/auth/me" for 127.0.0.1 at 2026-09-18 14:00:47 +0300
Processing by Api::V1::Auth::SessionsController#show as JSON
  [1m[36mUser Load (0.8ms)[0m  [1m[34mSELECT "users".* FROM "users" WHERE "users"."id" = 'c4b38885-f504-4898-906b-24941fabb892' ORDER BY "users"."id" ASC LIMIT 1 /*action='show',application='Backend',controller='sessions'*/[0m
  ↳ app/controllers/api/v1/application_controller.rb:49:in 'Api::V1::ApplicationController#authenticate_user!'
  [1m[36mProfile Load (0.7ms)[0m  [1m[34mSELECT "profiles".* FROM "profiles" WHERE "profiles"."user_id" = 'c4b38885-f504-4898-906b-24941fabb892' LIMIT 1 /*action='show',application='Backend',controller='sessions'*/[0m
  ↳ app/controllers/api/v1/auth/sessions_controller.rb:67:in 'Api::V1::Auth::SessionsController#user_payload'
[active_model_serializers] Rendered ActiveModel::Serializer::Null with Hash (0.07ms)
Completed 200 OK in 9ms (Views: 0.6ms | ActiveRecord: 1.4ms (2 queries, 0 cached) | GC: 0.5ms)


Started GET "/api/v1/health" for 127.0.0.1 at 2026-09-18 14:00:47 +0300
Processing by Api::V1::HealthController#show as JSON
  [1m[35m (0.8ms)[0m  [1m[34mSELECT 1 /*action='show',application='Backend',controller='health'*/[0m
  ↳ app/controllers/api/v1/health_controller.rb:29:in 'Api::V1::HealthController#database_reachable?'
  [1m[36mUser Load (0.7ms)[0m  [1m[34mSELECT "users".* FROM "users" WHERE "users"."id" = 'c4b38885-f504-4898-906b-24941fabb892' ORDER BY "users"."id" ASC LIMIT 1 /*action='show',application='Backend',controller='health'*/[0m
  ↳ app/controllers/api/v1/health_controller.rb:17:in 'Api::V1::HealthController#show'
[active_model_serializers] Rendered ActiveModel::Serializer::Null with Hash (0.04ms)
Completed 200 OK in 6ms (Views: 3.7ms | ActiveRecord: 1.4ms (2 queries, 0 cached) | GC: 0.4ms)


Started GET "/api/v1/health" for 127.0.0.1 at 2026-09-18 14:00:47 +0300
Processing by Api::V1::HealthController#show as JSON
  [1m[35m (0.8ms)[0m  [1m[34mSELECT 1 /*action='show',application='Backend',controller='health'*/[0m
  ↳ app/controllers/api/v1/health_controller.rb:29:in 'Api::V1::HealthController#database_reachable?'
  [1m[36mUser Load (0.8ms)[0m  [1m[34mSELECT "users".* FROM "users" WHERE "users"."id" = 'c4b38885-f504-4898-906b-24941fabb892' ORDER BY "users"."id" ASC LIMIT 1 /*action='show',application='Backend',controller='health'*/[0m
  ↳ app/controllers/api/v1/health_controller.rb:17:in 'Api::V1::HealthController#show'
[active_model_serializers] Rendered ActiveModel::Serializer::Null with Hash (0.08ms)
Completed 200 OK in 6ms (Views: 3.4ms | ActiveRecord: 1.6ms (2 queries, 0 cached) | GC: 0.0ms)


Started DELETE "/api/v1/auth/logout" for 127.0.0.1 at 2026-09-18 14:00:51 +0300
Processing by Api::V1::Auth::SessionsController#destroy as JSON
  [1m[36mUser Load (1.1ms)[0m  [1m[34mSELECT "users".* FROM "users" WHERE "users"."id" = 'c4b38885-f504-4898-906b-24941fabb892' ORDER BY "users"."id" ASC LIMIT 1 /*action='destroy',application='Backend',controller='sessions'*/[0m
  ↳ app/controllers/api/v1/application_controller.rb:49:in 'Api::V1::ApplicationController#authenticate_user!'
Completed 204 No Content in 18ms (ActiveRecord: 1.1ms (1 query, 0 cached) | GC: 0.0ms)


Started POST "/api/v1/auth/login" for 127.0.0.1 at 2026-09-18 14:00:53 +0300
Processing by Api::V1::Auth::SessionsController#create as JSON
  Parameters: {"user" => {"email" => "[FILTERED]", "password" => "[FILTERED]"}, "session" => {"user" => {"email" => "[FILTERED]", "password" => "[FILTERED]"}}}
  [1m[36mUser Load (1.2ms)[0m  [1m[34mSELECT "users".* FROM "users" WHERE "users"."email" = 'ragadabdelwahab81@gmail.com' LIMIT 1 /*action='create',application='Backend',controller='sessions'*/[0m
  ↳ app/controllers/api/v1/auth/sessions_controller.rb:12:in 'Api::V1::Auth::SessionsController#create'
  [1m[36mTRANSACTION (0.5ms)[0m  [1m[35mBEGIN /*action='create',application='Backend',controller='sessions'*/[0m
  ↳ app/controllers/api/v1/auth/sessions_controller.rb:15:in 'Api::V1::Auth::SessionsController#create'
  [1m[36mUser Update (3.0ms)[0m  [1m[33mUPDATE "users" SET "current_sign_in_at" = '2026-09-18 11:00:54.060304', "last_sign_in_at" = '2026-09-18 10:52:02.894838', "sign_in_count" = 6, "updated_at" = '2026-09-18 11:00:54.060723' WHERE "users"."id" = 'c4b38885-f504-4898-906b-24941fabb892' /*action='create',application='Backend',controller='sessions'*/[0m
  ↳ app/controllers/api/v1/auth/sessions_controller.rb:15:in 'Api::V1::Auth::SessionsController#create'
  [1m[36mTRANSACTION (2.0ms)[0m  [1m[35mCOMMIT /*action='create',application='Backend',controller='sessions'*/[0m
  ↳ app/controllers/api/v1/auth/sessions_controller.rb:15:in 'Api::V1::Auth::SessionsController#create'
[active_model_serializers] Rendered ActiveModel::Serializer::Null with Hash (0.09ms)
Completed 200 OK in 232ms (Views: 0.7ms | ActiveRecord: 6.7ms (2 queries, 0 cached) | GC: 0.0ms)


Started GET "/api/v1/auth/me" for 127.0.0.1 at 2026-09-18 14:00:54 +0300
Processing by Api::V1::Auth::SessionsController#show as JSON
  [1m[36mUser Load (0.9ms)[0m  [1m[34mSELECT "users".* FROM "users" WHERE "users"."id" = 'c4b38885-f504-4898-906b-24941fabb892' ORDER BY "users"."id" ASC LIMIT 1 /*action='show',application='Backend',controller='sessions'*/[0m
  ↳ app/controllers/api/v1/application_controller.rb:49:in 'Api::V1::ApplicationController#authenticate_user!'
  [1m[36mProfile Load (0.9ms)[0m  [1m[34mSELECT "profiles".* FROM "profiles" WHERE "profiles"."user_id" = 'c4b38885-f504-4898-906b-24941fabb892' LIMIT 1 /*action='show',application='Backend',controller='sessions'*/[0m
  ↳ app/controllers/api/v1/auth/sessions_controller.rb:67:in 'Api::V1::Auth::SessionsController#user_payload'
[active_model_serializers] Rendered ActiveModel::Serializer::Null with Hash (0.11ms)
Completed 200 OK in 11ms (Views: 1.0ms | ActiveRecord: 1.8ms (2 queries, 0 cached) | GC: 1.0ms)


Started GET "/api/v1/health" for 127.0.0.1 at 2026-09-18 14:00:54 +0300
Processing by Api::V1::HealthController#show as JSON
  [1m[35m (1.0ms)[0m  [1m[34mSELECT 1 /*action='show',application='Backend',controller='health'*/[0m
  ↳ app/controllers/api/v1/health_controller.rb:29:in 'Api::V1::HealthController#database_reachable?'
  [1m[36mUser Load (1.0ms)[0m  [1m[34mSELECT "users".* FROM "users" WHERE "users"."id" = 'c4b38885-f504-4898-906b-24941fabb892' ORDER BY "users"."id" ASC LIMIT 1 /*action='show',application='Backend',controller='health'*/[0m
  ↳ app/controllers/api/v1/health_controller.rb:17:in 'Api::V1::HealthController#show'
[active_model_serializers] Rendered ActiveModel::Serializer::Null with Hash (0.05ms)
Completed 200 OK in 9ms (Views: 4.7ms | ActiveRecord: 1.9ms (2 queries, 0 cached) | GC: 0.2ms)


Started GET "/api/v1/health" for 127.0.0.1 at 2026-09-18 14:00:54 +0300
Processing by Api::V1::HealthController#show as JSON
  [1m[35m (0.7ms)[0m  [1m[34mSELECT 1 /*action='show',application='Backend',controller='health'*/[0m
  ↳ app/controllers/api/v1/health_controller.rb:29:in 'Api::V1::HealthController#database_reachable?'
  [1m[36mUser Load (1.1ms)[0m  [1m[34mSELECT "users".* FROM "users" WHERE "users"."id" = 'c4b38885-f504-4898-906b-24941fabb892' ORDER BY "users"."id" ASC LIMIT 1 /*action='show',application='Backend',controller='health'*/[0m
  ↳ app/controllers/api/v1/health_controller.rb:17:in 'Api::V1::HealthController#show'
[active_model_serializers] Rendered ActiveModel::Serializer::Null with Hash (0.04ms)
Completed 200 OK in 7ms (Views: 4.0ms | ActiveRecord: 1.7ms (2 queries, 0 cached) | GC: 0.0ms)


Started DELETE "/api/v1/auth/logout" for 127.0.0.1 at 2026-09-18 14:00:55 +0300
Processing by Api::V1::Auth::SessionsController#destroy as JSON
  [1m[36mUser Load (1.2ms)[0m  [1m[34mSELECT "users".* FROM "users" WHERE "users"."id" = 'c4b38885-f504-4898-906b-24941fabb892' ORDER BY "users"."id" ASC LIMIT 1 /*action='destroy',application='Backend',controller='sessions'*/[0m
  ↳ app/controllers/api/v1/application_controller.rb:49:in 'Api::V1::ApplicationController#authenticate_user!'
Completed 204 No Content in 8ms (ActiveRecord: 1.2ms (1 query, 0 cached) | GC: 0.0ms)


Started GET "/api/v1/auth/me" for 127.0.0.1 at 2026-09-18 14:01:00 +0300
Processing by Api::V1::Auth::SessionsController#show as JSON
[active_model_serializers] Rendered ActiveModel::Serializer::Null with Hash (0.06ms)
Filter chain halted as :authenticate_user! rendered or redirected
Completed 401 Unauthorized in 3ms (Views: 0.6ms | ActiveRecord: 0.0ms (0 queries, 0 cached) | GC: 0.0ms)


Started GET "/api/v1/auth/me" for 127.0.0.1 at 2026-09-18 14:01:00 +0300
Processing by Api::V1::Auth::SessionsController#show as JSON
[active_model_serializers] Rendered ActiveModel::Serializer::Null with Hash (0.05ms)
Filter chain halted as :authenticate_user! rendered or redirected
Completed 401 Unauthorized in 1ms (Views: 0.6ms | ActiveRecord: 0.0ms (0 queries, 0 cached) | GC: 0.0ms)


Started GET "/api/v1/auth/me" for 127.0.0.1 at 2026-09-18 14:01:00 +0300
Processing by Api::V1::Auth::SessionsController#show as JSON
[active_model_serializers] Rendered ActiveModel::Serializer::Null with Hash (0.08ms)
Filter chain halted as :authenticate_user! rendered or redirected
Completed 401 Unauthorized in 3ms (Views: 1.1ms | ActiveRecord: 0.0ms (0 queries, 0 cached) | GC: 0.0ms)


Started GET "/api/v1/auth/me" for 127.0.0.1 at 2026-09-18 14:01:00 +0300
Processing by Api::V1::Auth::SessionsController#show as JSON
[active_model_serializers] Rendered ActiveModel::Serializer::Null with Hash (0.06ms)
Filter chain halted as :authenticate_user! rendered or redirected
Completed 401 Unauthorized in 2ms (Views: 0.7ms | ActiveRecord: 0.0ms (0 queries, 0 cached) | GC: 0.0ms)


Started GET "/api/v1/auth/me" for 127.0.0.1 at 2026-09-18 14:01:06 +0300
Processing by Api::V1::Auth::SessionsController#show as JSON
[active_model_serializers] Rendered ActiveModel::Serializer::Null with Hash (0.12ms)
Filter chain halted as :authenticate_user! rendered or redirected
Completed 401 Unauthorized in 3ms (Views: 1.2ms | ActiveRecord: 0.0ms (0 queries, 0 cached) | GC: 0.0ms)


Started GET "/api/v1/auth/me" for 127.0.0.1 at 2026-09-18 14:01:06 +0300
Processing by Api::V1::Auth::SessionsController#show as JSON
[active_model_serializers] Rendered ActiveModel::Serializer::Null with Hash (0.05ms)
Filter chain halted as :authenticate_user! rendered or redirected
Completed 401 Unauthorized in 2ms (Views: 0.7ms | ActiveRecord: 0.0ms (0 queries, 0 cached) | GC: 0.0ms)


Started GET "/api/v1/auth/me" for 127.0.0.1 at 2026-09-18 14:01:13 +0300
Processing by Api::V1::Auth::SessionsController#show as JSON
[active_model_serializers] Rendered ActiveModel::Serializer::Null with Hash (0.05ms)
Filter chain halted as :authenticate_user! rendered or redirected
Completed 401 Unauthorized in 2ms (Views: 0.6ms | ActiveRecord: 0.0ms (0 queries, 0 cached) | GC: 0.0ms)


Started GET "/api/v1/auth/me" for 127.0.0.1 at 2026-09-18 14:01:13 +0300
Processing by Api::V1::Auth::SessionsController#show as JSON
[active_model_serializers] Rendered ActiveModel::Serializer::Null with Hash (0.04ms)
Filter chain halted as :authenticate_user! rendered or redirected
Completed 401 Unauthorized in 1ms (Views: 0.5ms | ActiveRecord: 0.0ms (0 queries, 0 cached) | GC: 0.0ms)


Using vips to process variants requires the libvips library. Please install libvips using the instructions on the libvips website.
Using vips to process variants requires the libvips library. Please install libvips using the instructions on the libvips website.
Started GET "/api/v1/auth/me" for 127.0.0.1 at 2026-09-18 17:31:20 +0300
  [1m[36mActiveRecord::SchemaMigration Load (2.3ms)[0m  [1m[34mSELECT "schema_migrations"."version" FROM "schema_migrations" ORDER BY "schema_migrations"."version" ASC /*application='Backend'*/[0m
Processing by Api::V1::Auth::SessionsController#show as JSON
[active_model_serializers] Rendered ActiveModel::Serializer::Null with Hash (0.13ms)
Filter chain halted as :authenticate_user! rendered or redirected
Completed 401 Unauthorized in 24ms (Views: 5.3ms | ActiveRecord: 0.0ms (0 queries, 0 cached) | GC: 7.1ms)


Started GET "/api/v1/auth/me" for 127.0.0.1 at 2026-09-18 17:31:21 +0300
Processing by Api::V1::Auth::SessionsController#show as JSON
[active_model_serializers] Rendered ActiveModel::Serializer::Null with Hash (0.05ms)
Filter chain halted as :authenticate_user! rendered or redirected
Completed 401 Unauthorized in 6ms (Views: 0.7ms | ActiveRecord: 0.0ms (0 queries, 0 cached) | GC: 0.9ms)


Started POST "/api/v1/auth/login" for 127.0.0.1 at 2026-09-18 17:31:23 +0300
Processing by Api::V1::Auth::SessionsController#create as JSON
  Parameters: {"user" => {"email" => "[FILTERED]", "password" => "[FILTERED]"}, "session" => {"user" => {"email" => "[FILTERED]", "password" => "[FILTERED]"}}}
  [1m[36mUser Load (26.4ms)[0m  [1m[34mSELECT "users".* FROM "users" WHERE "users"."email" = 'ragadabdelwahab81@gmail.com' LIMIT 1 /*action='create',application='Backend',controller='sessions'*/[0m
  ↳ app/controllers/api/v1/auth/sessions_controller.rb:12:in 'Api::V1::Auth::SessionsController#create'
  [1m[36mTRANSACTION (1.1ms)[0m  [1m[35mBEGIN /*action='create',application='Backend',controller='sessions'*/[0m
  ↳ app/controllers/api/v1/auth/sessions_controller.rb:15:in 'Api::V1::Auth::SessionsController#create'
  [1m[36mUser Update (8.8ms)[0m  [1m[33mUPDATE "users" SET "current_sign_in_at" = '2026-09-18 14:31:23.899396', "last_sign_in_at" = '2026-09-18 11:00:54.060304', "sign_in_count" = 7, "updated_at" = '2026-09-18 14:31:23.899941' WHERE "users"."id" = 'c4b38885-f504-4898-906b-24941fabb892' /*action='create',application='Backend',controller='sessions'*/[0m
  ↳ app/controllers/api/v1/auth/sessions_controller.rb:15:in 'Api::V1::Auth::SessionsController#create'
  [1m[36mTRANSACTION (26.8ms)[0m  [1m[35mCOMMIT /*action='create',application='Backend',controller='sessions'*/[0m
  ↳ app/controllers/api/v1/auth/sessions_controller.rb:15:in 'Api::V1::Auth::SessionsController#create'
[active_model_serializers] Rendered ActiveModel::Serializer::Null with Hash (0.08ms)
Completed 200 OK in 729ms (Views: 0.9ms | ActiveRecord: 158.7ms (2 queries, 0 cached) | GC: 65.8ms)


Started GET "/api/v1/auth/me" for 127.0.0.1 at 2026-09-18 17:31:23 +0300
Processing by Api::V1::Auth::SessionsController#show as JSON
  [1m[36mUser Load (2.0ms)[0m  [1m[34mSELECT "users".* FROM "users" WHERE "users"."id" = 'c4b38885-f504-4898-906b-24941fabb892' ORDER BY "users"."id" ASC LIMIT 1 /*action='show',application='Backend',controller='sessions'*/[0m
  ↳ app/controllers/api/v1/application_controller.rb:49:in 'Api::V1::ApplicationController#authenticate_user!'
  [1m[36mProfile Load (2.4ms)[0m  [1m[34mSELECT "profiles".* FROM "profiles" WHERE "profiles"."user_id" = 'c4b38885-f504-4898-906b-24941fabb892' LIMIT 1 /*action='show',application='Backend',controller='sessions'*/[0m
  ↳ app/controllers/api/v1/auth/sessions_controller.rb:67:in 'Api::V1::Auth::SessionsController#user_payload'
[active_model_serializers] Rendered ActiveModel::Serializer::Null with Hash (0.09ms)
Completed 200 OK in 62ms (Views: 0.7ms | ActiveRecord: 8.3ms (2 queries, 0 cached) | GC: 1.2ms)


Started GET "/api/v1/health" for 127.0.0.1 at 2026-09-18 17:31:24 +0300
Processing by Api::V1::HealthController#show as JSON
  [1m[35m (1.0ms)[0m  [1m[34mSELECT 1 /*action='show',application='Backend',controller='health'*/[0m
  ↳ app/controllers/api/v1/health_controller.rb:29:in 'Api::V1::HealthController#database_reachable?'
  [1m[36mUser Load (1.7ms)[0m  [1m[34mSELECT "users".* FROM "users" WHERE "users"."id" = 'c4b38885-f504-4898-906b-24941fabb892' ORDER BY "users"."id" ASC LIMIT 1 /*action='show',application='Backend',controller='health'*/[0m
  ↳ app/controllers/api/v1/health_controller.rb:17:in 'Api::V1::HealthController#show'
[active_model_serializers] Rendered ActiveModel::Serializer::Null with Hash (0.24ms)
Completed 200 OK in 18ms (Views: 11.2ms | ActiveRecord: 2.6ms (2 queries, 0 cached) | GC: 0.0ms)


Started GET "/api/v1/health" for 127.0.0.1 at 2026-09-18 17:31:24 +0300
Processing by Api::V1::HealthController#show as JSON
  [1m[35m (0.9ms)[0m  [1m[34mSELECT 1 /*action='show',application='Backend',controller='health'*/[0m
  ↳ app/controllers/api/v1/health_controller.rb:29:in 'Api::V1::HealthController#database_reachable?'
  [1m[36mUser Load (1.1ms)[0m  [1m[34mSELECT "users".* FROM "users" WHERE "users"."id" = 'c4b38885-f504-4898-906b-24941fabb892' ORDER BY "users"."id" ASC LIMIT 1 /*action='show',application='Backend',controller='health'*/[0m
  ↳ app/controllers/api/v1/health_controller.rb:17:in 'Api::V1::HealthController#show'
[active_model_serializers] Rendered ActiveModel::Serializer::Null with Hash (0.09ms)
Completed 200 OK in 14ms (Views: 9.1ms | ActiveRecord: 2.0ms (2 queries, 0 cached) | GC: 0.0ms)


Started GET "/api/v1/auth/me" for 127.0.0.1 at 2026-09-18 17:31:57 +0300
Processing by Api::V1::Auth::SessionsController#show as JSON
  [1m[36mUser Load (1.7ms)[0m  [1m[34mSELECT "users".* FROM "users" WHERE "users"."id" = 'c4b38885-f504-4898-906b-24941fabb892' ORDER BY "users"."id" ASC LIMIT 1 /*action='show',application='Backend',controller='sessions'*/[0m
  ↳ app/controllers/api/v1/application_controller.rb:49:in 'Api::V1::ApplicationController#authenticate_user!'
  [1m[36mProfile Load (1.2ms)[0m  [1m[34mSELECT "profiles".* FROM "profiles" WHERE "profiles"."user_id" = 'c4b38885-f504-4898-906b-24941fabb892' LIMIT 1 /*action='show',application='Backend',controller='sessions'*/[0m
  ↳ app/controllers/api/v1/auth/sessions_controller.rb:67:in 'Api::V1::Auth::SessionsController#user_payload'
[active_model_serializers] Rendered ActiveModel::Serializer::Null with Hash (0.13ms)
Completed 200 OK in 17ms (Views: 0.9ms | ActiveRecord: 2.8ms (2 queries, 0 cached) | GC: 1.3ms)


Started GET "/api/v1/auth/me" for 127.0.0.1 at 2026-09-18 17:31:57 +0300
Processing by Api::V1::Auth::SessionsController#show as JSON
  [1m[36mUser Load (1.5ms)[0m  [1m[34mSELECT "users".* FROM "users" WHERE "users"."id" = 'c4b38885-f504-4898-906b-24941fabb892' ORDER BY "users"."id" ASC LIMIT 1 /*action='show',application='Backend',controller='sessions'*/[0m
  ↳ app/controllers/api/v1/application_controller.rb:49:in 'Api::V1::ApplicationController#authenticate_user!'
  [1m[36mProfile Load (2.8ms)[0m  [1m[34mSELECT "profiles".* FROM "profiles" WHERE "profiles"."user_id" = 'c4b38885-f504-4898-906b-24941fabb892' LIMIT 1 /*action='show',application='Backend',controller='sessions'*/[0m
  ↳ app/controllers/api/v1/auth/sessions_controller.rb:67:in 'Api::V1::Auth::SessionsController#user_payload'
[active_model_serializers] Rendered ActiveModel::Serializer::Null with Hash (0.15ms)
Completed 200 OK in 25ms (Views: 1.1ms | ActiveRecord: 4.3ms (2 queries, 0 cached) | GC: 1.3ms)


Started GET "/api/v1/health" for 127.0.0.1 at 2026-09-18 17:31:57 +0300
Processing by Api::V1::HealthController#show as JSON
  [1m[35m (0.8ms)[0m  [1m[34mSELECT 1 /*action='show',application='Backend',controller='health'*/[0m
  ↳ app/controllers/api/v1/health_controller.rb:29:in 'Api::V1::HealthController#database_reachable?'
  [1m[36mUser Load (1.1ms)[0m  [1m[34mSELECT "users".* FROM "users" WHERE "users"."id" = 'c4b38885-f504-4898-906b-24941fabb892' ORDER BY "users"."id" ASC LIMIT 1 /*action='show',application='Backend',controller='health'*/[0m
  ↳ app/controllers/api/v1/health_controller.rb:17:in 'Api::V1::HealthController#show'
[active_model_serializers] Rendered ActiveModel::Serializer::Null with Hash (0.06ms)
Completed 200 OK in 10ms (Views: 6.1ms | ActiveRecord: 1.9ms (2 queries, 0 cached) | GC: 0.1ms)


Started GET "/api/v1/health" for 127.0.0.1 at 2026-09-18 17:31:57 +0300
Processing by Api::V1::HealthController#show as JSON
  [1m[35m (1.3ms)[0m  [1m[34mSELECT 1 /*action='show',application='Backend',controller='health'*/[0m
  ↳ app/controllers/api/v1/health_controller.rb:29:in 'Api::V1::HealthController#database_reachable?'
  [1m[36mUser Load (1.0ms)[0m  [1m[34mSELECT "users".* FROM "users" WHERE "users"."id" = 'c4b38885-f504-4898-906b-24941fabb892' ORDER BY "users"."id" ASC LIMIT 1 /*action='show',application='Backend',controller='health'*/[0m
  ↳ app/controllers/api/v1/health_controller.rb:17:in 'Api::V1::HealthController#show'
[active_model_serializers] Rendered ActiveModel::Serializer::Null with Hash (0.05ms)
Completed 200 OK in 9ms (Views: 3.8ms | ActiveRecord: 2.3ms (2 queries, 0 cached) | GC: 0.0ms)


Started GET "/api/v1/auth/me" for 127.0.0.1 at 2026-09-18 17:32:01 +0300
Processing by Api::V1::Auth::SessionsController#show as JSON
  [1m[36mUser Load (1.6ms)[0m  [1m[34mSELECT "users".* FROM "users" WHERE "users"."id" = 'c4b38885-f504-4898-906b-24941fabb892' ORDER BY "users"."id" ASC LIMIT 1 /*action='show',application='Backend',controller='sessions'*/[0m
  ↳ app/controllers/api/v1/application_controller.rb:49:in 'Api::V1::ApplicationController#authenticate_user!'
  [1m[36mProfile Load (1.1ms)[0m  [1m[34mSELECT "profiles".* FROM "profiles" WHERE "profiles"."user_id" = 'c4b38885-f504-4898-906b-24941fabb892' LIMIT 1 /*action='show',application='Backend',controller='sessions'*/[0m
  ↳ app/controllers/api/v1/auth/sessions_controller.rb:67:in 'Api::V1::Auth::SessionsController#user_payload'
[active_model_serializers] Rendered ActiveModel::Serializer::Null with Hash (0.08ms)
Completed 200 OK in 13ms (Views: 0.7ms | ActiveRecord: 2.6ms (2 queries, 0 cached) | GC: 0.0ms)


Started GET "/api/v1/auth/me" for 127.0.0.1 at 2026-09-18 17:32:01 +0300
Processing by Api::V1::Auth::SessionsController#show as JSON
  [1m[36mUser Load (0.9ms)[0m  [1m[34mSELECT "users".* FROM "users" WHERE "users"."id" = 'c4b38885-f504-4898-906b-24941fabb892' ORDER BY "users"."id" ASC LIMIT 1 /*action='show',application='Backend',controller='sessions'*/[0m
  ↳ app/controllers/api/v1/application_controller.rb:49:in 'Api::V1::ApplicationController#authenticate_user!'
  [1m[36mProfile Load (1.4ms)[0m  [1m[34mSELECT "profiles".* FROM "profiles" WHERE "profiles"."user_id" = 'c4b38885-f504-4898-906b-24941fabb892' LIMIT 1 /*action='show',application='Backend',controller='sessions'*/[0m
  ↳ app/controllers/api/v1/auth/sessions_controller.rb:67:in 'Api::V1::Auth::SessionsController#user_payload'
[active_model_serializers] Rendered ActiveModel::Serializer::Null with Hash (0.09ms)
Completed 200 OK in 15ms (Views: 0.7ms | ActiveRecord: 2.3ms (2 queries, 0 cached) | GC: 0.0ms)


Started GET "/api/v1/auth/me" for 127.0.0.1 at 2026-09-18 17:32:02 +0300
Processing by Api::V1::Auth::SessionsController#show as JSON
  [1m[36mUser Load (1.4ms)[0m  [1m[34mSELECT "users".* FROM "users" WHERE "users"."id" = 'c4b38885-f504-4898-906b-24941fabb892' ORDER BY "users"."id" ASC LIMIT 1 /*action='show',application='Backend',controller='sessions'*/[0m
  ↳ app/controllers/api/v1/application_controller.rb:49:in 'Api::V1::ApplicationController#authenticate_user!'
  [1m[36mProfile Load (1.0ms)[0m  [1m[34mSELECT "profiles".* FROM "profiles" WHERE "profiles"."user_id" = 'c4b38885-f504-4898-906b-24941fabb892' LIMIT 1 /*action='show',application='Backend',controller='sessions'*/[0m
  ↳ app/controllers/api/v1/auth/sessions_controller.rb:67:in 'Api::V1::Auth::SessionsController#user_payload'
[active_model_serializers] Rendered ActiveModel::Serializer::Null with Hash (0.08ms)
Completed 200 OK in 15ms (Views: 0.9ms | ActiveRecord: 2.4ms (2 queries, 0 cached) | GC: 0.0ms)


Started GET "/api/v1/auth/me" for 127.0.0.1 at 2026-09-18 17:32:02 +0300
Processing by Api::V1::Auth::SessionsController#show as JSON
  [1m[36mUser Load (1.1ms)[0m  [1m[34mSELECT "users".* FROM "users" WHERE "users"."id" = 'c4b38885-f504-4898-906b-24941fabb892' ORDER BY "users"."id" ASC LIMIT 1 /*action='show',application='Backend',controller='sessions'*/[0m
  ↳ app/controllers/api/v1/application_controller.rb:49:in 'Api::V1::ApplicationController#authenticate_user!'
  [1m[36mProfile Load (1.1ms)[0m  [1m[34mSELECT "profiles".* FROM "profiles" WHERE "profiles"."user_id" = 'c4b38885-f504-4898-906b-24941fabb892' LIMIT 1 /*action='show',application='Backend',controller='sessions'*/[0m
  ↳ app/controllers/api/v1/auth/sessions_controller.rb:67:in 'Api::V1::Auth::SessionsController#user_payload'
[active_model_serializers] Rendered ActiveModel::Serializer::Null with Hash (0.13ms)
Completed 200 OK in 10ms (Views: 0.7ms | ActiveRecord: 2.1ms (2 queries, 0 cached) | GC: 0.0ms)


Started GET "/api/v1/auth/me" for 127.0.0.1 at 2026-09-18 17:32:03 +0300
Processing by Api::V1::Auth::SessionsController#show as JSON
  [1m[36mUser Load (1.5ms)[0m  [1m[34mSELECT "users".* FROM "users" WHERE "users"."id" = 'c4b38885-f504-4898-906b-24941fabb892' ORDER BY "users"."id" ASC LIMIT 1 /*action='show',application='Backend',controller='sessions'*/[0m
  ↳ app/controllers/api/v1/application_controller.rb:49:in 'Api::V1::ApplicationController#authenticate_user!'
  [1m[36mProfile Load (1.2ms)[0m  [1m[34mSELECT "profiles".* FROM "profiles" WHERE "profiles"."user_id" = 'c4b38885-f504-4898-906b-24941fabb892' LIMIT 1 /*action='show',application='Backend',controller='sessions'*/[0m
  ↳ app/controllers/api/v1/auth/sessions_controller.rb:67:in 'Api::V1::Auth::SessionsController#user_payload'
[active_model_serializers] Rendered ActiveModel::Serializer::Null with Hash (0.21ms)
Completed 200 OK in 18ms (Views: 1.3ms | ActiveRecord: 2.6ms (2 queries, 0 cached) | GC: 0.0ms)


Started GET "/api/v1/auth/me" for 127.0.0.1 at 2026-09-18 17:32:03 +0300
Processing by Api::V1::Auth::SessionsController#show as JSON
  [1m[36mUser Load (1.0ms)[0m  [1m[34mSELECT "users".* FROM "users" WHERE "users"."id" = 'c4b38885-f504-4898-906b-24941fabb892' ORDER BY "users"."id" ASC LIMIT 1 /*action='show',application='Backend',controller='sessions'*/[0m
  ↳ app/controllers/api/v1/application_controller.rb:49:in 'Api::V1::ApplicationController#authenticate_user!'
  [1m[36mProfile Load (0.8ms)[0m  [1m[34mSELECT "profiles".* FROM "profiles" WHERE "profiles"."user_id" = 'c4b38885-f504-4898-906b-24941fabb892' LIMIT 1 /*action='show',application='Backend',controller='sessions'*/[0m
  ↳ app/controllers/api/v1/auth/sessions_controller.rb:67:in 'Api::V1::Auth::SessionsController#user_payload'
[active_model_serializers] Rendered ActiveModel::Serializer::Null with Hash (0.09ms)
Completed 200 OK in 13ms (Views: 1.0ms | ActiveRecord: 1.8ms (2 queries, 0 cached) | GC: 0.0ms)


Started GET "/api/v1/auth/me" for 127.0.0.1 at 2026-09-18 17:32:07 +0300
Processing by Api::V1::Auth::SessionsController#show as JSON
  [1m[36mUser Load (1.3ms)[0m  [1m[34mSELECT "users".* FROM "users" WHERE "users"."id" = 'c4b38885-f504-4898-906b-24941fabb892' ORDER BY "users"."id" ASC LIMIT 1 /*action='show',application='Backend',controller='sessions'*/[0m
  ↳ app/controllers/api/v1/application_controller.rb:49:in 'Api::V1::ApplicationController#authenticate_user!'
  [1m[36mProfile Load (1.3ms)[0m  [1m[34mSELECT "profiles".* FROM "profiles" WHERE "profiles"."user_id" = 'c4b38885-f504-4898-906b-24941fabb892' LIMIT 1 /*action='show',application='Backend',controller='sessions'*/[0m
  ↳ app/controllers/api/v1/auth/sessions_controller.rb:67:in 'Api::V1::Auth::SessionsController#user_payload'
[active_model_serializers] Rendered ActiveModel::Serializer::Null with Hash (0.12ms)
Completed 200 OK in 21ms (Views: 1.0ms | ActiveRecord: 2.7ms (2 queries, 0 cached) | GC: 0.0ms)


Started GET "/api/v1/auth/me" for 127.0.0.1 at 2026-09-18 17:32:07 +0300
Processing by Api::V1::Auth::SessionsController#show as JSON
  [1m[36mUser Load (1.0ms)[0m  [1m[34mSELECT "users".* FROM "users" WHERE "users"."id" = 'c4b38885-f504-4898-906b-24941fabb892' ORDER BY "users"."id" ASC LIMIT 1 /*action='show',application='Backend',controller='sessions'*/[0m
  ↳ app/controllers/api/v1/application_controller.rb:49:in 'Api::V1::ApplicationController#authenticate_user!'
  [1m[36mProfile Load (1.2ms)[0m  [1m[34mSELECT "profiles".* FROM "profiles" WHERE "profiles"."user_id" = 'c4b38885-f504-4898-906b-24941fabb892' LIMIT 1 /*action='show',application='Backend',controller='sessions'*/[0m
  ↳ app/controllers/api/v1/auth/sessions_controller.rb:67:in 'Api::V1::Auth::SessionsController#user_payload'
[active_model_serializers] Rendered ActiveModel::Serializer::Null with Hash (0.09ms)
Completed 200 OK in 11ms (Views: 0.7ms | ActiveRecord: 2.1ms (2 queries, 0 cached) | GC: 0.0ms)


Started GET "/api/v1/health" for 127.0.0.1 at 2026-09-18 17:32:07 +0300
Processing by Api::V1::HealthController#show as JSON
  [1m[35m (1.0ms)[0m  [1m[34mSELECT 1 /*action='show',application='Backend',controller='health'*/[0m
  ↳ app/controllers/api/v1/health_controller.rb:29:in 'Api::V1::HealthController#database_reachable?'
  [1m[36mUser Load (1.0ms)[0m  [1m[34mSELECT "users".* FROM "users" WHERE "users"."id" = 'c4b38885-f504-4898-906b-24941fabb892' ORDER BY "users"."id" ASC LIMIT 1 /*action='show',application='Backend',controller='health'*/[0m
  ↳ app/controllers/api/v1/health_controller.rb:17:in 'Api::V1::HealthController#show'
[active_model_serializers] Rendered ActiveModel::Serializer::Null with Hash (0.05ms)
Completed 200 OK in 10ms (Views: 5.5ms | ActiveRecord: 1.9ms (2 queries, 0 cached) | GC: 0.0ms)


Started GET "/api/v1/health" for 127.0.0.1 at 2026-09-18 17:32:07 +0300
Processing by Api::V1::HealthController#show as JSON
  [1m[35m (1.0ms)[0m  [1m[34mSELECT 1 /*action='show',application='Backend',controller='health'*/[0m
  ↳ app/controllers/api/v1/health_controller.rb:29:in 'Api::V1::HealthController#database_reachable?'
  [1m[36mUser Load (1.0ms)[0m  [1m[34mSELECT "users".* FROM "users" WHERE "users"."id" = 'c4b38885-f504-4898-906b-24941fabb892' ORDER BY "users"."id" ASC LIMIT 1 /*action='show',application='Backend',controller='health'*/[0m
  ↳ app/controllers/api/v1/health_controller.rb:17:in 'Api::V1::HealthController#show'
[active_model_serializers] Rendered ActiveModel::Serializer::Null with Hash (0.06ms)
Completed 200 OK in 10ms (Views: 4.7ms | ActiveRecord: 1.9ms (2 queries, 0 cached) | GC: 0.0ms)


Started DELETE "/api/v1/auth/logout" for 127.0.0.1 at 2026-09-18 17:32:12 +0300
Processing by Api::V1::Auth::SessionsController#destroy as JSON
  [1m[36mUser Load (4.2ms)[0m  [1m[34mSELECT "users".* FROM "users" WHERE "users"."id" = 'c4b38885-f504-4898-906b-24941fabb892' ORDER BY "users"."id" ASC LIMIT 1 /*action='destroy',application='Backend',controller='sessions'*/[0m
  ↳ app/controllers/api/v1/application_controller.rb:49:in 'Api::V1::ApplicationController#authenticate_user!'
Completed 204 No Content in 87ms (ActiveRecord: 4.2ms (1 query, 0 cached) | GC: 0.0ms)


Started GET "/api/v1/auth/me" for 127.0.0.1 at 2026-09-18 17:32:18 +0300
Processing by Api::V1::Auth::SessionsController#show as JSON
[active_model_serializers] Rendered ActiveModel::Serializer::Null with Hash (0.04ms)
Filter chain halted as :authenticate_user! rendered or redirected
Completed 401 Unauthorized in 1ms (Views: 0.5ms | ActiveRecord: 0.0ms (0 queries, 0 cached) | GC: 0.0ms)


Started GET "/api/v1/auth/me" for 127.0.0.1 at 2026-09-18 17:32:18 +0300
Processing by Api::V1::Auth::SessionsController#show as JSON
[active_model_serializers] Rendered ActiveModel::Serializer::Null with Hash (0.05ms)
Filter chain halted as :authenticate_user! rendered or redirected
Completed 401 Unauthorized in 2ms (Views: 0.8ms | ActiveRecord: 0.0ms (0 queries, 0 cached) | GC: 0.0ms)


Started POST "/api/v1/auth/login" for 127.0.0.1 at 2026-09-18 17:32:21 +0300
Processing by Api::V1::Auth::SessionsController#create as JSON
  Parameters: {"user" => {"email" => "[FILTERED]", "password" => "[FILTERED]"}, "session" => {"user" => {"email" => "[FILTERED]", "password" => "[FILTERED]"}}}
  [1m[36mUser Load (3.1ms)[0m  [1m[34mSELECT "users".* FROM "users" WHERE "users"."email" = 'ragadabdelwahab81@gmail.com' LIMIT 1 /*action='create',application='Backend',controller='sessions'*/[0m
  ↳ app/controllers/api/v1/auth/sessions_controller.rb:12:in 'Api::V1::Auth::SessionsController#create'
  [1m[36mTRANSACTION (0.8ms)[0m  [1m[35mBEGIN /*action='create',application='Backend',controller='sessions'*/[0m
  ↳ app/controllers/api/v1/auth/sessions_controller.rb:15:in 'Api::V1::Auth::SessionsController#create'
  [1m[36mUser Update (4.6ms)[0m  [1m[33mUPDATE "users" SET "current_sign_in_at" = '2026-09-18 14:32:21.933428', "last_sign_in_at" = '2026-09-18 14:31:23.899396', "sign_in_count" = 8, "updated_at" = '2026-09-18 14:32:21.933802' WHERE "users"."id" = 'c4b38885-f504-4898-906b-24941fabb892' /*action='create',application='Backend',controller='sessions'*/[0m
  ↳ app/controllers/api/v1/auth/sessions_controller.rb:15:in 'Api::V1::Auth::SessionsController#create'
  [1m[36mTRANSACTION (11.1ms)[0m  [1m[35mCOMMIT /*action='create',application='Backend',controller='sessions'*/[0m
  ↳ app/controllers/api/v1/auth/sessions_controller.rb:15:in 'Api::V1::Auth::SessionsController#create'
[active_model_serializers] Rendered ActiveModel::Serializer::Null with Hash (0.08ms)
Completed 200 OK in 338ms (Views: 0.9ms | ActiveRecord: 19.4ms (2 queries, 0 cached) | GC: 0.0ms)


Started GET "/api/v1/auth/me" for 127.0.0.1 at 2026-09-18 17:32:21 +0300
Processing by Api::V1::Auth::SessionsController#show as JSON
  [1m[36mUser Load (0.9ms)[0m  [1m[34mSELECT "users".* FROM "users" WHERE "users"."id" = 'c4b38885-f504-4898-906b-24941fabb892' ORDER BY "users"."id" ASC LIMIT 1 /*action='show',application='Backend',controller='sessions'*/[0m
  ↳ app/controllers/api/v1/application_controller.rb:49:in 'Api::V1::ApplicationController#authenticate_user!'
  [1m[36mProfile Load (1.0ms)[0m  [1m[34mSELECT "profiles".* FROM "profiles" WHERE "profiles"."user_id" = 'c4b38885-f504-4898-906b-24941fabb892' LIMIT 1 /*action='show',application='Backend',controller='sessions'*/[0m
  ↳ app/controllers/api/v1/auth/sessions_controller.rb:67:in 'Api::V1::Auth::SessionsController#user_payload'
[active_model_serializers] Rendered ActiveModel::Serializer::Null with Hash (0.19ms)
Completed 200 OK in 12ms (Views: 1.1ms | ActiveRecord: 1.8ms (2 queries, 0 cached) | GC: 0.0ms)


Started GET "/api/v1/auth/me" for 127.0.0.1 at 2026-09-18 17:33:07 +0300
Processing by Api::V1::Auth::SessionsController#show as JSON
  [1m[36mUser Load (1.2ms)[0m  [1m[34mSELECT "users".* FROM "users" WHERE "users"."id" = 'c4b38885-f504-4898-906b-24941fabb892' ORDER BY "users"."id" ASC LIMIT 1 /*action='show',application='Backend',controller='sessions'*/[0m
  ↳ app/controllers/api/v1/application_controller.rb:49:in 'Api::V1::ApplicationController#authenticate_user!'
  [1m[36mProfile Load (1.1ms)[0m  [1m[34mSELECT "profiles".* FROM "profiles" WHERE "profiles"."user_id" = 'c4b38885-f504-4898-906b-24941fabb892' LIMIT 1 /*action='show',application='Backend',controller='sessions'*/[0m
  ↳ app/controllers/api/v1/auth/sessions_controller.rb:67:in 'Api::V1::Auth::SessionsController#user_payload'
[active_model_serializers] Rendered ActiveModel::Serializer::Null with Hash (0.22ms)
Completed 200 OK in 18ms (Views: 1.3ms | ActiveRecord: 2.2ms (2 queries, 0 cached) | GC: 0.0ms)


Started GET "/api/v1/auth/me" for 127.0.0.1 at 2026-09-18 17:33:07 +0300
Processing by Api::V1::Auth::SessionsController#show as JSON
  [1m[36mUser Load (2.1ms)[0m  [1m[34mSELECT "users".* FROM "users" WHERE "users"."id" = 'c4b38885-f504-4898-906b-24941fabb892' ORDER BY "users"."id" ASC LIMIT 1 /*action='show',application='Backend',controller='sessions'*/[0m
  ↳ app/controllers/api/v1/application_controller.rb:49:in 'Api::V1::ApplicationController#authenticate_user!'
  [1m[36mProfile Load (0.8ms)[0m  [1m[34mSELECT "profiles".* FROM "profiles" WHERE "profiles"."user_id" = 'c4b38885-f504-4898-906b-24941fabb892' LIMIT 1 /*action='show',application='Backend',controller='sessions'*/[0m
  ↳ app/controllers/api/v1/auth/sessions_controller.rb:67:in 'Api::V1::Auth::SessionsController#user_payload'
[active_model_serializers] Rendered ActiveModel::Serializer::Null with Hash (0.07ms)
Completed 200 OK in 12ms (Views: 0.6ms | ActiveRecord: 2.8ms (2 queries, 0 cached) | GC: 0.0ms)


Started GET "/api/v1/auth/me" for 127.0.0.1 at 2026-09-18 17:33:08 +0300
Processing by Api::V1::Auth::SessionsController#show as JSON
  [1m[36mUser Load (1.0ms)[0m  [1m[34mSELECT "users".* FROM "users" WHERE "users"."id" = 'c4b38885-f504-4898-906b-24941fabb892' ORDER BY "users"."id" ASC LIMIT 1 /*action='show',application='Backend',controller='sessions'*/[0m
  ↳ app/controllers/api/v1/application_controller.rb:49:in 'Api::V1::ApplicationController#authenticate_user!'
  [1m[36mProfile Load (1.1ms)[0m  [1m[34mSELECT "profiles".* FROM "profiles" WHERE "profiles"."user_id" = 'c4b38885-f504-4898-906b-24941fabb892' LIMIT 1 /*action='show',application='Backend',controller='sessions'*/[0m
  ↳ app/controllers/api/v1/auth/sessions_controller.rb:67:in 'Api::V1::Auth::SessionsController#user_payload'
[active_model_serializers] Rendered ActiveModel::Serializer::Null with Hash (0.11ms)
Completed 200 OK in 17ms (Views: 1.1ms | ActiveRecord: 2.1ms (2 queries, 0 cached) | GC: 0.0ms)


Started GET "/api/v1/auth/me" for 127.0.0.1 at 2026-09-18 17:33:08 +0300
Processing by Api::V1::Auth::SessionsController#show as JSON
  [1m[36mUser Load (0.8ms)[0m  [1m[34mSELECT "users".* FROM "users" WHERE "users"."id" = 'c4b38885-f504-4898-906b-24941fabb892' ORDER BY "users"."id" ASC LIMIT 1 /*action='show',application='Backend',controller='sessions'*/[0m
  ↳ app/controllers/api/v1/application_controller.rb:49:in 'Api::V1::ApplicationController#authenticate_user!'
  [1m[36mProfile Load (0.9ms)[0m  [1m[34mSELECT "profiles".* FROM "profiles" WHERE "profiles"."user_id" = 'c4b38885-f504-4898-906b-24941fabb892' LIMIT 1 /*action='show',application='Backend',controller='sessions'*/[0m
  ↳ app/controllers/api/v1/auth/sessions_controller.rb:67:in 'Api::V1::Auth::SessionsController#user_payload'
[active_model_serializers] Rendered ActiveModel::Serializer::Null with Hash (0.09ms)
Completed 200 OK in 9ms (Views: 0.7ms | ActiveRecord: 1.8ms (2 queries, 0 cached) | GC: 0.0ms)


Started GET "/api/v1/auth/me" for 127.0.0.1 at 2026-09-18 17:33:12 +0300
Processing by Api::V1::Auth::SessionsController#show as JSON
  [1m[36mUser Load (1.4ms)[0m  [1m[34mSELECT "users".* FROM "users" WHERE "users"."id" = 'c4b38885-f504-4898-906b-24941fabb892' ORDER BY "users"."id" ASC LIMIT 1 /*action='show',application='Backend',controller='sessions'*/[0m
  ↳ app/controllers/api/v1/application_controller.rb:49:in 'Api::V1::ApplicationController#authenticate_user!'
  [1m[36mProfile Load (1.4ms)[0m  [1m[34mSELECT "profiles".* FROM "profiles" WHERE "profiles"."user_id" = 'c4b38885-f504-4898-906b-24941fabb892' LIMIT 1 /*action='show',application='Backend',controller='sessions'*/[0m
  ↳ app/controllers/api/v1/auth/sessions_controller.rb:67:in 'Api::V1::Auth::SessionsController#user_payload'
[active_model_serializers] Rendered ActiveModel::Serializer::Null with Hash (0.12ms)
Completed 200 OK in 19ms (Views: 1.3ms | ActiveRecord: 2.8ms (2 queries, 0 cached) | GC: 0.0ms)


Started GET "/api/v1/auth/me" for 127.0.0.1 at 2026-09-18 17:33:13 +0300
Processing by Api::V1::Auth::SessionsController#show as JSON
  [1m[36mUser Load (1.0ms)[0m  [1m[34mSELECT "users".* FROM "users" WHERE "users"."id" = 'c4b38885-f504-4898-906b-24941fabb892' ORDER BY "users"."id" ASC LIMIT 1 /*action='show',application='Backend',controller='sessions'*/[0m
  ↳ app/controllers/api/v1/application_controller.rb:49:in 'Api::V1::ApplicationController#authenticate_user!'
  [1m[36mProfile Load (1.5ms)[0m  [1m[34mSELECT "profiles".* FROM "profiles" WHERE "profiles"."user_id" = 'c4b38885-f504-4898-906b-24941fabb892' LIMIT 1 /*action='show',application='Backend',controller='sessions'*/[0m
  ↳ app/controllers/api/v1/auth/sessions_controller.rb:67:in 'Api::V1::Auth::SessionsController#user_payload'
[active_model_serializers] Rendered ActiveModel::Serializer::Null with Hash (0.18ms)
Completed 200 OK in 16ms (Views: 1.1ms | ActiveRecord: 2.5ms (2 queries, 0 cached) | GC: 0.0ms)


Started GET "/api/v1/health" for 127.0.0.1 at 2026-09-18 17:33:13 +0300
Processing by Api::V1::HealthController#show as JSON
  [1m[35m (0.9ms)[0m  [1m[34mSELECT 1 /*action='show',application='Backend',controller='health'*/[0m
  ↳ app/controllers/api/v1/health_controller.rb:29:in 'Api::V1::HealthController#database_reachable?'
  [1m[36mUser Load (1.2ms)[0m  [1m[34mSELECT "users".* FROM "users" WHERE "users"."id" = 'c4b38885-f504-4898-906b-24941fabb892' ORDER BY "users"."id" ASC LIMIT 1 /*action='show',application='Backend',controller='health'*/[0m
  ↳ app/controllers/api/v1/health_controller.rb:17:in 'Api::V1::HealthController#show'
[active_model_serializers] Rendered ActiveModel::Serializer::Null with Hash (0.06ms)
Completed 200 OK in 11ms (Views: 6.7ms | ActiveRecord: 2.1ms (2 queries, 0 cached) | GC: 0.0ms)


Started GET "/api/v1/health" for 127.0.0.1 at 2026-09-18 17:33:13 +0300
Processing by Api::V1::HealthController#show as JSON
  [1m[35m (0.8ms)[0m  [1m[34mSELECT 1 /*action='show',application='Backend',controller='health'*/[0m
  ↳ app/controllers/api/v1/health_controller.rb:29:in 'Api::V1::HealthController#database_reachable?'
  [1m[36mUser Load (0.8ms)[0m  [1m[34mSELECT "users".* FROM "users" WHERE "users"."id" = 'c4b38885-f504-4898-906b-24941fabb892' ORDER BY "users"."id" ASC LIMIT 1 /*action='show',application='Backend',controller='health'*/[0m
  ↳ app/controllers/api/v1/health_controller.rb:17:in 'Api::V1::HealthController#show'
[active_model_serializers] Rendered ActiveModel::Serializer::Null with Hash (0.08ms)
Completed 200 OK in 9ms (Views: 6.4ms | ActiveRecord: 1.6ms (2 queries, 0 cached) | GC: 0.0ms)


Started GET "/api/v1/auth/me" for 127.0.0.1 at 2026-09-18 17:35:44 +0300
Processing by Api::V1::Auth::SessionsController#show as JSON
  [1m[36mUser Load (9.3ms)[0m  [1m[34mSELECT "users".* FROM "users" WHERE "users"."id" = 'c4b38885-f504-4898-906b-24941fabb892' ORDER BY "users"."id" ASC LIMIT 1 /*action='show',application='Backend',controller='sessions'*/[0m
  ↳ app/controllers/api/v1/application_controller.rb:49:in 'Api::V1::ApplicationController#authenticate_user!'
  [1m[36mProfile Load (1.5ms)[0m  [1m[34mSELECT "profiles".* FROM "profiles" WHERE "profiles"."user_id" = 'c4b38885-f504-4898-906b-24941fabb892' LIMIT 1 /*action='show',application='Backend',controller='sessions'*/[0m
  ↳ app/controllers/api/v1/auth/sessions_controller.rb:67:in 'Api::V1::Auth::SessionsController#user_payload'
[active_model_serializers] Rendered ActiveModel::Serializer::Null with Hash (0.12ms)
Completed 200 OK in 40ms (Views: 1.1ms | ActiveRecord: 10.7ms (2 queries, 0 cached) | GC: 0.0ms)


Started GET "/api/v1/auth/me" for 127.0.0.1 at 2026-09-18 17:35:44 +0300
Processing by Api::V1::Auth::SessionsController#show as JSON
  [1m[36mUser Load (1.2ms)[0m  [1m[34mSELECT "users".* FROM "users" WHERE "users"."id" = 'c4b38885-f504-4898-906b-24941fabb892' ORDER BY "users"."id" ASC LIMIT 1 /*action='show',application='Backend',controller='sessions'*/[0m
  ↳ app/controllers/api/v1/application_controller.rb:49:in 'Api::V1::ApplicationController#authenticate_user!'
  [1m[36mProfile Load (1.3ms)[0m  [1m[34mSELECT "profiles".* FROM "profiles" WHERE "profiles"."user_id" = 'c4b38885-f504-4898-906b-24941fabb892' LIMIT 1 /*action='show',application='Backend',controller='sessions'*/[0m
  ↳ app/controllers/api/v1/auth/sessions_controller.rb:67:in 'Api::V1::Auth::SessionsController#user_payload'
[active_model_serializers] Rendered ActiveModel::Serializer::Null with Hash (0.17ms)
Completed 200 OK in 35ms (Views: 10.8ms | ActiveRecord: 2.4ms (2 queries, 0 cached) | GC: 0.0ms)


Using vips to process variants requires the libvips library. Please install libvips using the instructions on the libvips website.
Started GET "/api/v1/auth/me" for 127.0.0.1 at 2026-09-19 14:05:31 +0300
  [1m[36mActiveRecord::SchemaMigration Load (3.0ms)[0m  [1m[34mSELECT "schema_migrations"."version" FROM "schema_migrations" ORDER BY "schema_migrations"."version" ASC /*application='Backend'*/[0m
Processing by Api::V1::Auth::SessionsController#show as JSON
  [1m[36mUser Load (3.2ms)[0m  [1m[34mSELECT "users".* FROM "users" WHERE "users"."id" = 'c4b38885-f504-4898-906b-24941fabb892' ORDER BY "users"."id" ASC LIMIT 1 /*action='show',application='Backend',controller='sessions'*/[0m
  ↳ app/controllers/api/v1/application_controller.rb:49:in 'Api::V1::ApplicationController#authenticate_user!'
  [1m[36mProfile Load (2.2ms)[0m  [1m[34mSELECT "profiles".* FROM "profiles" WHERE "profiles"."user_id" = 'c4b38885-f504-4898-906b-24941fabb892' LIMIT 1 /*action='show',application='Backend',controller='sessions'*/[0m
  ↳ app/controllers/api/v1/auth/sessions_controller.rb:67:in 'Api::V1::Auth::SessionsController#user_payload'
[active_model_serializers] Rendered ActiveModel::Serializer::Null with Hash (0.21ms)
Completed 200 OK in 191ms (Views: 2.5ms | ActiveRecord: 102.9ms (2 queries, 0 cached) | GC: 46.4ms)


Started GET "/api/v1/auth/me" for 127.0.0.1 at 2026-09-19 14:05:31 +0300
Processing by Api::V1::Auth::SessionsController#show as JSON
  [1m[36mUser Load (1.3ms)[0m  [1m[34mSELECT "users".* FROM "users" WHERE "users"."id" = 'c4b38885-f504-4898-906b-24941fabb892' ORDER BY "users"."id" ASC LIMIT 1 /*action='show',application='Backend',controller='sessions'*/[0m
  ↳ app/controllers/api/v1/application_controller.rb:49:in 'Api::V1::ApplicationController#authenticate_user!'
  [1m[36mProfile Load (1.4ms)[0m  [1m[34mSELECT "profiles".* FROM "profiles" WHERE "profiles"."user_id" = 'c4b38885-f504-4898-906b-24941fabb892' LIMIT 1 /*action='show',application='Backend',controller='sessions'*/[0m
  ↳ app/controllers/api/v1/auth/sessions_controller.rb:67:in 'Api::V1::Auth::SessionsController#user_payload'
[active_model_serializers] Rendered ActiveModel::Serializer::Null with Hash (0.13ms)
Completed 200 OK in 15ms (Views: 1.1ms | ActiveRecord: 2.7ms (2 queries, 0 cached) | GC: 0.0ms)


Started GET "/api/v1/health" for 127.0.0.1 at 2026-09-19 14:05:32 +0300
Processing by Api::V1::HealthController#show as JSON
  [1m[35m (1.8ms)[0m  [1m[34mSELECT 1 /*action='show',application='Backend',controller='health'*/[0m
  ↳ app/controllers/api/v1/health_controller.rb:29:in 'Api::V1::HealthController#database_reachable?'
  [1m[36mUser Load (1.2ms)[0m  [1m[34mSELECT "users".* FROM "users" WHERE "users"."id" = 'c4b38885-f504-4898-906b-24941fabb892' ORDER BY "users"."id" ASC LIMIT 1 /*action='show',application='Backend',controller='health'*/[0m
  ↳ app/controllers/api/v1/health_controller.rb:17:in 'Api::V1::HealthController#show'
[active_model_serializers] Rendered ActiveModel::Serializer::Null with Hash (0.07ms)
Completed 200 OK in 14ms (Views: 7.2ms | ActiveRecord: 3.0ms (2 queries, 0 cached) | GC: 0.7ms)


Started GET "/api/v1/health" for 127.0.0.1 at 2026-09-19 14:05:32 +0300
Processing by Api::V1::HealthController#show as JSON
  [1m[35m (1.3ms)[0m  [1m[34mSELECT 1 /*action='show',application='Backend',controller='health'*/[0m
  ↳ app/controllers/api/v1/health_controller.rb:29:in 'Api::V1::HealthController#database_reachable?'
  [1m[36mUser Load (1.2ms)[0m  [1m[34mSELECT "users".* FROM "users" WHERE "users"."id" = 'c4b38885-f504-4898-906b-24941fabb892' ORDER BY "users"."id" ASC LIMIT 1 /*action='show',application='Backend',controller='health'*/[0m
  ↳ app/controllers/api/v1/health_controller.rb:17:in 'Api::V1::HealthController#show'
[active_model_serializers] Rendered ActiveModel::Serializer::Null with Hash (0.12ms)
Completed 200 OK in 13ms (Views: 7.2ms | ActiveRecord: 2.4ms (2 queries, 0 cached) | GC: 0.0ms)


Started GET "/api/v1/auth/me" for 127.0.0.1 at 2026-09-19 14:06:14 +0300
Processing by Api::V1::Auth::SessionsController#show as JSON
  [1m[36mUser Load (1.4ms)[0m  [1m[34mSELECT "users".* FROM "users" WHERE "users"."id" = 'c4b38885-f504-4898-906b-24941fabb892' ORDER BY "users"."id" ASC LIMIT 1 /*action='show',application='Backend',controller='sessions'*/[0m
  ↳ app/controllers/api/v1/application_controller.rb:49:in 'Api::V1::ApplicationController#authenticate_user!'
  [1m[36mProfile Load (1.0ms)[0m  [1m[34mSELECT "profiles".* FROM "profiles" WHERE "profiles"."user_id" = 'c4b38885-f504-4898-906b-24941fabb892' LIMIT 1 /*action='show',application='Backend',controller='sessions'*/[0m
  ↳ app/controllers/api/v1/auth/sessions_controller.rb:67:in 'Api::V1::Auth::SessionsController#user_payload'
[active_model_serializers] Rendered ActiveModel::Serializer::Null with Hash (0.11ms)
Completed 200 OK in 13ms (Views: 0.9ms | ActiveRecord: 2.4ms (2 queries, 0 cached) | GC: 0.0ms)


Started GET "/api/v1/auth/me" for 127.0.0.1 at 2026-09-19 14:06:14 +0300
Processing by Api::V1::Auth::SessionsController#show as JSON
  [1m[36mUser Load (1.4ms)[0m  [1m[34mSELECT "users".* FROM "users" WHERE "users"."id" = 'c4b38885-f504-4898-906b-24941fabb892' ORDER BY "users"."id" ASC LIMIT 1 /*action='show',application='Backend',controller='sessions'*/[0m
  ↳ app/controllers/api/v1/application_controller.rb:49:in 'Api::V1::ApplicationController#authenticate_user!'
  [1m[36mProfile Load (1.2ms)[0m  [1m[34mSELECT "profiles".* FROM "profiles" WHERE "profiles"."user_id" = 'c4b38885-f504-4898-906b-24941fabb892' LIMIT 1 /*action='show',application='Backend',controller='sessions'*/[0m
  ↳ app/controllers/api/v1/auth/sessions_controller.rb:67:in 'Api::V1::Auth::SessionsController#user_payload'
[active_model_serializers] Rendered ActiveModel::Serializer::Null with Hash (0.07ms)
Completed 200 OK in 16ms (Views: 0.6ms | ActiveRecord: 2.5ms (2 queries, 0 cached) | GC: 1.7ms)


Started GET "/api/v1/health" for 127.0.0.1 at 2026-09-19 14:06:14 +0300
Processing by Api::V1::HealthController#show as JSON
  [1m[35m (0.8ms)[0m  [1m[34mSELECT 1 /*action='show',application='Backend',controller='health'*/[0m
  ↳ app/controllers/api/v1/health_controller.rb:29:in 'Api::V1::HealthController#database_reachable?'
  [1m[36mUser Load (0.9ms)[0m  [1m[34mSELECT "users".* FROM "users" WHERE "users"."id" = 'c4b38885-f504-4898-906b-24941fabb892' ORDER BY "users"."id" ASC LIMIT 1 /*action='show',application='Backend',controller='health'*/[0m
  ↳ app/controllers/api/v1/health_controller.rb:17:in 'Api::V1::HealthController#show'
[active_model_serializers] Rendered ActiveModel::Serializer::Null with Hash (0.06ms)
Completed 200 OK in 12ms (Views: 8.3ms | ActiveRecord: 1.7ms (2 queries, 0 cached) | GC: 0.6ms)


Started GET "/api/v1/health" for 127.0.0.1 at 2026-09-19 14:06:14 +0300
Processing by Api::V1::HealthController#show as JSON
  [1m[35m (0.7ms)[0m  [1m[34mSELECT 1 /*action='show',application='Backend',controller='health'*/[0m
  ↳ app/controllers/api/v1/health_controller.rb:29:in 'Api::V1::HealthController#database_reachable?'
  [1m[36mUser Load (1.1ms)[0m  [1m[34mSELECT "users".* FROM "users" WHERE "users"."id" = 'c4b38885-f504-4898-906b-24941fabb892' ORDER BY "users"."id" ASC LIMIT 1 /*action='show',application='Backend',controller='health'*/[0m
  ↳ app/controllers/api/v1/health_controller.rb:17:in 'Api::V1::HealthController#show'
[active_model_serializers] Rendered ActiveModel::Serializer::Null with Hash (0.05ms)
Completed 200 OK in 7ms (Views: 4.2ms | ActiveRecord: 1.8ms (2 queries, 0 cached) | GC: 0.3ms)


Started GET "/api/v1/auth/me" for 127.0.0.1 at 2026-09-19 14:08:47 +0300
Processing by Api::V1::Auth::SessionsController#show as JSON
  [1m[36mUser Load (1.4ms)[0m  [1m[34mSELECT "users".* FROM "users" WHERE "users"."id" = 'c4b38885-f504-4898-906b-24941fabb892' ORDER BY "users"."id" ASC LIMIT 1 /*action='show',application='Backend',controller='sessions'*/[0m
  ↳ app/controllers/api/v1/application_controller.rb:49:in 'Api::V1::ApplicationController#authenticate_user!'
  [1m[36mProfile Load (1.1ms)[0m  [1m[34mSELECT "profiles".* FROM "profiles" WHERE "profiles"."user_id" = 'c4b38885-f504-4898-906b-24941fabb892' LIMIT 1 /*action='show',application='Backend',controller='sessions'*/[0m
  ↳ app/controllers/api/v1/auth/sessions_controller.rb:67:in 'Api::V1::Auth::SessionsController#user_payload'
[active_model_serializers] Rendered ActiveModel::Serializer::Null with Hash (0.09ms)
Completed 200 OK in 18ms (Views: 0.7ms | ActiveRecord: 2.4ms (2 queries, 0 cached) | GC: 0.0ms)


Started GET "/api/v1/auth/me" for 127.0.0.1 at 2026-09-19 14:08:47 +0300
Processing by Api::V1::Auth::SessionsController#show as JSON
  [1m[36mUser Load (1.0ms)[0m  [1m[34mSELECT "users".* FROM "users" WHERE "users"."id" = 'c4b38885-f504-4898-906b-24941fabb892' ORDER BY "users"."id" ASC LIMIT 1 /*action='show',application='Backend',controller='sessions'*/[0m
  ↳ app/controllers/api/v1/application_controller.rb:49:in 'Api::V1::ApplicationController#authenticate_user!'
  [1m[36mProfile Load (1.5ms)[0m  [1m[34mSELECT "profiles".* FROM "profiles" WHERE "profiles"."user_id" = 'c4b38885-f504-4898-906b-24941fabb892' LIMIT 1 /*action='show',application='Backend',controller='sessions'*/[0m
  ↳ app/controllers/api/v1/auth/sessions_controller.rb:67:in 'Api::V1::Auth::SessionsController#user_payload'
[active_model_serializers] Rendered ActiveModel::Serializer::Null with Hash (0.15ms)
Completed 200 OK in 16ms (Views: 1.0ms | ActiveRecord: 2.4ms (2 queries, 0 cached) | GC: 0.0ms)


Started GET "/api/v1/auth/me" for 127.0.0.1 at 2026-09-19 14:08:48 +0300
Processing by Api::V1::Auth::SessionsController#show as JSON
  [1m[36mUser Load (1.3ms)[0m  [1m[34mSELECT "users".* FROM "users" WHERE "users"."id" = 'c4b38885-f504-4898-906b-24941fabb892' ORDER BY "users"."id" ASC LIMIT 1 /*action='show',application='Backend',controller='sessions'*/[0m
  ↳ app/controllers/api/v1/application_controller.rb:49:in 'Api::V1::ApplicationController#authenticate_user!'
  [1m[36mProfile Load (1.3ms)[0m  [1m[34mSELECT "profiles".* FROM "profiles" WHERE "profiles"."user_id" = 'c4b38885-f504-4898-906b-24941fabb892' LIMIT 1 /*action='show',application='Backend',controller='sessions'*/[0m
  ↳ app/controllers/api/v1/auth/sessions_controller.rb:67:in 'Api::V1::Auth::SessionsController#user_payload'
[active_model_serializers] Rendered ActiveModel::Serializer::Null with Hash (0.21ms)
Completed 200 OK in 16ms (Views: 1.5ms | ActiveRecord: 2.5ms (2 queries, 0 cached) | GC: 0.0ms)


Started GET "/api/v1/auth/me" for 127.0.0.1 at 2026-09-19 14:08:48 +0300
Processing by Api::V1::Auth::SessionsController#show as JSON
  [1m[36mUser Load (1.3ms)[0m  [1m[34mSELECT "users".* FROM "users" WHERE "users"."id" = 'c4b38885-f504-4898-906b-24941fabb892' ORDER BY "users"."id" ASC LIMIT 1 /*action='show',application='Backend',controller='sessions'*/[0m
  ↳ app/controllers/api/v1/application_controller.rb:49:in 'Api::V1::ApplicationController#authenticate_user!'
  [1m[36mProfile Load (0.9ms)[0m  [1m[34mSELECT "profiles".* FROM "profiles" WHERE "profiles"."user_id" = 'c4b38885-f504-4898-906b-24941fabb892' LIMIT 1 /*action='show',application='Backend',controller='sessions'*/[0m
  ↳ app/controllers/api/v1/auth/sessions_controller.rb:67:in 'Api::V1::Auth::SessionsController#user_payload'
[active_model_serializers] Rendered ActiveModel::Serializer::Null with Hash (0.06ms)
Completed 200 OK in 11ms (Views: 0.5ms | ActiveRecord: 2.1ms (2 queries, 0 cached) | GC: 0.0ms)


Started GET "/api/v1/auth/me" for 127.0.0.1 at 2026-09-19 14:08:49 +0300
Processing by Api::V1::Auth::SessionsController#show as JSON
  [1m[36mUser Load (2.0ms)[0m  [1m[34mSELECT "users".* FROM "users" WHERE "users"."id" = 'c4b38885-f504-4898-906b-24941fabb892' ORDER BY "users"."id" ASC LIMIT 1 /*action='show',application='Backend',controller='sessions'*/[0m
  ↳ app/controllers/api/v1/application_controller.rb:49:in 'Api::V1::ApplicationController#authenticate_user!'
  [1m[36mProfile Load (1.1ms)[0m  [1m[34mSELECT "profiles".* FROM "profiles" WHERE "profiles"."user_id" = 'c4b38885-f504-4898-906b-24941fabb892' LIMIT 1 /*action='show',application='Backend',controller='sessions'*/[0m
  ↳ app/controllers/api/v1/auth/sessions_controller.rb:67:in 'Api::V1::Auth::SessionsController#user_payload'
[active_model_serializers] Rendered ActiveModel::Serializer::Null with Hash (0.19ms)
Completed 200 OK in 17ms (Views: 1.7ms | ActiveRecord: 3.1ms (2 queries, 0 cached) | GC: 0.0ms)


Started GET "/api/v1/auth/me" for 127.0.0.1 at 2026-09-19 14:08:49 +0300
Processing by Api::V1::Auth::SessionsController#show as JSON
  [1m[36mUser Load (1.3ms)[0m  [1m[34mSELECT "users".* FROM "users" WHERE "users"."id" = 'c4b38885-f504-4898-906b-24941fabb892' ORDER BY "users"."id" ASC LIMIT 1 /*action='show',application='Backend',controller='sessions'*/[0m
  ↳ app/controllers/api/v1/application_controller.rb:49:in 'Api::V1::ApplicationController#authenticate_user!'
  [1m[36mProfile Load (0.9ms)[0m  [1m[34mSELECT "profiles".* FROM "profiles" WHERE "profiles"."user_id" = 'c4b38885-f504-4898-906b-24941fabb892' LIMIT 1 /*action='show',application='Backend',controller='sessions'*/[0m
  ↳ app/controllers/api/v1/auth/sessions_controller.rb:67:in 'Api::V1::Auth::SessionsController#user_payload'
[active_model_serializers] Rendered ActiveModel::Serializer::Null with Hash (0.07ms)
Completed 200 OK in 13ms (Views: 0.6ms | ActiveRecord: 2.0ms (2 queries, 0 cached) | GC: 0.0ms)


Started GET "/api/v1/auth/me" for 127.0.0.1 at 2026-09-19 14:10:40 +0300
Processing by Api::V1::Auth::SessionsController#show as JSON
  [1m[36mUser Load (1.3ms)[0m  [1m[34mSELECT "users".* FROM "users" WHERE "users"."id" = 'c4b38885-f504-4898-906b-24941fabb892' ORDER BY "users"."id" ASC LIMIT 1 /*action='show',application='Backend',controller='sessions'*/[0m
  ↳ app/controllers/api/v1/application_controller.rb:49:in 'Api::V1::ApplicationController#authenticate_user!'
  [1m[36mProfile Load (0.9ms)[0m  [1m[34mSELECT "profiles".* FROM "profiles" WHERE "profiles"."user_id" = 'c4b38885-f504-4898-906b-24941fabb892' LIMIT 1 /*action='show',application='Backend',controller='sessions'*/[0m
  ↳ app/controllers/api/v1/auth/sessions_controller.rb:67:in 'Api::V1::Auth::SessionsController#user_payload'
[active_model_serializers] Rendered ActiveModel::Serializer::Null with Hash (0.12ms)
Completed 200 OK in 11ms (Views: 0.9ms | ActiveRecord: 2.2ms (2 queries, 0 cached) | GC: 0.0ms)


Started GET "/api/v1/auth/me" for 127.0.0.1 at 2026-09-19 14:10:40 +0300
Processing by Api::V1::Auth::SessionsController#show as JSON
  [1m[36mUser Load (1.2ms)[0m  [1m[34mSELECT "users".* FROM "users" WHERE "users"."id" = 'c4b38885-f504-4898-906b-24941fabb892' ORDER BY "users"."id" ASC LIMIT 1 /*action='show',application='Backend',controller='sessions'*/[0m
  ↳ app/controllers/api/v1/application_controller.rb:49:in 'Api::V1::ApplicationController#authenticate_user!'
  [1m[36mProfile Load (1.1ms)[0m  [1m[34mSELECT "profiles".* FROM "profiles" WHERE "profiles"."user_id" = 'c4b38885-f504-4898-906b-24941fabb892' LIMIT 1 /*action='show',application='Backend',controller='sessions'*/[0m
  ↳ app/controllers/api/v1/auth/sessions_controller.rb:67:in 'Api::V1::Auth::SessionsController#user_payload'
[active_model_serializers] Rendered ActiveModel::Serializer::Null with Hash (0.1ms)
Completed 200 OK in 11ms (Views: 0.6ms | ActiveRecord: 2.7ms (2 queries, 0 cached) | GC: 0.0ms)


Started GET "/api/v1/auth/me" for 127.0.0.1 at 2026-09-19 14:10:51 +0300
Processing by Api::V1::Auth::SessionsController#show as JSON
  [1m[36mUser Load (1.5ms)[0m  [1m[34mSELECT "users".* FROM "users" WHERE "users"."id" = 'c4b38885-f504-4898-906b-24941fabb892' ORDER BY "users"."id" ASC LIMIT 1 /*action='show',application='Backend',controller='sessions'*/[0m
  ↳ app/controllers/api/v1/application_controller.rb:49:in 'Api::V1::ApplicationController#authenticate_user!'
  [1m[36mProfile Load (1.0ms)[0m  [1m[34mSELECT "profiles".* FROM "profiles" WHERE "profiles"."user_id" = 'c4b38885-f504-4898-906b-24941fabb892' LIMIT 1 /*action='show',application='Backend',controller='sessions'*/[0m
  ↳ app/controllers/api/v1/auth/sessions_controller.rb:67:in 'Api::V1::Auth::SessionsController#user_payload'
[active_model_serializers] Rendered ActiveModel::Serializer::Null with Hash (0.09ms)
Completed 200 OK in 13ms (Views: 0.8ms | ActiveRecord: 2.4ms (2 queries, 0 cached) | GC: 0.0ms)


Started GET "/api/v1/auth/me" for 127.0.0.1 at 2026-09-19 14:10:51 +0300
Processing by Api::V1::Auth::SessionsController#show as JSON
  [1m[36mUser Load (1.3ms)[0m  [1m[34mSELECT "users".* FROM "users" WHERE "users"."id" = 'c4b38885-f504-4898-906b-24941fabb892' ORDER BY "users"."id" ASC LIMIT 1 /*action='show',application='Backend',controller='sessions'*/[0m
  ↳ app/controllers/api/v1/application_controller.rb:49:in 'Api::V1::ApplicationController#authenticate_user!'
  [1m[36mProfile Load (1.1ms)[0m  [1m[34mSELECT "profiles".* FROM "profiles" WHERE "profiles"."user_id" = 'c4b38885-f504-4898-906b-24941fabb892' LIMIT 1 /*action='show',application='Backend',controller='sessions'*/[0m
  ↳ app/controllers/api/v1/auth/sessions_controller.rb:67:in 'Api::V1::Auth::SessionsController#user_payload'
[active_model_serializers] Rendered ActiveModel::Serializer::Null with Hash (0.17ms)
Completed 200 OK in 14ms (Views: 1.2ms | ActiveRecord: 2.4ms (2 queries, 0 cached) | GC: 0.0ms)


Started GET "/api/v1/health" for 127.0.0.1 at 2026-09-19 14:10:51 +0300
Processing by Api::V1::HealthController#show as JSON
  [1m[35m (1.1ms)[0m  [1m[34mSELECT 1 /*action='show',application='Backend',controller='health'*/[0m
  ↳ app/controllers/api/v1/health_controller.rb:29:in 'Api::V1::HealthController#database_reachable?'
  [1m[36mUser Load (0.9ms)[0m  [1m[34mSELECT "users".* FROM "users" WHERE "users"."id" = 'c4b38885-f504-4898-906b-24941fabb892' ORDER BY "users"."id" ASC LIMIT 1 /*action='show',application='Backend',controller='health'*/[0m
  ↳ app/controllers/api/v1/health_controller.rb:17:in 'Api::V1::HealthController#show'
[active_model_serializers] Rendered ActiveModel::Serializer::Null with Hash (0.05ms)
Completed 200 OK in 9ms (Views: 4.2ms | ActiveRecord: 2.0ms (2 queries, 0 cached) | GC: 0.0ms)


Started GET "/api/v1/health" for 127.0.0.1 at 2026-09-19 14:10:51 +0300
Processing by Api::V1::HealthController#show as JSON
  [1m[35m (0.7ms)[0m  [1m[34mSELECT 1 /*action='show',application='Backend',controller='health'*/[0m
  ↳ app/controllers/api/v1/health_controller.rb:29:in 'Api::V1::HealthController#database_reachable?'
  [1m[36mUser Load (0.8ms)[0m  [1m[34mSELECT "users".* FROM "users" WHERE "users"."id" = 'c4b38885-f504-4898-906b-24941fabb892' ORDER BY "users"."id" ASC LIMIT 1 /*action='show',application='Backend',controller='health'*/[0m
  ↳ app/controllers/api/v1/health_controller.rb:17:in 'Api::V1::HealthController#show'
[active_model_serializers] Rendered ActiveModel::Serializer::Null with Hash (0.05ms)
Completed 200 OK in 7ms (Views: 4.1ms | ActiveRecord: 1.5ms (2 queries, 0 cached) | GC: 0.0ms)


Using vips to process variants requires the libvips library. Please install libvips using the instructions on the libvips website.
Started GET "/api/v1/auth/me" for 127.0.0.1 at 2026-09-19 14:17:24 +0300
  [1m[36mActiveRecord::SchemaMigration Load (1.7ms)[0m  [1m[34mSELECT "schema_migrations"."version" FROM "schema_migrations" ORDER BY "schema_migrations"."version" ASC /*application='Backend'*/[0m
Processing by Api::V1::Auth::SessionsController#show as JSON
  [1m[36mUser Load (1.3ms)[0m  [1m[34mSELECT "users".* FROM "users" WHERE "users"."id" = 'c4b38885-f504-4898-906b-24941fabb892' ORDER BY "users"."id" ASC LIMIT 1 /*action='show',application='Backend',controller='sessions'*/[0m
  ↳ app/controllers/api/v1/application_controller.rb:49:in 'Api::V1::ApplicationController#authenticate_user!'
  [1m[36mProfile Load (1.1ms)[0m  [1m[34mSELECT "profiles".* FROM "profiles" WHERE "profiles"."user_id" = 'c4b38885-f504-4898-906b-24941fabb892' LIMIT 1 /*action='show',application='Backend',controller='sessions'*/[0m
  ↳ app/controllers/api/v1/auth/sessions_controller.rb:74:in 'Api::V1::Auth::SessionsController#user_payload'
[active_model_serializers] Rendered ProfileSerializer with ActiveModelSerializers::Adapter::Attributes (19.68ms)
[active_model_serializers]   [1m[36mInterest Load (3.7ms)[0m  [1m[34mSELECT "interests".* FROM "interests" INNER JOIN "user_interests" ON "interests"."id" = "user_interests"."interest_id" WHERE "user_interests"."user_id" = 'c4b38885-f504-4898-906b-24941fabb892' /*action='show',application='Backend',controller='sessions'*/[0m
[active_model_serializers]   ↳ app/controllers/api/v1/auth/sessions_controller.rb:43:in 'Api::V1::Auth::SessionsController#show'
[active_model_serializers]   [1m[36mSkill Load (5.5ms)[0m  [1m[34mSELECT "skills".* FROM "skills" INNER JOIN "user_skills" ON "skills"."id" = "user_skills"."skill_id" WHERE "user_skills"."user_id" = 'c4b38885-f504-4898-906b-24941fabb892' /*action='show',application='Backend',controller='sessions'*/[0m
[active_model_serializers]   ↳ app/controllers/api/v1/auth/sessions_controller.rb:43:in 'Api::V1::Auth::SessionsController#show'
[active_model_serializers]   [1m[36mPortfolioLink Load (3.5ms)[0m  [1m[34mSELECT "portfolio_links".* FROM "portfolio_links" WHERE "portfolio_links"."user_id" = 'c4b38885-f504-4898-906b-24941fabb892' /*action='show',application='Backend',controller='sessions'*/[0m
[active_model_serializers]   ↳ app/controllers/api/v1/auth/sessions_controller.rb:43:in 'Api::V1::Auth::SessionsController#show'
[active_model_serializers] Rendered ActiveModel::Serializer::Null with Hash (44.06ms)
Completed 200 OK in 234ms (Views: 20.4ms | ActiveRecord: 105.6ms (5 queries, 0 cached) | GC: 45.6ms)


Started GET "/api/v1/auth/me" for 127.0.0.1 at 2026-09-19 14:17:25 +0300
Processing by Api::V1::Auth::SessionsController#show as JSON
  [1m[36mUser Load (1.1ms)[0m  [1m[34mSELECT "users".* FROM "users" WHERE "users"."id" = 'c4b38885-f504-4898-906b-24941fabb892' ORDER BY "users"."id" ASC LIMIT 1 /*action='show',application='Backend',controller='sessions'*/[0m
  ↳ app/controllers/api/v1/application_controller.rb:49:in 'Api::V1::ApplicationController#authenticate_user!'
  [1m[36mProfile Load (1.1ms)[0m  [1m[34mSELECT "profiles".* FROM "profiles" WHERE "profiles"."user_id" = 'c4b38885-f504-4898-906b-24941fabb892' LIMIT 1 /*action='show',application='Backend',controller='sessions'*/[0m
  ↳ app/controllers/api/v1/auth/sessions_controller.rb:74:in 'Api::V1::Auth::SessionsController#user_payload'
[active_model_serializers] Rendered ProfileSerializer with ActiveModelSerializers::Adapter::Attributes (1.41ms)
[active_model_serializers]   [1m[36mInterest Load (1.2ms)[0m  [1m[34mSELECT "interests".* FROM "interests" INNER JOIN "user_interests" ON "interests"."id" = "user_interests"."interest_id" WHERE "user_interests"."user_id" = 'c4b38885-f504-4898-906b-24941fabb892' /*action='show',application='Backend',controller='sessions'*/[0m
[active_model_serializers]   ↳ app/controllers/api/v1/auth/sessions_controller.rb:43:in 'Api::V1::Auth::SessionsController#show'
[active_model_serializers]   [1m[36mSkill Load (1.2ms)[0m  [1m[34mSELECT "skills".* FROM "skills" INNER JOIN "user_skills" ON "skills"."id" = "user_skills"."skill_id" WHERE "user_skills"."user_id" = 'c4b38885-f504-4898-906b-24941fabb892' /*action='show',application='Backend',controller='sessions'*/[0m
[active_model_serializers]   ↳ app/controllers/api/v1/auth/sessions_controller.rb:43:in 'Api::V1::Auth::SessionsController#show'
[active_model_serializers]   [1m[36mPortfolioLink Load (1.2ms)[0m  [1m[34mSELECT "portfolio_links".* FROM "portfolio_links" WHERE "portfolio_links"."user_id" = 'c4b38885-f504-4898-906b-24941fabb892' /*action='show',application='Backend',controller='sessions'*/[0m
[active_model_serializers]   ↳ app/controllers/api/v1/auth/sessions_controller.rb:43:in 'Api::V1::Auth::SessionsController#show'
[active_model_serializers] Rendered ActiveModel::Serializer::Null with Hash (18.14ms)
Completed 200 OK in 33ms (Views: 15.5ms | ActiveRecord: 5.8ms (5 queries, 0 cached) | GC: 1.1ms)


Started GET "/api/v1/health" for 127.0.0.1 at 2026-09-19 14:17:25 +0300
Processing by Api::V1::HealthController#show as JSON
  [1m[35m (1.2ms)[0m  [1m[34mSELECT 1 /*action='show',application='Backend',controller='health'*/[0m
  ↳ app/controllers/api/v1/health_controller.rb:29:in 'Api::V1::HealthController#database_reachable?'
  [1m[36mUser Load (1.2ms)[0m  [1m[34mSELECT "users".* FROM "users" WHERE "users"."id" = 'c4b38885-f504-4898-906b-24941fabb892' ORDER BY "users"."id" ASC LIMIT 1 /*action='show',application='Backend',controller='health'*/[0m
  ↳ app/controllers/api/v1/health_controller.rb:17:in 'Api::V1::HealthController#show'
[active_model_serializers] Rendered ActiveModel::Serializer::Null with Hash (0.09ms)
Completed 200 OK in 10ms (Views: 5.4ms | ActiveRecord: 2.4ms (2 queries, 0 cached) | GC: 0.3ms)


Started GET "/api/v1/health" for 127.0.0.1 at 2026-09-19 14:17:25 +0300
Processing by Api::V1::HealthController#show as JSON
  [1m[35m (1.4ms)[0m  [1m[34mSELECT 1 /*action='show',application='Backend',controller='health'*/[0m
  ↳ app/controllers/api/v1/health_controller.rb:29:in 'Api::V1::HealthController#database_reachable?'
  [1m[36mUser Load (1.2ms)[0m  [1m[34mSELECT "users".* FROM "users" WHERE "users"."id" = 'c4b38885-f504-4898-906b-24941fabb892' ORDER BY "users"."id" ASC LIMIT 1 /*action='show',application='Backend',controller='health'*/[0m
  ↳ app/controllers/api/v1/health_controller.rb:17:in 'Api::V1::HealthController#show'
[active_model_serializers] Rendered ActiveModel::Serializer::Null with Hash (0.18ms)
Completed 200 OK in 10ms (Views: 5.1ms | ActiveRecord: 2.5ms (2 queries, 0 cached) | GC: 0.0ms)


Started DELETE "/api/v1/auth/logout" for 127.0.0.1 at 2026-09-19 14:17:28 +0300
Processing by Api::V1::Auth::SessionsController#destroy as JSON
  [1m[36mUser Load (3.1ms)[0m  [1m[34mSELECT "users".* FROM "users" WHERE "users"."id" = 'c4b38885-f504-4898-906b-24941fabb892' ORDER BY "users"."id" ASC LIMIT 1 /*action='destroy',application='Backend',controller='sessions'*/[0m
  ↳ app/controllers/api/v1/application_controller.rb:49:in 'Api::V1::ApplicationController#authenticate_user!'
Completed 204 No Content in 24ms (ActiveRecord: 3.1ms (1 query, 0 cached) | GC: 0.0ms)


Started GET "/api/v1/auth/me" for 127.0.0.1 at 2026-09-19 14:17:34 +0300
Processing by Api::V1::Auth::SessionsController#show as JSON
[active_model_serializers] Rendered ActiveModel::Serializer::Null with Hash (0.08ms)
Filter chain halted as :authenticate_user! rendered or redirected
Completed 401 Unauthorized in 4ms (Views: 1.0ms | ActiveRecord: 0.0ms (0 queries, 0 cached) | GC: 0.0ms)


Started GET "/api/v1/auth/me" for 127.0.0.1 at 2026-09-19 14:17:34 +0300
Processing by Api::V1::Auth::SessionsController#show as JSON
[active_model_serializers] Rendered ActiveModel::Serializer::Null with Hash (0.05ms)
Filter chain halted as :authenticate_user! rendered or redirected
Completed 401 Unauthorized in 2ms (Views: 0.6ms | ActiveRecord: 0.0ms (0 queries, 0 cached) | GC: 0.0ms)


Started POST "/api/v1/auth/login" for 127.0.0.1 at 2026-09-19 14:17:36 +0300
Processing by Api::V1::Auth::SessionsController#create as JSON
  Parameters: {"user" => {"email" => "[FILTERED]", "password" => "[FILTERED]"}, "session" => {"user" => {"email" => "[FILTERED]", "password" => "[FILTERED]"}}}
  [1m[36mUser Load (2.3ms)[0m  [1m[34mSELECT "users".* FROM "users" WHERE "users"."email" = 'ragadabdelwahab81@gmail.com' LIMIT 1 /*action='create',application='Backend',controller='sessions'*/[0m
  ↳ app/controllers/api/v1/auth/sessions_controller.rb:12:in 'Api::V1::Auth::SessionsController#create'
  [1m[36mTRANSACTION (0.8ms)[0m  [1m[35mBEGIN /*action='create',application='Backend',controller='sessions'*/[0m
  ↳ app/controllers/api/v1/auth/sessions_controller.rb:15:in 'Api::V1::Auth::SessionsController#create'
  [1m[36mUser Update (3.9ms)[0m  [1m[33mUPDATE "users" SET "current_sign_in_at" = '2026-09-19 11:17:36.745053', "last_sign_in_at" = '2026-09-18 14:32:21.933428', "sign_in_count" = 9, "updated_at" = '2026-09-19 11:17:36.745639' WHERE "users"."id" = 'c4b38885-f504-4898-906b-24941fabb892' /*action='create',application='Backend',controller='sessions'*/[0m
  ↳ app/controllers/api/v1/auth/sessions_controller.rb:15:in 'Api::V1::Auth::SessionsController#create'
  [1m[36mTRANSACTION (21.6ms)[0m  [1m[35mCOMMIT /*action='create',application='Backend',controller='sessions'*/[0m
  ↳ app/controllers/api/v1/auth/sessions_controller.rb:15:in 'Api::V1::Auth::SessionsController#create'
[active_model_serializers] Rendered ActiveModel::Serializer::Null with Hash (0.1ms)
Completed 200 OK in 340ms (Views: 1.1ms | ActiveRecord: 28.5ms (2 queries, 0 cached) | GC: 0.0ms)


Started GET "/api/v1/auth/me" for 127.0.0.1 at 2026-09-19 14:17:36 +0300
Processing by Api::V1::Auth::SessionsController#show as JSON
  [1m[36mUser Load (1.2ms)[0m  [1m[34mSELECT "users".* FROM "users" WHERE "users"."id" = 'c4b38885-f504-4898-906b-24941fabb892' ORDER BY "users"."id" ASC LIMIT 1 /*action='show',application='Backend',controller='sessions'*/[0m
  ↳ app/controllers/api/v1/application_controller.rb:49:in 'Api::V1::ApplicationController#authenticate_user!'
  [1m[36mProfile Load (1.0ms)[0m  [1m[34mSELECT "profiles".* FROM "profiles" WHERE "profiles"."user_id" = 'c4b38885-f504-4898-906b-24941fabb892' LIMIT 1 /*action='show',application='Backend',controller='sessions'*/[0m
  ↳ app/controllers/api/v1/auth/sessions_controller.rb:74:in 'Api::V1::Auth::SessionsController#user_payload'
[active_model_serializers] Rendered ProfileSerializer with ActiveModelSerializers::Adapter::Attributes (1.3ms)
[active_model_serializers]   [1m[36mInterest Load (1.3ms)[0m  [1m[34mSELECT "interests".* FROM "interests" INNER JOIN "user_interests" ON "interests"."id" = "user_interests"."interest_id" WHERE "user_interests"."user_id" = 'c4b38885-f504-4898-906b-24941fabb892' /*action='show',application='Backend',controller='sessions'*/[0m
[active_model_serializers]   ↳ app/controllers/api/v1/auth/sessions_controller.rb:43:in 'Api::V1::Auth::SessionsController#show'
[active_model_serializers]   [1m[36mSkill Load (1.3ms)[0m  [1m[34mSELECT "skills".* FROM "skills" INNER JOIN "user_skills" ON "skills"."id" = "user_skills"."skill_id" WHERE "user_skills"."user_id" = 'c4b38885-f504-4898-906b-24941fabb892' /*action='show',application='Backend',controller='sessions'*/[0m
[active_model_serializers]   ↳ app/controllers/api/v1/auth/sessions_controller.rb:43:in 'Api::V1::Auth::SessionsController#show'
[active_model_serializers]   [1m[36mPortfolioLink Load (1.0ms)[0m  [1m[34mSELECT "portfolio_links".* FROM "portfolio_links" WHERE "portfolio_links"."user_id" = 'c4b38885-f504-4898-906b-24941fabb892' /*action='show',application='Backend',controller='sessions'*/[0m
[active_model_serializers]   ↳ app/controllers/api/v1/auth/sessions_controller.rb:43:in 'Api::V1::Auth::SessionsController#show'
[active_model_serializers] Rendered ActiveModel::Serializer::Null with Hash (12.82ms)
Completed 200 OK in 25ms (Views: 10.0ms | ActiveRecord: 5.6ms (5 queries, 0 cached) | GC: 0.0ms)


Started GET "/api/v1/health" for 127.0.0.1 at 2026-09-19 14:17:36 +0300
Processing by Api::V1::HealthController#show as JSON
  [1m[35m (1.0ms)[0m  [1m[34mSELECT 1 /*action='show',application='Backend',controller='health'*/[0m
  ↳ app/controllers/api/v1/health_controller.rb:29:in 'Api::V1::HealthController#database_reachable?'
  [1m[36mUser Load (1.0ms)[0m  [1m[34mSELECT "users".* FROM "users" WHERE "users"."id" = 'c4b38885-f504-4898-906b-24941fabb892' ORDER BY "users"."id" ASC LIMIT 1 /*action='show',application='Backend',controller='health'*/[0m
  ↳ app/controllers/api/v1/health_controller.rb:17:in 'Api::V1::HealthController#show'
[active_model_serializers] Rendered ActiveModel::Serializer::Null with Hash (0.06ms)
Completed 200 OK in 10ms (Views: 5.7ms | ActiveRecord: 2.0ms (2 queries, 0 cached) | GC: 0.0ms)


Started GET "/api/v1/health" for 127.0.0.1 at 2026-09-19 14:17:36 +0300
Processing by Api::V1::HealthController#show as JSON
  [1m[35m (1.2ms)[0m  [1m[34mSELECT 1 /*action='show',application='Backend',controller='health'*/[0m
  ↳ app/controllers/api/v1/health_controller.rb:29:in 'Api::V1::HealthController#database_reachable?'
  [1m[36mUser Load (1.1ms)[0m  [1m[34mSELECT "users".* FROM "users" WHERE "users"."id" = 'c4b38885-f504-4898-906b-24941fabb892' ORDER BY "users"."id" ASC LIMIT 1 /*action='show',application='Backend',controller='health'*/[0m
  ↳ app/controllers/api/v1/health_controller.rb:17:in 'Api::V1::HealthController#show'
[active_model_serializers] Rendered ActiveModel::Serializer::Null with Hash (0.05ms)
Completed 200 OK in 10ms (Views: 5.6ms | ActiveRecord: 2.3ms (2 queries, 0 cached) | GC: 0.0ms)


Started PATCH "/api/v1/me/profile" for 127.0.0.1 at 2026-09-19 14:17:51 +0300
Processing by Api::V1::Me::ProfilesController#update as JSON
  Parameters: {"user" => {"name" => "plumbing"}, "profile" => {"birthdate" => "2006-08-16", "university" => nil, "major" => nil, "tagline" => nil, "bio" => nil, "looking_for" => "friends"}}
  [1m[36mUser Load (1.6ms)[0m  [1m[34mSELECT "users".* FROM "users" WHERE "users"."id" = 'c4b38885-f504-4898-906b-24941fabb892' ORDER BY "users"."id" ASC LIMIT 1 /*action='update',application='Backend',controller='profiles'*/[0m
  ↳ app/controllers/api/v1/application_controller.rb:49:in 'Api::V1::ApplicationController#authenticate_user!'
  [1m[36mProfile Load (1.1ms)[0m  [1m[34mSELECT "profiles".* FROM "profiles" WHERE "profiles"."user_id" = 'c4b38885-f504-4898-906b-24941fabb892' LIMIT 1 /*action='update',application='Backend',controller='profiles'*/[0m
  ↳ app/controllers/api/v1/me/profiles_controller.rb:26:in 'Api::V1::Me::ProfilesController#update'
  [1m[36mTRANSACTION (0.7ms)[0m  [1m[35mBEGIN /*action='update',application='Backend',controller='profiles'*/[0m
  ↳ app/controllers/api/v1/me/profiles_controller.rb:30:in 'block in Api::V1::Me::ProfilesController#update'
  [1m[36mUser Update (3.5ms)[0m  [1m[33mUPDATE "users" SET "updated_at" = '2026-09-19 11:17:51.277098', "name" = 'plumbing' WHERE "users"."id" = 'c4b38885-f504-4898-906b-24941fabb892' /*action='update',application='Backend',controller='profiles'*/[0m
  ↳ app/controllers/api/v1/me/profiles_controller.rb:30:in 'block in Api::V1::Me::ProfilesController#update'
  [1m[36mProfile Update (2.5ms)[0m  [1m[33mUPDATE "profiles" SET "birthdate" = '2006-08-16', "updated_at" = '2026-09-19 11:17:51.284692' WHERE "profiles"."id" = '3ba948ec-9db5-4762-82d8-fcf9e4d3b990' /*action='update',application='Backend',controller='profiles'*/[0m
  ↳ app/controllers/api/v1/me/profiles_controller.rb:33:in 'block in Api::V1::Me::ProfilesController#update'
  [1m[36mTRANSACTION (2.2ms)[0m  [1m[35mCOMMIT /*action='update',application='Backend',controller='profiles'*/[0m
  ↳ app/controllers/api/v1/me/profiles_controller.rb:28:in 'Api::V1::Me::ProfilesController#update'
  [1m[36mProfile Load (1.2ms)[0m  [1m[34mSELECT "profiles".* FROM "profiles" WHERE "profiles"."id" = '3ba948ec-9db5-4762-82d8-fcf9e4d3b990' LIMIT 1 /*action='update',application='Backend',controller='profiles'*/[0m
  ↳ app/controllers/api/v1/me/profiles_controller.rb:38:in 'Api::V1::Me::ProfilesController#update'
[active_model_serializers]   [1m[36mUser Load (1.1ms)[0m  [1m[34mSELECT "users".* FROM "users" WHERE "users"."id" = 'c4b38885-f504-4898-906b-24941fabb892' LIMIT 1 /*action='update',application='Backend',controller='profiles'*/[0m
[active_model_serializers]   ↳ app/serializers/profile_serializer.rb:29:in 'ProfileSerializer#user'
[active_model_serializers] Rendered ProfileSerializer with ActiveModelSerializers::Adapter::Attributes (6.66ms)
[active_model_serializers]   [1m[36mInterest Load (1.1ms)[0m  [1m[34mSELECT "interests".* FROM "interests" INNER JOIN "user_interests" ON "interests"."id" = "user_interests"."interest_id" WHERE "user_interests"."user_id" = 'c4b38885-f504-4898-906b-24941fabb892' /*action='update',application='Backend',controller='profiles'*/[0m
[active_model_serializers]   ↳ app/controllers/api/v1/me/profiles_controller.rb:43:in 'Api::V1::Me::ProfilesController#update'
[active_model_serializers]   [1m[36mSkill Load (1.3ms)[0m  [1m[34mSELECT "skills".* FROM "skills" INNER JOIN "user_skills" ON "skills"."id" = "user_skills"."skill_id" WHERE "user_skills"."user_id" = 'c4b38885-f504-4898-906b-24941fabb892' /*action='update',application='Backend',controller='profiles'*/[0m
[active_model_serializers]   ↳ app/controllers/api/v1/me/profiles_controller.rb:43:in 'Api::V1::Me::ProfilesController#update'
[active_model_serializers]   [1m[36mPortfolioLink Load (1.3ms)[0m  [1m[34mSELECT "portfolio_links".* FROM "portfolio_links" WHERE "portfolio_links"."user_id" = 'c4b38885-f504-4898-906b-24941fabb892' /*action='update',application='Backend',controller='profiles'*/[0m
[active_model_serializers]   ↳ app/controllers/api/v1/me/profiles_controller.rb:43:in 'Api::V1::Me::ProfilesController#update'
[active_model_serializers] Rendered ActiveModel::Serializer::Null with Hash (13.78ms)
Completed 200 OK in 59ms (Views: 11.2ms | ActiveRecord: 17.2ms (9 queries, 0 cached) | GC: 0.0ms)


Started PUT "/api/v1/me/interests" for 127.0.0.1 at 2026-09-19 14:17:51 +0300
Processing by Api::V1::Me::InterestsController#update as JSON
  Parameters: {"interests" => [], "interest" => {}}
  [1m[36mUser Load (1.1ms)[0m  [1m[34mSELECT "users".* FROM "users" WHERE "users"."id" = 'c4b38885-f504-4898-906b-24941fabb892' ORDER BY "users"."id" ASC LIMIT 1 /*action='update',application='Backend',controller='interests'*/[0m
  ↳ app/controllers/api/v1/application_controller.rb:49:in 'Api::V1::ApplicationController#authenticate_user!'
  [1m[36mInterest Pluck (1.3ms)[0m  [1m[34mSELECT "interests"."id" FROM "interests" INNER JOIN "user_interests" ON "interests"."id" = "user_interests"."interest_id" WHERE "user_interests"."user_id" = 'c4b38885-f504-4898-906b-24941fabb892' AND "interests"."is_custom" = TRUE /*action='update',application='Backend',controller='interests'*/[0m
  ↳ app/services/interests/replace_user_interests.rb:19:in 'Interests::ReplaceUserInterests#call'
  [1m[36mTRANSACTION (0.9ms)[0m  [1m[35mBEGIN /*action='update',application='Backend',controller='interests'*/[0m
  ↳ app/services/interests/replace_user_interests.rb:22:in 'block in Interests::ReplaceUserInterests#call'
  [1m[36mUserInterest Load (3.7ms)[0m  [1m[34mSELECT "user_interests".* FROM "user_interests" WHERE "user_interests"."user_id" = 'c4b38885-f504-4898-906b-24941fabb892' /*action='update',application='Backend',controller='interests'*/[0m
  ↳ app/services/interests/replace_user_interests.rb:22:in 'block in Interests::ReplaceUserInterests#call'
  [1m[36mTRANSACTION (0.7ms)[0m  [1m[35mCOMMIT /*action='update',application='Backend',controller='interests'*/[0m
  ↳ app/services/interests/replace_user_interests.rb:21:in 'Interests::ReplaceUserInterests#call'
  [1m[36mInterest Load (1.9ms)[0m  [1m[34mSELECT "interests".* FROM "interests" INNER JOIN "user_interests" ON "interests"."id" = "user_interests"."interest_id" WHERE "user_interests"."user_id" = 'c4b38885-f504-4898-906b-24941fabb892' /*action='update',application='Backend',controller='interests'*/[0m
  ↳ app/services/interests/replace_user_interests.rb:32:in 'Interests::ReplaceUserInterests#call'
[active_model_serializers]   [1m[36mInterest Load (1.1ms)[0m  [1m[34mSELECT "interests".* FROM "interests" INNER JOIN "user_interests" ON "interests"."id" = "user_interests"."interest_id" WHERE "user_interests"."user_id" = 'c4b38885-f504-4898-906b-24941fabb892' ORDER BY "interests"."name" ASC /*action='update',application='Backend',controller='interests'*/[0m
[active_model_serializers]   ↳ app/controllers/api/v1/me/interests_controller.rb:28:in 'Api::V1::Me::InterestsController#update'
[active_model_serializers] Rendered ActiveModel::Serializer::CollectionSerializer with ActiveModelSerializers::Adapter::Attributes (0.08ms)
[active_model_serializers] Rendered ActiveModel::Serializer::Null with Hash (0.04ms)
Completed 200 OK in 33ms (Views: 0.6ms | ActiveRecord: 10.8ms (5 queries, 0 cached) | GC: 0.0ms)


Started PUT "/api/v1/me/skills" for 127.0.0.1 at 2026-09-19 14:17:51 +0300
Processing by Api::V1::Me::SkillsController#update as JSON
  Parameters: {"skills" => [], "skill" => {}}
  [1m[36mUser Load (1.0ms)[0m  [1m[34mSELECT "users".* FROM "users" WHERE "users"."id" = 'c4b38885-f504-4898-906b-24941fabb892' ORDER BY "users"."id" ASC LIMIT 1 /*action='update',application='Backend',controller='skills'*/[0m
  ↳ app/controllers/api/v1/application_controller.rb:49:in 'Api::V1::ApplicationController#authenticate_user!'
  [1m[36mSkill Pluck (1.0ms)[0m  [1m[34mSELECT "skills"."id" FROM "skills" INNER JOIN "user_skills" ON "skills"."id" = "user_skills"."skill_id" WHERE "user_skills"."user_id" = 'c4b38885-f504-4898-906b-24941fabb892' AND "skills"."is_custom" = TRUE /*action='update',application='Backend',controller='skills'*/[0m
  ↳ app/services/skills/replace_user_skills.rb:17:in 'Skills::ReplaceUserSkills#call'
  [1m[36mTRANSACTION (0.6ms)[0m  [1m[35mBEGIN /*action='update',application='Backend',controller='skills'*/[0m
  ↳ app/services/skills/replace_user_skills.rb:20:in 'block in Skills::ReplaceUserSkills#call'
  [1m[36mUserSkill Load (4.3ms)[0m  [1m[34mSELECT "user_skills".* FROM "user_skills" WHERE "user_skills"."user_id" = 'c4b38885-f504-4898-906b-24941fabb892' /*action='update',application='Backend',controller='skills'*/[0m
  ↳ app/services/skills/replace_user_skills.rb:20:in 'block in Skills::ReplaceUserSkills#call'
  [1m[36mTRANSACTION (0.7ms)[0m  [1m[35mCOMMIT /*action='update',application='Backend',controller='skills'*/[0m
  ↳ app/services/skills/replace_user_skills.rb:19:in 'Skills::ReplaceUserSkills#call'
  [1m[36mSkill Load (1.2ms)[0m  [1m[34mSELECT "skills".* FROM "skills" INNER JOIN "user_skills" ON "skills"."id" = "user_skills"."skill_id" WHERE "user_skills"."user_id" = 'c4b38885-f504-4898-906b-24941fabb892' /*action='update',application='Backend',controller='skills'*/[0m
  ↳ app/services/skills/replace_user_skills.rb:30:in 'Skills::ReplaceUserSkills#call'
[active_model_serializers]   [1m[36mSkill Load (1.4ms)[0m  [1m[34mSELECT "skills".* FROM "skills" INNER JOIN "user_skills" ON "skills"."id" = "user_skills"."skill_id" WHERE "user_skills"."user_id" = 'c4b38885-f504-4898-906b-24941fabb892' ORDER BY "skills"."name" ASC /*action='update',application='Backend',controller='skills'*/[0m
[active_model_serializers]   ↳ app/controllers/api/v1/me/skills_controller.rb:28:in 'Api::V1::Me::SkillsController#update'
[active_model_serializers] Rendered ActiveModel::Serializer::CollectionSerializer with ActiveModelSerializers::Adapter::Attributes (0.11ms)
[active_model_serializers] Rendered ActiveModel::Serializer::Null with Hash (0.06ms)
Completed 200 OK in 35ms (Views: 0.9ms | ActiveRecord: 10.0ms (5 queries, 0 cached) | GC: 0.0ms)


Started PATCH "/api/v1/me/profile" for 127.0.0.1 at 2026-09-19 14:18:34 +0300
Processing by Api::V1::Me::ProfilesController#update as JSON
  Parameters: {"user" => {"name" => "plumbing"}, "profile" => {"birthdate" => nil, "university" => "UCSD", "major" => nil, "tagline" => "Builder · Designer · Dreamer", "bio" => "i am GREAT", "looking_for" => "project_collaborators"}}
  [1m[36mUser Load (4.0ms)[0m  [1m[34mSELECT "users".* FROM "users" WHERE "users"."id" = 'c4b38885-f504-4898-906b-24941fabb892' ORDER BY "users"."id" ASC LIMIT 1 /*action='update',application='Backend',controller='profiles'*/[0m
  ↳ app/controllers/api/v1/application_controller.rb:49:in 'Api::V1::ApplicationController#authenticate_user!'
  [1m[36mProfile Load (4.2ms)[0m  [1m[34mSELECT "profiles".* FROM "profiles" WHERE "profiles"."user_id" = 'c4b38885-f504-4898-906b-24941fabb892' LIMIT 1 /*action='update',application='Backend',controller='profiles'*/[0m
  ↳ app/controllers/api/v1/me/profiles_controller.rb:26:in 'Api::V1::Me::ProfilesController#update'
  [1m[36mTRANSACTION (1.3ms)[0m  [1m[35mBEGIN /*action='update',application='Backend',controller='profiles'*/[0m
  ↳ app/controllers/api/v1/me/profiles_controller.rb:33:in 'block in Api::V1::Me::ProfilesController#update'
  [1m[36mProfile Update (7.4ms)[0m  [1m[33mUPDATE "profiles" SET "bio" = 'i am GREAT', "birthdate" = NULL, "looking_for" = 1, "tagline" = 'Builder · Designer · Dreamer', "university" = 'UCSD', "updated_at" = '2026-09-19 11:18:34.210556' WHERE "profiles"."id" = '3ba948ec-9db5-4762-82d8-fcf9e4d3b990' /*action='update',application='Backend',controller='profiles'*/[0m
  ↳ app/controllers/api/v1/me/profiles_controller.rb:33:in 'block in Api::V1::Me::ProfilesController#update'
  [1m[36mTRANSACTION (2.0ms)[0m  [1m[35mCOMMIT /*action='update',application='Backend',controller='profiles'*/[0m
  ↳ app/controllers/api/v1/me/profiles_controller.rb:28:in 'Api::V1::Me::ProfilesController#update'
  [1m[36mProfile Load (1.3ms)[0m  [1m[34mSELECT "profiles".* FROM "profiles" WHERE "profiles"."id" = '3ba948ec-9db5-4762-82d8-fcf9e4d3b990' LIMIT 1 /*action='update',application='Backend',controller='profiles'*/[0m
  ↳ app/controllers/api/v1/me/profiles_controller.rb:38:in 'Api::V1::Me::ProfilesController#update'
[active_model_serializers]   [1m[36mUser Load (1.1ms)[0m  [1m[34mSELECT "users".* FROM "users" WHERE "users"."id" = 'c4b38885-f504-4898-906b-24941fabb892' LIMIT 1 /*action='update',application='Backend',controller='profiles'*/[0m
[active_model_serializers]   ↳ app/serializers/profile_serializer.rb:29:in 'ProfileSerializer#user'
[active_model_serializers] Rendered ProfileSerializer with ActiveModelSerializers::Adapter::Attributes (8.03ms)
[active_model_serializers]   [1m[36mInterest Load (1.6ms)[0m  [1m[34mSELECT "interests".* FROM "interests" INNER JOIN "user_interests" ON "interests"."id" = "user_interests"."interest_id" WHERE "user_interests"."user_id" = 'c4b38885-f504-4898-906b-24941fabb892' /*action='update',application='Backend',controller='profiles'*/[0m
[active_model_serializers]   ↳ app/controllers/api/v1/me/profiles_controller.rb:43:in 'Api::V1::Me::ProfilesController#update'
[active_model_serializers]   [1m[36mSkill Load (1.5ms)[0m  [1m[34mSELECT "skills".* FROM "skills" INNER JOIN "user_skills" ON "skills"."id" = "user_skills"."skill_id" WHERE "user_skills"."user_id" = 'c4b38885-f504-4898-906b-24941fabb892' /*action='update',application='Backend',controller='profiles'*/[0m
[active_model_serializers]   ↳ app/controllers/api/v1/me/profiles_controller.rb:43:in 'Api::V1::Me::ProfilesController#update'
[active_model_serializers]   [1m[36mPortfolioLink Load (1.1ms)[0m  [1m[34mSELECT "portfolio_links".* FROM "portfolio_links" WHERE "portfolio_links"."user_id" = 'c4b38885-f504-4898-906b-24941fabb892' /*action='update',application='Backend',controller='profiles'*/[0m
[active_model_serializers]   ↳ app/controllers/api/v1/me/profiles_controller.rb:43:in 'Api::V1::Me::ProfilesController#update'
[active_model_serializers] Rendered ActiveModel::Serializer::Null with Hash (21.78ms)
Completed 200 OK in 101ms (Views: 18.4ms | ActiveRecord: 25.3ms (8 queries, 0 cached) | GC: 0.0ms)


Started PUT "/api/v1/me/interests" for 127.0.0.1 at 2026-09-19 14:18:34 +0300
Processing by Api::V1::Me::InterestsController#update as JSON
  Parameters: {"interests" => ["Design", "Product", "Tech", "Basketball"], "interest" => {}}
  [1m[36mUser Load (1.4ms)[0m  [1m[34mSELECT "users".* FROM "users" WHERE "users"."id" = 'c4b38885-f504-4898-906b-24941fabb892' ORDER BY "users"."id" ASC LIMIT 1 /*action='update',application='Backend',controller='interests'*/[0m
  ↳ app/controllers/api/v1/application_controller.rb:49:in 'Api::V1::ApplicationController#authenticate_user!'
  [1m[36mInterest Pluck (1.4ms)[0m  [1m[34mSELECT "interests"."id" FROM "interests" INNER JOIN "user_interests" ON "interests"."id" = "user_interests"."interest_id" WHERE "user_interests"."user_id" = 'c4b38885-f504-4898-906b-24941fabb892' AND "interests"."is_custom" = TRUE /*action='update',application='Backend',controller='interests'*/[0m
  ↳ app/services/interests/replace_user_interests.rb:19:in 'Interests::ReplaceUserInterests#call'
  [1m[36mTRANSACTION (1.2ms)[0m  [1m[35mBEGIN /*action='update',application='Backend',controller='interests'*/[0m
  ↳ app/services/interests/replace_user_interests.rb:22:in 'block in Interests::ReplaceUserInterests#call'
  [1m[36mUserInterest Load (6.5ms)[0m  [1m[34mSELECT "user_interests".* FROM "user_interests" WHERE "user_interests"."user_id" = 'c4b38885-f504-4898-906b-24941fabb892' /*action='update',application='Backend',controller='interests'*/[0m
  ↳ app/services/interests/replace_user_interests.rb:22:in 'block in Interests::ReplaceUserInterests#call'
  [1m[36mInterest Load (1.5ms)[0m  [1m[34mSELECT "interests".* FROM "interests" WHERE (LOWER(name) = 'design') LIMIT 1 /*action='update',application='Backend',controller='interests'*/[0m
  ↳ app/services/interests/replace_user_interests.rb:47:in 'Interests::ReplaceUserInterests#find_or_create_interest'
  [1m[36mInterest Exists? (4.0ms)[0m  [1m[34mSELECT 1 AS one FROM "interests" WHERE LOWER("interests"."name") = LOWER('Design') LIMIT 1 /*action='update',application='Backend',controller='interests'*/[0m
  ↳ app/services/interests/replace_user_interests.rb:50:in 'Interests::ReplaceUserInterests#find_or_create_interest'
  [1m[36mInterest Create (2.8ms)[0m  [1m[32mINSERT INTO "interests" ("created_at", "is_custom", "name", "updated_at") VALUES ('2026-09-19 11:18:34.344410', TRUE, 'Design', '2026-09-19 11:18:34.344410') RETURNING "id" /*action='update',application='Backend',controller='interests'*/[0m
  ↳ app/services/interests/replace_user_interests.rb:50:in 'Interests::ReplaceUserInterests#find_or_create_interest'
  [1m[36mUserInterest Exists? (1.2ms)[0m  [1m[34mSELECT 1 AS one FROM "user_interests" WHERE "user_interests"."user_id" = 'c4b38885-f504-4898-906b-24941fabb892' AND "user_interests"."interest_id" = '9b1c878f-8438-4ef9-9026-eff93e495a25' LIMIT 1 /*action='update',application='Backend',controller='interests'*/[0m
  ↳ app/services/interests/replace_user_interests.rb:26:in 'block (2 levels) in Interests::ReplaceUserInterests#call'
  [1m[36mUserInterest Create (5.5ms)[0m  [1m[32mINSERT INTO "user_interests" ("created_at", "interest_id", "updated_at", "user_id") VALUES ('2026-09-19 11:18:34.364848', '9b1c878f-8438-4ef9-9026-eff93e495a25', '2026-09-19 11:18:34.364848', 'c4b38885-f504-4898-906b-24941fabb892') RETURNING "id" /*action='update',application='Backend',controller='interests'*/[0m
  ↳ app/services/interests/replace_user_interests.rb:26:in 'block (2 levels) in Interests::ReplaceUserInterests#call'
  [1m[36mInterest Load (1.4ms)[0m  [1m[34mSELECT "interests".* FROM "interests" WHERE (LOWER(name) = 'product') LIMIT 1 /*action='update',application='Backend',controller='interests'*/[0m
  ↳ app/services/interests/replace_user_interests.rb:47:in 'Interests::ReplaceUserInterests#find_or_create_interest'
  [1m[36mInterest Exists? (1.3ms)[0m  [1m[34mSELECT 1 AS one FROM "interests" WHERE LOWER("interests"."name") = LOWER('Product') LIMIT 1 /*action='update',application='Backend',controller='interests'*/[0m
  ↳ app/services/interests/replace_user_interests.rb:50:in 'Interests::ReplaceUserInterests#find_or_create_interest'
  [1m[36mInterest Create (1.2ms)[0m  [1m[32mINSERT INTO "interests" ("created_at", "is_custom", "name", "updated_at") VALUES ('2026-09-19 11:18:34.386898', TRUE, 'Product', '2026-09-19 11:18:34.386898') RETURNING "id" /*action='update',application='Backend',controller='interests'*/[0m
  ↳ app/services/interests/replace_user_interests.rb:50:in 'Interests::ReplaceUserInterests#find_or_create_interest'
  [1m[36mUserInterest Exists? (1.2ms)[0m  [1m[34mSELECT 1 AS one FROM "user_interests" WHERE "user_interests"."user_id" = 'c4b38885-f504-4898-906b-24941fabb892' AND "user_interests"."interest_id" = '8abcd59d-cff0-4751-a8bc-6b99e9dd2f44' LIMIT 1 /*action='update',application='Backend',controller='interests'*/[0m
  ↳ app/services/interests/replace_user_interests.rb:26:in 'block (2 levels) in Interests::ReplaceUserInterests#call'
  [1m[36mUserInterest Create (1.5ms)[0m  [1m[32mINSERT INTO "user_interests" ("created_at", "interest_id", "updated_at", "user_id") VALUES ('2026-09-19 11:18:34.398141', '8abcd59d-cff0-4751-a8bc-6b99e9dd2f44', '2026-09-19 11:18:34.398141', 'c4b38885-f504-4898-906b-24941fabb892') RETURNING "id" /*action='update',application='Backend',controller='interests'*/[0m
  ↳ app/services/interests/replace_user_interests.rb:26:in 'block (2 levels) in Interests::ReplaceUserInterests#call'
  [1m[36mInterest Load (1.3ms)[0m  [1m[34mSELECT "interests".* FROM "interests" WHERE (LOWER(name) = 'tech') LIMIT 1 /*action='update',application='Backend',controller='interests'*/[0m
  ↳ app/services/interests/replace_user_interests.rb:47:in 'Interests::ReplaceUserInterests#find_or_create_interest'
  [1m[36mInterest Exists? (1.2ms)[0m  [1m[34mSELECT 1 AS one FROM "interests" WHERE LOWER("interests"."name") = LOWER('Tech') LIMIT 1 /*action='update',application='Backend',controller='interests'*/[0m
  ↳ app/services/interests/replace_user_interests.rb:50:in 'Interests::ReplaceUserInterests#find_or_create_interest'
  [1m[36mInterest Create (1.2ms)[0m  [1m[32mINSERT INTO "interests" ("created_at", "is_custom", "name", "updated_at") VALUES ('2026-09-19 11:18:34.416231', TRUE, 'Tech', '2026-09-19 11:18:34.416231') RETURNING "id" /*action='update',application='Backend',controller='interests'*/[0m
  ↳ app/services/interests/replace_user_interests.rb:50:in 'Interests::ReplaceUserInterests#find_or_create_interest'
  [1m[36mUserInterest Exists? (1.3ms)[0m  [1m[34mSELECT 1 AS one FROM "user_interests" WHERE "user_interests"."user_id" = 'c4b38885-f504-4898-906b-24941fabb892' AND "user_interests"."interest_id" = 'c4787a80-3ff4-4165-a39e-5088823abcc1' LIMIT 1 /*action='update',application='Backend',controller='interests'*/[0m
  ↳ app/services/interests/replace_user_interests.rb:26:in 'block (2 levels) in Interests::ReplaceUserInterests#call'
  [1m[36mUserInterest Create (2.0ms)[0m  [1m[32mINSERT INTO "user_interests" ("created_at", "interest_id", "updated_at", "user_id") VALUES ('2026-09-19 11:18:34.429679', 'c4787a80-3ff4-4165-a39e-5088823abcc1', '2026-09-19 11:18:34.429679', 'c4b38885-f504-4898-906b-24941fabb892') RETURNING "id" /*action='update',application='Backend',controller='interests'*/[0m
  ↳ app/services/interests/replace_user_interests.rb:26:in 'block (2 levels) in Interests::ReplaceUserInterests#call'
  [1m[36mInterest Load (1.5ms)[0m  [1m[34mSELECT "interests".* FROM "interests" WHERE (LOWER(name) = 'basketball') LIMIT 1 /*action='update',application='Backend',controller='interests'*/[0m
  ↳ app/services/interests/replace_user_interests.rb:47:in 'Interests::ReplaceUserInterests#find_or_create_interest'
  [1m[36mInterest Exists? (1.5ms)[0m  [1m[34mSELECT 1 AS one FROM "interests" WHERE LOWER("interests"."name") = LOWER('Basketball') LIMIT 1 /*action='update',application='Backend',controller='interests'*/[0m
  ↳ app/services/interests/replace_user_interests.rb:50:in 'Interests::ReplaceUserInterests#find_or_create_interest'
  [1m[36mInterest Create (1.3ms)[0m  [1m[32mINSERT INTO "interests" ("created_at", "is_custom", "name", "updated_at") VALUES ('2026-09-19 11:18:34.450583', TRUE, 'Basketball', '2026-09-19 11:18:34.450583') RETURNING "id" /*action='update',application='Backend',controller='interests'*/[0m
  ↳ app/services/interests/replace_user_interests.rb:50:in 'Interests::ReplaceUserInterests#find_or_create_interest'
  [1m[36mUserInterest Exists? (1.5ms)[0m  [1m[34mSELECT 1 AS one FROM "user_interests" WHERE "user_interests"."user_id" = 'c4b38885-f504-4898-906b-24941fabb892' AND "user_interests"."interest_id" = 'e984a1a9-0a69-48bd-9e87-2f21fe653067' LIMIT 1 /*action='update',application='Backend',controller='interests'*/[0m
  ↳ app/services/interests/replace_user_interests.rb:26:in 'block (2 levels) in Interests::ReplaceUserInterests#call'
  [1m[36mUserInterest Create (1.8ms)[0m  [1m[32mINSERT INTO "user_interests" ("created_at", "interest_id", "updated_at", "user_id") VALUES ('2026-09-19 11:18:34.466200', 'e984a1a9-0a69-48bd-9e87-2f21fe653067', '2026-09-19 11:18:34.466200', 'c4b38885-f504-4898-906b-24941fabb892') RETURNING "id" /*action='update',application='Backend',controller='interests'*/[0m
  ↳ app/services/interests/replace_user_interests.rb:26:in 'block (2 levels) in Interests::ReplaceUserInterests#call'
  [1m[36mTRANSACTION (2.7ms)[0m  [1m[35mCOMMIT /*action='update',application='Backend',controller='interests'*/[0m
  ↳ app/services/interests/replace_user_interests.rb:21:in 'Interests::ReplaceUserInterests#call'
  [1m[36mInterest Load (1.9ms)[0m  [1m[34mSELECT "interests".* FROM "interests" INNER JOIN "user_interests" ON "interests"."id" = "user_interests"."interest_id" WHERE "user_interests"."user_id" = 'c4b38885-f504-4898-906b-24941fabb892' /*action='update',application='Backend',controller='interests'*/[0m
  ↳ app/services/interests/replace_user_interests.rb:32:in 'Interests::ReplaceUserInterests#call'
[active_model_serializers]   [1m[36mInterest Load (2.3ms)[0m  [1m[34mSELECT "interests".* FROM "interests" INNER JOIN "user_interests" ON "interests"."id" = "user_interests"."interest_id" WHERE "user_interests"."user_id" = 'c4b38885-f504-4898-906b-24941fabb892' ORDER BY "interests"."name" ASC /*action='update',application='Backend',controller='interests'*/[0m
[active_model_serializers]   ↳ app/controllers/api/v1/me/interests_controller.rb:28:in 'Api::V1::Me::InterestsController#update'
[active_model_serializers] Rendered ActiveModel::Serializer::CollectionSerializer with ActiveModelSerializers::Adapter::Attributes (2.14ms)
[active_model_serializers] Rendered ActiveModel::Serializer::Null with Hash (0.18ms)
Completed 200 OK in 210ms (Views: 1.4ms | ActiveRecord: 64.5ms (25 queries, 0 cached) | GC: 0.0ms)


Started PUT "/api/v1/me/skills" for 127.0.0.1 at 2026-09-19 14:18:34 +0300
Processing by Api::V1::Me::SkillsController#update as JSON
  Parameters: {"skills" => ["python", "java", "tech"], "skill" => {}}
  [1m[36mUser Load (1.2ms)[0m  [1m[34mSELECT "users".* FROM "users" WHERE "users"."id" = 'c4b38885-f504-4898-906b-24941fabb892' ORDER BY "users"."id" ASC LIMIT 1 /*action='update',application='Backend',controller='skills'*/[0m
  ↳ app/controllers/api/v1/application_controller.rb:49:in 'Api::V1::ApplicationController#authenticate_user!'
  [1m[36mSkill Pluck (1.1ms)[0m  [1m[34mSELECT "skills"."id" FROM "skills" INNER JOIN "user_skills" ON "skills"."id" = "user_skills"."skill_id" WHERE "user_skills"."user_id" = 'c4b38885-f504-4898-906b-24941fabb892' AND "skills"."is_custom" = TRUE /*action='update',application='Backend',controller='skills'*/[0m
  ↳ app/services/skills/replace_user_skills.rb:17:in 'Skills::ReplaceUserSkills#call'
  [1m[36mTRANSACTION (0.6ms)[0m  [1m[35mBEGIN /*action='update',application='Backend',controller='skills'*/[0m
  ↳ app/services/skills/replace_user_skills.rb:20:in 'block in Skills::ReplaceUserSkills#call'
  [1m[36mUserSkill Load (2.9ms)[0m  [1m[34mSELECT "user_skills".* FROM "user_skills" WHERE "user_skills"."user_id" = 'c4b38885-f504-4898-906b-24941fabb892' /*action='update',application='Backend',controller='skills'*/[0m
  ↳ app/services/skills/replace_user_skills.rb:20:in 'block in Skills::ReplaceUserSkills#call'
  [1m[36mSkill Load (0.9ms)[0m  [1m[34mSELECT "skills".* FROM "skills" WHERE (LOWER(name) = 'python') LIMIT 1 /*action='update',application='Backend',controller='skills'*/[0m
  ↳ app/services/skills/replace_user_skills.rb:45:in 'Skills::ReplaceUserSkills#find_or_create_skill'
  [1m[36mSkill Exists? (0.9ms)[0m  [1m[34mSELECT 1 AS one FROM "skills" WHERE LOWER("skills"."name") = LOWER('python') LIMIT 1 /*action='update',application='Backend',controller='skills'*/[0m
  ↳ app/services/skills/replace_user_skills.rb:48:in 'Skills::ReplaceUserSkills#find_or_create_skill'
  [1m[36mSkill Create (1.2ms)[0m  [1m[32mINSERT INTO "skills" ("created_at", "is_custom", "name", "updated_at") VALUES ('2026-09-19 11:18:34.553507', TRUE, 'python', '2026-09-19 11:18:34.553507') RETURNING "id" /*action='update',application='Backend',controller='skills'*/[0m
  ↳ app/services/skills/replace_user_skills.rb:48:in 'Skills::ReplaceUserSkills#find_or_create_skill'
  [1m[36mUserSkill Exists? (0.9ms)[0m  [1m[34mSELECT 1 AS one FROM "user_skills" WHERE "user_skills"."user_id" = 'c4b38885-f504-4898-906b-24941fabb892' AND "user_skills"."skill_id" = '14ae77a5-47ab-435b-a222-21be620a1745' LIMIT 1 /*action='update',application='Backend',controller='skills'*/[0m
  ↳ app/services/skills/replace_user_skills.rb:24:in 'block (2 levels) in Skills::ReplaceUserSkills#call'
  [1m[36mUserSkill Create (1.6ms)[0m  [1m[32mINSERT INTO "user_skills" ("created_at", "skill_id", "updated_at", "user_id") VALUES ('2026-09-19 11:18:34.566212', '14ae77a5-47ab-435b-a222-21be620a1745', '2026-09-19 11:18:34.566212', 'c4b38885-f504-4898-906b-24941fabb892') RETURNING "id" /*action='update',application='Backend',controller='skills'*/[0m
  ↳ app/services/skills/replace_user_skills.rb:24:in 'block (2 levels) in Skills::ReplaceUserSkills#call'
  [1m[36mSkill Load (0.7ms)[0m  [1m[34mSELECT "skills".* FROM "skills" WHERE (LOWER(name) = 'java') LIMIT 1 /*action='update',application='Backend',controller='skills'*/[0m
  ↳ app/services/skills/replace_user_skills.rb:45:in 'Skills::ReplaceUserSkills#find_or_create_skill'
  [1m[36mSkill Exists? (0.7ms)[0m  [1m[34mSELECT 1 AS one FROM "skills" WHERE LOWER("skills"."name") = LOWER('java') LIMIT 1 /*action='update',application='Backend',controller='skills'*/[0m
  ↳ app/services/skills/replace_user_skills.rb:48:in 'Skills::ReplaceUserSkills#find_or_create_skill'
  [1m[36mSkill Create (1.0ms)[0m  [1m[32mINSERT INTO "skills" ("created_at", "is_custom", "name", "updated_at") VALUES ('2026-09-19 11:18:34.575013', TRUE, 'java', '2026-09-19 11:18:34.575013') RETURNING "id" /*action='update',application='Backend',controller='skills'*/[0m
  ↳ app/services/skills/replace_user_skills.rb:48:in 'Skills::ReplaceUserSkills#find_or_create_skill'
  [1m[36mUserSkill Exists? (0.8ms)[0m  [1m[34mSELECT 1 AS one FROM "user_skills" WHERE "user_skills"."user_id" = 'c4b38885-f504-4898-906b-24941fabb892' AND "user_skills"."skill_id" = 'b15b7dea-502c-4c79-8843-45f0ad42bed1' LIMIT 1 /*action='update',application='Backend',controller='skills'*/[0m
  ↳ app/services/skills/replace_user_skills.rb:24:in 'block (2 levels) in Skills::ReplaceUserSkills#call'
  [1m[36mUserSkill Create (0.9ms)[0m  [1m[32mINSERT INTO "user_skills" ("created_at", "skill_id", "updated_at", "user_id") VALUES ('2026-09-19 11:18:34.583332', 'b15b7dea-502c-4c79-8843-45f0ad42bed1', '2026-09-19 11:18:34.583332', 'c4b38885-f504-4898-906b-24941fabb892') RETURNING "id" /*action='update',application='Backend',controller='skills'*/[0m
  ↳ app/services/skills/replace_user_skills.rb:24:in 'block (2 levels) in Skills::ReplaceUserSkills#call'
  [1m[36mSkill Load (0.7ms)[0m  [1m[34mSELECT "skills".* FROM "skills" WHERE (LOWER(name) = 'tech') LIMIT 1 /*action='update',application='Backend',controller='skills'*/[0m
  ↳ app/services/skills/replace_user_skills.rb:45:in 'Skills::ReplaceUserSkills#find_or_create_skill'
  [1m[36mSkill Exists? (0.7ms)[0m  [1m[34mSELECT 1 AS one FROM "skills" WHERE LOWER("skills"."name") = LOWER('tech') LIMIT 1 /*action='update',application='Backend',controller='skills'*/[0m
  ↳ app/services/skills/replace_user_skills.rb:48:in 'Skills::ReplaceUserSkills#find_or_create_skill'
  [1m[36mSkill Create (1.0ms)[0m  [1m[32mINSERT INTO "skills" ("created_at", "is_custom", "name", "updated_at") VALUES ('2026-09-19 11:18:34.592308', TRUE, 'tech', '2026-09-19 11:18:34.592308') RETURNING "id" /*action='update',application='Backend',controller='skills'*/[0m
  ↳ app/services/skills/replace_user_skills.rb:48:in 'Skills::ReplaceUserSkills#find_or_create_skill'
  [1m[36mUserSkill Exists? (0.7ms)[0m  [1m[34mSELECT 1 AS one FROM "user_skills" WHERE "user_skills"."user_id" = 'c4b38885-f504-4898-906b-24941fabb892' AND "user_skills"."skill_id" = 'd99484a5-f66f-4d03-b96c-b075c83c5b1f' LIMIT 1 /*action='update',application='Backend',controller='skills'*/[0m
  ↳ app/services/skills/replace_user_skills.rb:24:in 'block (2 levels) in Skills::ReplaceUserSkills#call'
  [1m[36mUserSkill Create (0.9ms)[0m  [1m[32mINSERT INTO "user_skills" ("created_at", "skill_id", "updated_at", "user_id") VALUES ('2026-09-19 11:18:34.600682', 'd99484a5-f66f-4d03-b96c-b075c83c5b1f', '2026-09-19 11:18:34.600682', 'c4b38885-f504-4898-906b-24941fabb892') RETURNING "id" /*action='update',application='Backend',controller='skills'*/[0m
  ↳ app/services/skills/replace_user_skills.rb:24:in 'block (2 levels) in Skills::ReplaceUserSkills#call'
  [1m[36mTRANSACTION (9.9ms)[0m  [1m[35mCOMMIT /*action='update',application='Backend',controller='skills'*/[0m
  ↳ app/services/skills/replace_user_skills.rb:19:in 'Skills::ReplaceUserSkills#call'
  [1m[36mSkill Load (0.9ms)[0m  [1m[34mSELECT "skills".* FROM "skills" INNER JOIN "user_skills" ON "skills"."id" = "user_skills"."skill_id" WHERE "user_skills"."user_id" = 'c4b38885-f504-4898-906b-24941fabb892' /*action='update',application='Backend',controller='skills'*/[0m
  ↳ app/services/skills/replace_user_skills.rb:30:in 'Skills::ReplaceUserSkills#call'
[active_model_serializers]   [1m[36mSkill Load (1.1ms)[0m  [1m[34mSELECT "skills".* FROM "skills" INNER JOIN "user_skills" ON "skills"."id" = "user_skills"."skill_id" WHERE "user_skills"."user_id" = 'c4b38885-f504-4898-906b-24941fabb892' ORDER BY "skills"."name" ASC /*action='update',application='Backend',controller='skills'*/[0m
[active_model_serializers]   ↳ app/controllers/api/v1/me/skills_controller.rb:28:in 'Api::V1::Me::SkillsController#update'
[active_model_serializers] Rendered ActiveModel::Serializer::CollectionSerializer with ActiveModelSerializers::Adapter::Attributes (0.43ms)
[active_model_serializers] Rendered ActiveModel::Serializer::Null with Hash (0.15ms)
Completed 200 OK in 103ms (Views: 1.0ms | ActiveRecord: 30.8ms (20 queries, 0 cached) | GC: 0.0ms)


Started PATCH "/api/v1/me/profile" for 127.0.0.1 at 2026-09-19 14:18:53 +0300
Processing by Api::V1::Me::ProfilesController#update as JSON
  Parameters: {"user" => {"name" => "plumbing"}, "profile" => {"birthdate" => nil, "university" => "UCSD", "major" => "Product Design", "tagline" => "Builder · Designer · Dreamer", "bio" => "i am GREAT", "looking_for" => "project_collaborators"}}
  [1m[36mUser Load (3.8ms)[0m  [1m[34mSELECT "users".* FROM "users" WHERE "users"."id" = 'c4b38885-f504-4898-906b-24941fabb892' ORDER BY "users"."id" ASC LIMIT 1 /*action='update',application='Backend',controller='profiles'*/[0m
  ↳ app/controllers/api/v1/application_controller.rb:49:in 'Api::V1::ApplicationController#authenticate_user!'
  [1m[36mProfile Load (2.0ms)[0m  [1m[34mSELECT "profiles".* FROM "profiles" WHERE "profiles"."user_id" = 'c4b38885-f504-4898-906b-24941fabb892' LIMIT 1 /*action='update',application='Backend',controller='profiles'*/[0m
  ↳ app/controllers/api/v1/me/profiles_controller.rb:26:in 'Api::V1::Me::ProfilesController#update'
  [1m[36mTRANSACTION (0.9ms)[0m  [1m[35mBEGIN /*action='update',application='Backend',controller='profiles'*/[0m
  ↳ app/controllers/api/v1/me/profiles_controller.rb:33:in 'block in Api::V1::Me::ProfilesController#update'
  [1m[36mProfile Update (4.4ms)[0m  [1m[33mUPDATE "profiles" SET "major" = 'Product Design', "updated_at" = '2026-09-19 11:18:53.754951' WHERE "profiles"."id" = '3ba948ec-9db5-4762-82d8-fcf9e4d3b990' /*action='update',application='Backend',controller='profiles'*/[0m
  ↳ app/controllers/api/v1/me/profiles_controller.rb:33:in 'block in Api::V1::Me::ProfilesController#update'
  [1m[36mTRANSACTION (2.8ms)[0m  [1m[35mCOMMIT /*action='update',application='Backend',controller='profiles'*/[0m
  ↳ app/controllers/api/v1/me/profiles_controller.rb:28:in 'Api::V1::Me::ProfilesController#update'
  [1m[36mProfile Load (1.1ms)[0m  [1m[34mSELECT "profiles".* FROM "profiles" WHERE "profiles"."id" = '3ba948ec-9db5-4762-82d8-fcf9e4d3b990' LIMIT 1 /*action='update',application='Backend',controller='profiles'*/[0m
  ↳ app/controllers/api/v1/me/profiles_controller.rb:38:in 'Api::V1::Me::ProfilesController#update'
[active_model_serializers]   [1m[36mUser Load (0.8ms)[0m  [1m[34mSELECT "users".* FROM "users" WHERE "users"."id" = 'c4b38885-f504-4898-906b-24941fabb892' LIMIT 1 /*action='update',application='Backend',controller='profiles'*/[0m
[active_model_serializers]   ↳ app/serializers/profile_serializer.rb:29:in 'ProfileSerializer#user'
[active_model_serializers] Rendered ProfileSerializer with ActiveModelSerializers::Adapter::Attributes (4.36ms)
[active_model_serializers]   [1m[36mInterest Load (1.8ms)[0m  [1m[34mSELECT "interests".* FROM "interests" INNER JOIN "user_interests" ON "interests"."id" = "user_interests"."interest_id" WHERE "user_interests"."user_id" = 'c4b38885-f504-4898-906b-24941fabb892' /*action='update',application='Backend',controller='profiles'*/[0m
[active_model_serializers]   ↳ app/controllers/api/v1/me/profiles_controller.rb:43:in 'Api::V1::Me::ProfilesController#update'
[active_model_serializers]   [1m[36mSkill Load (1.1ms)[0m  [1m[34mSELECT "skills".* FROM "skills" INNER JOIN "user_skills" ON "skills"."id" = "user_skills"."skill_id" WHERE "user_skills"."user_id" = 'c4b38885-f504-4898-906b-24941fabb892' /*action='update',application='Backend',controller='profiles'*/[0m
[active_model_serializers]   ↳ app/controllers/api/v1/me/profiles_controller.rb:43:in 'Api::V1::Me::ProfilesController#update'
[active_model_serializers]   [1m[36mPortfolioLink Load (0.9ms)[0m  [1m[34mSELECT "portfolio_links".* FROM "portfolio_links" WHERE "portfolio_links"."user_id" = 'c4b38885-f504-4898-906b-24941fabb892' /*action='update',application='Backend',controller='profiles'*/[0m
[active_model_serializers]   ↳ app/controllers/api/v1/me/profiles_controller.rb:43:in 'Api::V1::Me::ProfilesController#update'
[active_model_serializers] Rendered ActiveModel::Serializer::Null with Hash (17.87ms)
Completed 200 OK in 80ms (Views: 15.0ms | ActiveRecord: 19.5ms (8 queries, 0 cached) | GC: 0.0ms)


Started PUT "/api/v1/me/interests" for 127.0.0.1 at 2026-09-19 14:18:53 +0300
Processing by Api::V1::Me::InterestsController#update as JSON
  Parameters: {"interests" => ["Basketball", "Design", "Product", "Tech"], "interest" => {}}
  [1m[36mUser Load (0.9ms)[0m  [1m[34mSELECT "users".* FROM "users" WHERE "users"."id" = 'c4b38885-f504-4898-906b-24941fabb892' ORDER BY "users"."id" ASC LIMIT 1 /*action='update',application='Backend',controller='interests'*/[0m
  ↳ app/controllers/api/v1/application_controller.rb:49:in 'Api::V1::ApplicationController#authenticate_user!'
  [1m[36mInterest Pluck (1.1ms)[0m  [1m[34mSELECT "interests"."id" FROM "interests" INNER JOIN "user_interests" ON "interests"."id" = "user_interests"."interest_id" WHERE "user_interests"."user_id" = 'c4b38885-f504-4898-906b-24941fabb892' AND "interests"."is_custom" = TRUE /*action='update',application='Backend',controller='interests'*/[0m
  ↳ app/services/interests/replace_user_interests.rb:19:in 'Interests::ReplaceUserInterests#call'
  [1m[36mTRANSACTION (0.8ms)[0m  [1m[35mBEGIN /*action='update',application='Backend',controller='interests'*/[0m
  ↳ app/services/interests/replace_user_interests.rb:22:in 'block in Interests::ReplaceUserInterests#call'
  [1m[36mUserInterest Load (3.8ms)[0m  [1m[34mSELECT "user_interests".* FROM "user_interests" WHERE "user_interests"."user_id" = 'c4b38885-f504-4898-906b-24941fabb892' /*action='update',application='Backend',controller='interests'*/[0m
  ↳ app/services/interests/replace_user_interests.rb:22:in 'block in Interests::ReplaceUserInterests#call'
  [1m[36mUserInterest Destroy (1.0ms)[0m  [1m[31mDELETE FROM "user_interests" WHERE "user_interests"."id" = 'd4d9ced1-fd8d-42aa-b54f-38d484a1e03f' /*action='update',application='Backend',controller='interests'*/[0m
  ↳ app/services/interests/replace_user_interests.rb:22:in 'block in Interests::ReplaceUserInterests#call'
  [1m[36mUserInterest Destroy (1.1ms)[0m  [1m[31mDELETE FROM "user_interests" WHERE "user_interests"."id" = '0e993e00-b201-40fa-a04c-22b8bc201a54' /*action='update',application='Backend',controller='interests'*/[0m
  ↳ app/services/interests/replace_user_interests.rb:22:in 'block in Interests::ReplaceUserInterests#call'
  [1m[36mUserInterest Destroy (0.9ms)[0m  [1m[31mDELETE FROM "user_interests" WHERE "user_interests"."id" = 'bf0bd2c0-af45-4081-bfda-b6ac9f17ac48' /*action='update',application='Backend',controller='interests'*/[0m
  ↳ app/services/interests/replace_user_interests.rb:22:in 'block in Interests::ReplaceUserInterests#call'
  [1m[36mUserInterest Destroy (1.1ms)[0m  [1m[31mDELETE FROM "user_interests" WHERE "user_interests"."id" = '97cfeab0-a4b6-4410-9878-900beab4db50' /*action='update',application='Backend',controller='interests'*/[0m
  ↳ app/services/interests/replace_user_interests.rb:22:in 'block in Interests::ReplaceUserInterests#call'
  [1m[36mInterest Load (0.8ms)[0m  [1m[34mSELECT "interests".* FROM "interests" WHERE (LOWER(name) = 'basketball') LIMIT 1 /*action='update',application='Backend',controller='interests'*/[0m
  ↳ app/services/interests/replace_user_interests.rb:47:in 'Interests::ReplaceUserInterests#find_or_create_interest'
  [1m[36mUserInterest Exists? (1.0ms)[0m  [1m[34mSELECT 1 AS one FROM "user_interests" WHERE "user_interests"."user_id" = 'c4b38885-f504-4898-906b-24941fabb892' AND "user_interests"."interest_id" = 'e984a1a9-0a69-48bd-9e87-2f21fe653067' LIMIT 1 /*action='update',application='Backend',controller='interests'*/[0m
  ↳ app/services/interests/replace_user_interests.rb:26:in 'block (2 levels) in Interests::ReplaceUserInterests#call'
  [1m[36mUserInterest Create (1.2ms)[0m  [1m[32mINSERT INTO "user_interests" ("created_at", "interest_id", "updated_at", "user_id") VALUES ('2026-09-19 11:18:53.857286', 'e984a1a9-0a69-48bd-9e87-2f21fe653067', '2026-09-19 11:18:53.857286', 'c4b38885-f504-4898-906b-24941fabb892') RETURNING "id" /*action='update',application='Backend',controller='interests'*/[0m
  ↳ app/services/interests/replace_user_interests.rb:26:in 'block (2 levels) in Interests::ReplaceUserInterests#call'
  [1m[36mInterest Load (1.1ms)[0m  [1m[34mSELECT "interests".* FROM "interests" WHERE (LOWER(name) = 'design') LIMIT 1 /*action='update',application='Backend',controller='interests'*/[0m
  ↳ app/services/interests/replace_user_interests.rb:47:in 'Interests::ReplaceUserInterests#find_or_create_interest'
  [1m[36mUserInterest Exists? (1.0ms)[0m  [1m[34mSELECT 1 AS one FROM "user_interests" WHERE "user_interests"."user_id" = 'c4b38885-f504-4898-906b-24941fabb892' AND "user_interests"."interest_id" = '9b1c878f-8438-4ef9-9026-eff93e495a25' LIMIT 1 /*action='update',application='Backend',controller='interests'*/[0m
  ↳ app/services/interests/replace_user_interests.rb:26:in 'block (2 levels) in Interests::ReplaceUserInterests#call'
  [1m[36mUserInterest Create (1.6ms)[0m  [1m[32mINSERT INTO "user_interests" ("created_at", "interest_id", "updated_at", "user_id") VALUES ('2026-09-19 11:18:53.876403', '9b1c878f-8438-4ef9-9026-eff93e495a25', '2026-09-19 11:18:53.876403', 'c4b38885-f504-4898-906b-24941fabb892') RETURNING "id" /*action='update',application='Backend',controller='interests'*/[0m
  ↳ app/services/interests/replace_user_interests.rb:26:in 'block (2 levels) in Interests::ReplaceUserInterests#call'
  [1m[36mInterest Load (0.9ms)[0m  [1m[34mSELECT "interests".* FROM "interests" WHERE (LOWER(name) = 'product') LIMIT 1 /*action='update',application='Backend',controller='interests'*/[0m
  ↳ app/services/interests/replace_user_interests.rb:47:in 'Interests::ReplaceUserInterests#find_or_create_interest'
  [1m[36mUserInterest Exists? (1.0ms)[0m  [1m[34mSELECT 1 AS one FROM "user_interests" WHERE "user_interests"."user_id" = 'c4b38885-f504-4898-906b-24941fabb892' AND "user_interests"."interest_id" = '8abcd59d-cff0-4751-a8bc-6b99e9dd2f44' LIMIT 1 /*action='update',application='Backend',controller='interests'*/[0m
  ↳ app/services/interests/replace_user_interests.rb:26:in 'block (2 levels) in Interests::ReplaceUserInterests#call'
  [1m[36mUserInterest Create (0.8ms)[0m  [1m[32mINSERT INTO "user_interests" ("created_at", "interest_id", "updated_at", "user_id") VALUES ('2026-09-19 11:18:53.889775', '8abcd59d-cff0-4751-a8bc-6b99e9dd2f44', '2026-09-19 11:18:53.889775', 'c4b38885-f504-4898-906b-24941fabb892') RETURNING "id" /*action='update',application='Backend',controller='interests'*/[0m
  ↳ app/services/interests/replace_user_interests.rb:26:in 'block (2 levels) in Interests::ReplaceUserInterests#call'
  [1m[36mInterest Load (1.3ms)[0m  [1m[34mSELECT "interests".* FROM "interests" WHERE (LOWER(name) = 'tech') LIMIT 1 /*action='update',application='Backend',controller='interests'*/[0m
  ↳ app/services/interests/replace_user_interests.rb:47:in 'Interests::ReplaceUserInterests#find_or_create_interest'
  [1m[36mUserInterest Exists? (0.9ms)[0m  [1m[34mSELECT 1 AS one FROM "user_interests" WHERE "user_interests"."user_id" = 'c4b38885-f504-4898-906b-24941fabb892' AND "user_interests"."interest_id" = 'c4787a80-3ff4-4165-a39e-5088823abcc1' LIMIT 1 /*action='update',application='Backend',controller='interests'*/[0m
  ↳ app/services/interests/replace_user_interests.rb:26:in 'block (2 levels) in Interests::ReplaceUserInterests#call'
  [1m[36mUserInterest Create (0.8ms)[0m  [1m[32mINSERT INTO "user_interests" ("created_at", "interest_id", "updated_at", "user_id") VALUES ('2026-09-19 11:18:53.902869', 'c4787a80-3ff4-4165-a39e-5088823abcc1', '2026-09-19 11:18:53.902869', 'c4b38885-f504-4898-906b-24941fabb892') RETURNING "id" /*action='update',application='Backend',controller='interests'*/[0m
  ↳ app/services/interests/replace_user_interests.rb:26:in 'block (2 levels) in Interests::ReplaceUserInterests#call'
  [1m[36mInterest Delete All (1.4ms)[0m  [1m[31mDELETE FROM "interests" WHERE ("interests"."id") IN (SELECT "interests"."id" FROM "interests" LEFT OUTER JOIN "user_interests" ON "user_interests"."interest_id" = "interests"."id" WHERE "interests"."id" IN ('9b1c878f-8438-4ef9-9026-eff93e495a25', '8abcd59d-cff0-4751-a8bc-6b99e9dd2f44', 'c4787a80-3ff4-4165-a39e-5088823abcc1', 'e984a1a9-0a69-48bd-9e87-2f21fe653067') AND "interests"."is_custom" = TRUE AND "user_interests"."id" IS NULL) /*action='update',application='Backend',controller='interests'*/[0m
  ↳ app/services/interests/replace_user_interests.rb:60:in 'Interests::ReplaceUserInterests#cleanup_orphaned_custom_interests'
  [1m[36mTRANSACTION (2.3ms)[0m  [1m[35mCOMMIT /*action='update',application='Backend',controller='interests'*/[0m
  ↳ app/services/interests/replace_user_interests.rb:21:in 'Interests::ReplaceUserInterests#call'
  [1m[36mInterest Load (1.1ms)[0m  [1m[34mSELECT "interests".* FROM "interests" INNER JOIN "user_interests" ON "interests"."id" = "user_interests"."interest_id" WHERE "user_interests"."user_id" = 'c4b38885-f504-4898-906b-24941fabb892' /*action='update',application='Backend',controller='interests'*/[0m
  ↳ app/services/interests/replace_user_interests.rb:32:in 'Interests::ReplaceUserInterests#call'
[active_model_serializers]   [1m[36mInterest Load (1.0ms)[0m  [1m[34mSELECT "interests".* FROM "interests" INNER JOIN "user_interests" ON "interests"."id" = "user_interests"."interest_id" WHERE "user_interests"."user_id" = 'c4b38885-f504-4898-906b-24941fabb892' ORDER BY "interests"."name" ASC /*action='update',application='Backend',controller='interests'*/[0m
[active_model_serializers]   ↳ app/controllers/api/v1/me/interests_controller.rb:28:in 'Api::V1::Me::InterestsController#update'
[active_model_serializers] Rendered ActiveModel::Serializer::CollectionSerializer with ActiveModelSerializers::Adapter::Attributes (0.6ms)
[active_model_serializers] Rendered ActiveModel::Serializer::Null with Hash (0.07ms)
Completed 200 OK in 143ms (Views: 0.8ms | ActiveRecord: 28.3ms (22 queries, 0 cached) | GC: 0.0ms)


Started PUT "/api/v1/me/skills" for 127.0.0.1 at 2026-09-19 14:18:53 +0300
Processing by Api::V1::Me::SkillsController#update as JSON
  Parameters: {"skills" => ["java", "python", "tech"], "skill" => {}}
  [1m[36mUser Load (1.0ms)[0m  [1m[34mSELECT "users".* FROM "users" WHERE "users"."id" = 'c4b38885-f504-4898-906b-24941fabb892' ORDER BY "users"."id" ASC LIMIT 1 /*action='update',application='Backend',controller='skills'*/[0m
  ↳ app/controllers/api/v1/application_controller.rb:49:in 'Api::V1::ApplicationController#authenticate_user!'
  [1m[36mSkill Pluck (0.9ms)[0m  [1m[34mSELECT "skills"."id" FROM "skills" INNER JOIN "user_skills" ON "skills"."id" = "user_skills"."skill_id" WHERE "user_skills"."user_id" = 'c4b38885-f504-4898-906b-24941fabb892' AND "skills"."is_custom" = TRUE /*action='update',application='Backend',controller='skills'*/[0m
  ↳ app/services/skills/replace_user_skills.rb:17:in 'Skills::ReplaceUserSkills#call'
  [1m[36mTRANSACTION (0.6ms)[0m  [1m[35mBEGIN /*action='update',application='Backend',controller='skills'*/[0m
  ↳ app/services/skills/replace_user_skills.rb:20:in 'block in Skills::ReplaceUserSkills#call'
  [1m[36mUserSkill Load (3.0ms)[0m  [1m[34mSELECT "user_skills".* FROM "user_skills" WHERE "user_skills"."user_id" = 'c4b38885-f504-4898-906b-24941fabb892' /*action='update',application='Backend',controller='skills'*/[0m
  ↳ app/services/skills/replace_user_skills.rb:20:in 'block in Skills::ReplaceUserSkills#call'
  [1m[36mUserSkill Destroy (0.8ms)[0m  [1m[31mDELETE FROM "user_skills" WHERE "user_skills"."id" = '687d2330-e183-444c-a1a3-2a9e6facf7f1' /*action='update',application='Backend',controller='skills'*/[0m
  ↳ app/services/skills/replace_user_skills.rb:20:in 'block in Skills::ReplaceUserSkills#call'
  [1m[36mUserSkill Destroy (0.9ms)[0m  [1m[31mDELETE FROM "user_skills" WHERE "user_skills"."id" = '8d99b35a-702a-4154-ab55-b43b8e3e45af' /*action='update',application='Backend',controller='skills'*/[0m
  ↳ app/services/skills/replace_user_skills.rb:20:in 'block in Skills::ReplaceUserSkills#call'
  [1m[36mUserSkill Destroy (0.8ms)[0m  [1m[31mDELETE FROM "user_skills" WHERE "user_skills"."id" = '2760b129-96f8-40e0-a33a-2fb636163ad5' /*action='update',application='Backend',controller='skills'*/[0m
  ↳ app/services/skills/replace_user_skills.rb:20:in 'block in Skills::ReplaceUserSkills#call'
  [1m[36mSkill Load (0.8ms)[0m  [1m[34mSELECT "skills".* FROM "skills" WHERE (LOWER(name) = 'java') LIMIT 1 /*action='update',application='Backend',controller='skills'*/[0m
  ↳ app/services/skills/replace_user_skills.rb:45:in 'Skills::ReplaceUserSkills#find_or_create_skill'
  [1m[36mUserSkill Exists? (0.8ms)[0m  [1m[34mSELECT 1 AS one FROM "user_skills" WHERE "user_skills"."user_id" = 'c4b38885-f504-4898-906b-24941fabb892' AND "user_skills"."skill_id" = 'b15b7dea-502c-4c79-8843-45f0ad42bed1' LIMIT 1 /*action='update',application='Backend',controller='skills'*/[0m
  ↳ app/services/skills/replace_user_skills.rb:24:in 'block (2 levels) in Skills::ReplaceUserSkills#call'
  [1m[36mUserSkill Create (1.1ms)[0m  [1m[32mINSERT INTO "user_skills" ("created_at", "skill_id", "updated_at", "user_id") VALUES ('2026-09-19 11:18:54.041202', 'b15b7dea-502c-4c79-8843-45f0ad42bed1', '2026-09-19 11:18:54.041202', 'c4b38885-f504-4898-906b-24941fabb892') RETURNING "id" /*action='update',application='Backend',controller='skills'*/[0m
  ↳ app/services/skills/replace_user_skills.rb:24:in 'block (2 levels) in Skills::ReplaceUserSkills#call'
  [1m[36mSkill Load (0.8ms)[0m  [1m[34mSELECT "skills".* FROM "skills" WHERE (LOWER(name) = 'python') LIMIT 1 /*action='update',application='Backend',controller='skills'*/[0m
  ↳ app/services/skills/replace_user_skills.rb:45:in 'Skills::ReplaceUserSkills#find_or_create_skill'
  [1m[36mUserSkill Exists? (0.7ms)[0m  [1m[34mSELECT 1 AS one FROM "user_skills" WHERE "user_skills"."user_id" = 'c4b38885-f504-4898-906b-24941fabb892' AND "user_skills"."skill_id" = '14ae77a5-47ab-435b-a222-21be620a1745' LIMIT 1 /*action='update',application='Backend',controller='skills'*/[0m
  ↳ app/services/skills/replace_user_skills.rb:24:in 'block (2 levels) in Skills::ReplaceUserSkills#call'
  [1m[36mUserSkill Create (0.9ms)[0m  [1m[32mINSERT INTO "user_skills" ("created_at", "skill_id", "updated_at", "user_id") VALUES ('2026-09-19 11:18:54.052197', '14ae77a5-47ab-435b-a222-21be620a1745', '2026-09-19 11:18:54.052197', 'c4b38885-f504-4898-906b-24941fabb892') RETURNING "id" /*action='update',application='Backend',controller='skills'*/[0m
  ↳ app/services/skills/replace_user_skills.rb:24:in 'block (2 levels) in Skills::ReplaceUserSkills#call'
  [1m[36mSkill Load (0.8ms)[0m  [1m[34mSELECT "skills".* FROM "skills" WHERE (LOWER(name) = 'tech') LIMIT 1 /*action='update',application='Backend',controller='skills'*/[0m
  ↳ app/services/skills/replace_user_skills.rb:45:in 'Skills::ReplaceUserSkills#find_or_create_skill'
  [1m[36mUserSkill Exists? (0.6ms)[0m  [1m[34mSELECT 1 AS one FROM "user_skills" WHERE "user_skills"."user_id" = 'c4b38885-f504-4898-906b-24941fabb892' AND "user_skills"."skill_id" = 'd99484a5-f66f-4d03-b96c-b075c83c5b1f' LIMIT 1 /*action='update',application='Backend',controller='skills'*/[0m
  ↳ app/services/skills/replace_user_skills.rb:24:in 'block (2 levels) in Skills::ReplaceUserSkills#call'
  [1m[36mUserSkill Create (1.1ms)[0m  [1m[32mINSERT INTO "user_skills" ("created_at", "skill_id", "updated_at", "user_id") VALUES ('2026-09-19 11:18:54.062199', 'd99484a5-f66f-4d03-b96c-b075c83c5b1f', '2026-09-19 11:18:54.062199', 'c4b38885-f504-4898-906b-24941fabb892') RETURNING "id" /*action='update',application='Backend',controller='skills'*/[0m
  ↳ app/services/skills/replace_user_skills.rb:24:in 'block (2 levels) in Skills::ReplaceUserSkills#call'
  [1m[36mSkill Delete All (1.3ms)[0m  [1m[31mDELETE FROM "skills" WHERE ("skills"."id") IN (SELECT "skills"."id" FROM "skills" LEFT OUTER JOIN "user_skills" ON "user_skills"."skill_id" = "skills"."id" WHERE "skills"."id" IN ('14ae77a5-47ab-435b-a222-21be620a1745', 'b15b7dea-502c-4c79-8843-45f0ad42bed1', 'd99484a5-f66f-4d03-b96c-b075c83c5b1f') AND "skills"."is_custom" = TRUE AND "user_skills"."id" IS NULL) /*action='update',application='Backend',controller='skills'*/[0m
  ↳ app/services/skills/replace_user_skills.rb:57:in 'Skills::ReplaceUserSkills#cleanup_orphaned_custom_skills'
  [1m[36mTRANSACTION (11.6ms)[0m  [1m[35mCOMMIT /*action='update',application='Backend',controller='skills'*/[0m
  ↳ app/services/skills/replace_user_skills.rb:19:in 'Skills::ReplaceUserSkills#call'
  [1m[36mSkill Load (3.3ms)[0m  [1m[34mSELECT "skills".* FROM "skills" INNER JOIN "user_skills" ON "skills"."id" = "user_skills"."skill_id" WHERE "user_skills"."user_id" = 'c4b38885-f504-4898-906b-24941fabb892' /*action='update',application='Backend',controller='skills'*/[0m
  ↳ app/services/skills/replace_user_skills.rb:30:in 'Skills::ReplaceUserSkills#call'
[active_model_serializers]   [1m[36mSkill Load (4.2ms)[0m  [1m[34mSELECT "skills".* FROM "skills" INNER JOIN "user_skills" ON "skills"."id" = "user_skills"."skill_id" WHERE "user_skills"."user_id" = 'c4b38885-f504-4898-906b-24941fabb892' ORDER BY "skills"."name" ASC /*action='update',application='Backend',controller='skills'*/[0m
[active_model_serializers]   ↳ app/controllers/api/v1/me/skills_controller.rb:28:in 'Api::V1::Me::SkillsController#update'
[active_model_serializers] Rendered ActiveModel::Serializer::CollectionSerializer with ActiveModelSerializers::Adapter::Attributes (1.19ms)
[active_model_serializers] Rendered ActiveModel::Serializer::Null with Hash (0.16ms)
Completed 200 OK in 145ms (Views: 2.1ms | ActiveRecord: 35.7ms (18 queries, 0 cached) | GC: 39.9ms)


Using vips to process variants requires the libvips library. Please install libvips using the instructions on the libvips website.
  [1m[36mUser Load (1.5ms)[0m  [1m[34mSELECT "users".* FROM "users" WHERE "users"."email" = 'ragadabdelwahab81@gmail.com' LIMIT 1 /*application='Backend'*/[0m
  [1m[36mConnection Load (5.2ms)[0m  [1m[34mSELECT "connections".* FROM "connections" WHERE "connections"."user_id" = 'c4b38885-f504-4898-906b-24941fabb892' /*application='Backend'*/[0m
Using vips to process variants requires the libvips library. Please install libvips using the instructions on the libvips website.
  [1m[36mUser Load (1.3ms)[0m  [1m[34mSELECT "users".* FROM "users" WHERE "users"."email" = 'ragadabdelwahab81@gmail.com' LIMIT 1 /*application='Backend'*/[0m
  [1m[36mTRANSACTION (1.0ms)[0m  [1m[35mBEGIN /*application='Backend'*/[0m
  [1m[36mUser Exists? (2.3ms)[0m  [1m[34mSELECT 1 AS one FROM "users" WHERE "users"."email" = 'swipe-test-1789819549@example.com' LIMIT 1 /*application='Backend'*/[0m
  [1m[36mUser Create (21.6ms)[0m  [1m[32mINSERT INTO "users" ("created_at", "current_sign_in_at", "current_sign_in_ip", "email", "encrypted_password", "last_sign_in_at", "last_sign_in_ip", "remember_created_at", "reset_password_sent_at", "reset_password_token", "sign_in_count", "updated_at", "name") VALUES ('2026-09-19 12:05:50.168268', NULL, NULL, 'swipe-test-1789819549@example.com', '$2a$12$hl0J9eIUfLI2EZ7JBkihGOBQZFWDgbjf2wKPBZJ6qzp.oq2D6hvf.', NULL, NULL, NULL, NULL, NULL, 0, '2026-09-19 12:05:50.168268', NULL) RETURNING "id" /*application='Backend'*/[0m
  [1m[36mProfile Create (2.0ms)[0m  [1m[32mINSERT INTO "profiles" ("bio", "birthdate", "created_at", "looking_for", "major", "profile_visibility", "show_on_explore", "tagline", "university", "updated_at", "user_id") VALUES (NULL, NULL, '2026-09-19 12:05:50.212454', 0, NULL, 0, TRUE, NULL, NULL, '2026-09-19 12:05:50.212454', '365c08a5-fe90-4923-9502-a78fbbdf6567') RETURNING "id" /*application='Backend'*/[0m
  [1m[36mProfile Load (1.0ms)[0m  [1m[34mSELECT "profiles".* FROM "profiles" WHERE "profiles"."user_id" = '365c08a5-fe90-4923-9502-a78fbbdf6567' LIMIT 1 /*application='Backend'*/[0m
  [1m[36mUserSetting Create (5.0ms)[0m  [1m[32mINSERT INTO "user_settings" ("user_id", "notify_email", "notify_push", "notify_matches", "notify_messages", "notify_project_updates", "show_online_status", "show_last_active", "theme", "language", "discovery_radius", "created_at", "updated_at") VALUES ('365c08a5-fe90-4923-9502-a78fbbdf6567', TRUE, TRUE, TRUE, TRUE, TRUE, TRUE, TRUE, 'system', 'en', 50, '2026-09-19 12:05:50.232066', '2026-09-19 12:05:50.232066') RETURNING "id" /*application='Backend'*/[0m
  [1m[36mUserSetting Load (1.2ms)[0m  [1m[34mSELECT "user_settings".* FROM "user_settings" WHERE "user_settings"."user_id" = '365c08a5-fe90-4923-9502-a78fbbdf6567' LIMIT 1 /*application='Backend'*/[0m
  [1m[36mTRANSACTION (2.3ms)[0m  [1m[35mCOMMIT /*application='Backend'*/[0m
Started GET "/api/v1/auth/me" for 127.0.0.1 at 2026-09-19 15:06:28 +0300
Processing by Api::V1::Auth::SessionsController#show as JSON
  [1m[36mUser Load (2.0ms)[0m  [1m[34mSELECT "users".* FROM "users" WHERE "users"."id" = 'c4b38885-f504-4898-906b-24941fabb892' ORDER BY "users"."id" ASC LIMIT 1 /*action='show',application='Backend',controller='sessions'*/[0m
  ↳ app/controllers/api/v1/application_controller.rb:49:in 'Api::V1::ApplicationController#authenticate_user!'
  [1m[36mProfile Load (1.2ms)[0m  [1m[34mSELECT "profiles".* FROM "profiles" WHERE "profiles"."user_id" = 'c4b38885-f504-4898-906b-24941fabb892' LIMIT 1 /*action='show',application='Backend',controller='sessions'*/[0m
  ↳ app/controllers/api/v1/auth/sessions_controller.rb:74:in 'Api::V1::Auth::SessionsController#user_payload'
[active_model_serializers] Rendered ProfileSerializer with ActiveModelSerializers::Adapter::Attributes (4.22ms)
[active_model_serializers]   [1m[36mInterest Load (2.1ms)[0m  [1m[34mSELECT "interests".* FROM "interests" INNER JOIN "user_interests" ON "interests"."id" = "user_interests"."interest_id" WHERE "user_interests"."user_id" = 'c4b38885-f504-4898-906b-24941fabb892' /*action='show',application='Backend',controller='sessions'*/[0m
[active_model_serializers]   ↳ app/controllers/api/v1/auth/sessions_controller.rb:43:in 'Api::V1::Auth::SessionsController#show'
[active_model_serializers]   [1m[36mSkill Load (2.1ms)[0m  [1m[34mSELECT "skills".* FROM "skills" INNER JOIN "user_skills" ON "skills"."id" = "user_skills"."skill_id" WHERE "user_skills"."user_id" = 'c4b38885-f504-4898-906b-24941fabb892' /*action='show',application='Backend',controller='sessions'*/[0m
[active_model_serializers]   ↳ app/controllers/api/v1/auth/sessions_controller.rb:43:in 'Api::V1::Auth::SessionsController#show'
[active_model_serializers]   [1m[36mPortfolioLink Load (1.5ms)[0m  [1m[34mSELECT "portfolio_links".* FROM "portfolio_links" WHERE "portfolio_links"."user_id" = 'c4b38885-f504-4898-906b-24941fabb892' /*action='show',application='Backend',controller='sessions'*/[0m
[active_model_serializers]   ↳ app/controllers/api/v1/auth/sessions_controller.rb:43:in 'Api::V1::Auth::SessionsController#show'
[active_model_serializers] Rendered ActiveModel::Serializer::Null with Hash (27.65ms)
Completed 200 OK in 129ms (Views: 24.0ms | ActiveRecord: 20.2ms (5 queries, 0 cached) | GC: 15.2ms)


Started GET "/api/v1/auth/me" for 127.0.0.1 at 2026-09-19 15:06:28 +0300
Processing by Api::V1::Auth::SessionsController#show as JSON
  [1m[36mUser Load (1.3ms)[0m  [1m[34mSELECT "users".* FROM "users" WHERE "users"."id" = 'c4b38885-f504-4898-906b-24941fabb892' ORDER BY "users"."id" ASC LIMIT 1 /*action='show',application='Backend',controller='sessions'*/[0m
  ↳ app/controllers/api/v1/application_controller.rb:49:in 'Api::V1::ApplicationController#authenticate_user!'
  [1m[36mProfile Load (0.9ms)[0m  [1m[34mSELECT "profiles".* FROM "profiles" WHERE "profiles"."user_id" = 'c4b38885-f504-4898-906b-24941fabb892' LIMIT 1 /*action='show',application='Backend',controller='sessions'*/[0m
  ↳ app/controllers/api/v1/auth/sessions_controller.rb:74:in 'Api::V1::Auth::SessionsController#user_payload'
[active_model_serializers] Rendered ProfileSerializer with ActiveModelSerializers::Adapter::Attributes (1.99ms)
[active_model_serializers]   [1m[36mInterest Load (1.1ms)[0m  [1m[34mSELECT "interests".* FROM "interests" INNER JOIN "user_interests" ON "interests"."id" = "user_interests"."interest_id" WHERE "user_interests"."user_id" = 'c4b38885-f504-4898-906b-24941fabb892' /*action='show',application='Backend',controller='sessions'*/[0m
[active_model_serializers]   ↳ app/controllers/api/v1/auth/sessions_controller.rb:43:in 'Api::V1::Auth::SessionsController#show'
[active_model_serializers]   [1m[36mSkill Load (0.9ms)[0m  [1m[34mSELECT "skills".* FROM "skills" INNER JOIN "user_skills" ON "skills"."id" = "user_skills"."skill_id" WHERE "user_skills"."user_id" = 'c4b38885-f504-4898-906b-24941fabb892' /*action='show',application='Backend',controller='sessions'*/[0m
[active_model_serializers]   ↳ app/controllers/api/v1/auth/sessions_controller.rb:43:in 'Api::V1::Auth::SessionsController#show'
[active_model_serializers]   [1m[36mPortfolioLink Load (1.1ms)[0m  [1m[34mSELECT "portfolio_links".* FROM "portfolio_links" WHERE "portfolio_links"."user_id" = 'c4b38885-f504-4898-906b-24941fabb892' /*action='show',application='Backend',controller='sessions'*/[0m
[active_model_serializers]   ↳ app/controllers/api/v1/auth/sessions_controller.rb:43:in 'Api::V1::Auth::SessionsController#show'
[active_model_serializers] Rendered ActiveModel::Serializer::Null with Hash (26.22ms)
Completed 200 OK in 40ms (Views: 24.1ms | ActiveRecord: 5.3ms (5 queries, 0 cached) | GC: 3.0ms)


Started GET "/api/v1/health" for 127.0.0.1 at 2026-09-19 15:06:28 +0300
Processing by Api::V1::HealthController#show as JSON
  [1m[35m (0.9ms)[0m  [1m[34mSELECT 1 /*action='show',application='Backend',controller='health'*/[0m
  ↳ app/controllers/api/v1/health_controller.rb:29:in 'Api::V1::HealthController#database_reachable?'
  [1m[36mUser Load (1.1ms)[0m  [1m[34mSELECT "users".* FROM "users" WHERE "users"."id" = 'c4b38885-f504-4898-906b-24941fabb892' ORDER BY "users"."id" ASC LIMIT 1 /*action='show',application='Backend',controller='health'*/[0m
  ↳ app/controllers/api/v1/health_controller.rb:17:in 'Api::V1::HealthController#show'
[active_model_serializers] Rendered ActiveModel::Serializer::Null with Hash (0.15ms)
Completed 200 OK in 10ms (Views: 6.5ms | ActiveRecord: 2.0ms (2 queries, 0 cached) | GC: 0.0ms)


Started GET "/api/v1/health" for 127.0.0.1 at 2026-09-19 15:06:28 +0300
Processing by Api::V1::HealthController#show as JSON
  [1m[35m (0.7ms)[0m  [1m[34mSELECT 1 /*action='show',application='Backend',controller='health'*/[0m
  ↳ app/controllers/api/v1/health_controller.rb:29:in 'Api::V1::HealthController#database_reachable?'
  [1m[36mUser Load (1.0ms)[0m  [1m[34mSELECT "users".* FROM "users" WHERE "users"."id" = 'c4b38885-f504-4898-906b-24941fabb892' ORDER BY "users"."id" ASC LIMIT 1 /*action='show',application='Backend',controller='health'*/[0m
  ↳ app/controllers/api/v1/health_controller.rb:17:in 'Api::V1::HealthController#show'
[active_model_serializers] Rendered ActiveModel::Serializer::Null with Hash (0.05ms)
Completed 200 OK in 9ms (Views: 3.9ms | ActiveRecord: 1.7ms (2 queries, 0 cached) | GC: 1.5ms)


  [1m[36mTRANSACTION (0.6ms)[0m  [1m[35mBEGIN /*application='Backend'*/[0m
  [1m[36mUser Update (23.2ms)[0m  [1m[33mUPDATE "users" SET "updated_at" = '2026-09-19 12:20:58.910311', "name" = 'Test Swiper' WHERE "users"."id" = '365c08a5-fe90-4923-9502-a78fbbdf6567' /*application='Backend'*/[0m
  [1m[36mTRANSACTION (3.0ms)[0m  [1m[35mCOMMIT /*application='Backend'*/[0m
  [1m[36mTRANSACTION (0.8ms)[0m  [1m[35mBEGIN /*application='Backend'*/[0m
  [1m[36mProfile Update (2.8ms)[0m  [1m[33mUPDATE "profiles" SET "major" = 'Testing', "university" = 'Test U', "updated_at" = '2026-09-19 12:21:00.464294' WHERE "profiles"."id" = 'b0cc63d4-70cd-4a99-931d-f455736bc89b' /*application='Backend'*/[0m
  [1m[36mTRANSACTION (20.3ms)[0m  [1m[35mCOMMIT /*application='Backend'*/[0m
  [1m[36mTRANSACTION (0.7ms)[0m  [1m[35mBEGIN /*application='Backend'*/[0m
  [1m[36mConnection Exists? (2.6ms)[0m  [1m[34mSELECT 1 AS one FROM "connections" WHERE "connections"."user_id" = '365c08a5-fe90-4923-9502-a78fbbdf6567' AND "connections"."target_user_id" = 'c4b38885-f504-4898-906b-24941fabb892' LIMIT 1 /*application='Backend'*/[0m
  [1m[36mConnection Create (3.1ms)[0m  [1m[32mINSERT INTO "connections" ("user_id", "target_user_id", "status", "created_at", "updated_at") VALUES ('365c08a5-fe90-4923-9502-a78fbbdf6567', 'c4b38885-f504-4898-906b-24941fabb892', 1, '2026-09-19 12:21:00.533782', '2026-09-19 12:21:00.533782') RETURNING "id" /*application='Backend'*/[0m
  [1m[36mTRANSACTION (1.8ms)[0m  [1m[35mCOMMIT /*application='Backend'*/[0m
  [1m[36mTRANSACTION (0.7ms)[0m  [1m[35mBEGIN /*application='Backend'*/[0m
  [1m[36mConnection Exists? (1.9ms)[0m  [1m[34mSELECT 1 AS one FROM "connections" WHERE "connections"."user_id" = '365c08a5-fe90-4923-9502-a78fbbdf6567' AND "connections"."target_user_id" = 'c4b38885-f504-4898-906b-24941fabb892' LIMIT 1 /*application='Backend'*/[0m
  [1m[36mTRANSACTION (1.1ms)[0m  [1m[31mROLLBACK /*application='Backend'*/[0m
  [1m[36mUser Load (1.5ms)[0m  [1m[34mSELECT "users".* FROM "users" WHERE "users"."id" = '365c08a5-fe90-4923-9502-a78fbbdf6567' LIMIT 1 /*application='Backend'*/[0m
  [1m[36mProfile Load (1.3ms)[0m  [1m[34mSELECT "profiles".* FROM "profiles" WHERE "profiles"."user_id" = '365c08a5-fe90-4923-9502-a78fbbdf6567' LIMIT 1 /*application='Backend'*/[0m
  [1m[36mConnection Load (1.5ms)[0m  [1m[34mSELECT "connections".* FROM "connections" WHERE "connections"."user_id" = '365c08a5-fe90-4923-9502-a78fbbdf6567' ORDER BY "connections"."id" ASC LIMIT 1 /*application='Backend'*/[0m
Using vips to process variants requires the libvips library. Please install libvips using the instructions on the libvips website.
Started GET "/api/v1/auth/me" for 127.0.0.1 at 2026-09-19 15:24:52 +0300
  [1m[36mActiveRecord::SchemaMigration Load (1.9ms)[0m  [1m[34mSELECT "schema_migrations"."version" FROM "schema_migrations" ORDER BY "schema_migrations"."version" ASC /*application='Backend'*/[0m
Processing by Api::V1::Auth::SessionsController#show as JSON
  [1m[36mUser Load (1.4ms)[0m  [1m[34mSELECT "users".* FROM "users" WHERE "users"."id" = 'c4b38885-f504-4898-906b-24941fabb892' ORDER BY "users"."id" ASC LIMIT 1 /*action='show',application='Backend',controller='sessions'*/[0m
  ↳ app/controllers/api/v1/application_controller.rb:49:in 'Api::V1::ApplicationController#authenticate_user!'
  [1m[36mProfile Load (1.3ms)[0m  [1m[34mSELECT "profiles".* FROM "profiles" WHERE "profiles"."user_id" = 'c4b38885-f504-4898-906b-24941fabb892' LIMIT 1 /*action='show',application='Backend',controller='sessions'*/[0m
  ↳ app/controllers/api/v1/auth/sessions_controller.rb:74:in 'Api::V1::Auth::SessionsController#user_payload'
[active_model_serializers] Rendered ProfileSerializer with ActiveModelSerializers::Adapter::Attributes (29.25ms)
[active_model_serializers]   [1m[36mInterest Load (2.4ms)[0m  [1m[34mSELECT "interests".* FROM "interests" INNER JOIN "user_interests" ON "interests"."id" = "user_interests"."interest_id" WHERE "user_interests"."user_id" = 'c4b38885-f504-4898-906b-24941fabb892' /*action='show',application='Backend',controller='sessions'*/[0m
[active_model_serializers]   ↳ app/controllers/api/v1/auth/sessions_controller.rb:43:in 'Api::V1::Auth::SessionsController#show'
[active_model_serializers]   [1m[36mSkill Load (1.9ms)[0m  [1m[34mSELECT "skills".* FROM "skills" INNER JOIN "user_skills" ON "skills"."id" = "user_skills"."skill_id" WHERE "user_skills"."user_id" = 'c4b38885-f504-4898-906b-24941fabb892' /*action='show',application='Backend',controller='sessions'*/[0m
[active_model_serializers]   ↳ app/controllers/api/v1/auth/sessions_controller.rb:43:in 'Api::V1::Auth::SessionsController#show'
[active_model_serializers]   [1m[36mPortfolioLink Load (1.5ms)[0m  [1m[34mSELECT "portfolio_links".* FROM "portfolio_links" WHERE "portfolio_links"."user_id" = 'c4b38885-f504-4898-906b-24941fabb892' /*action='show',application='Backend',controller='sessions'*/[0m
[active_model_serializers]   ↳ app/controllers/api/v1/auth/sessions_controller.rb:43:in 'Api::V1::Auth::SessionsController#show'
[active_model_serializers] Rendered ActiveModel::Serializer::Null with Hash (76.09ms)
Completed 200 OK in 269ms (Views: 51.7ms | ActiveRecord: 103.5ms (5 queries, 0 cached) | GC: 47.7ms)


Started GET "/api/v1/auth/me" for 127.0.0.1 at 2026-09-19 15:24:52 +0300
Processing by Api::V1::Auth::SessionsController#show as JSON
  [1m[36mUser Load (2.1ms)[0m  [1m[34mSELECT "users".* FROM "users" WHERE "users"."id" = 'c4b38885-f504-4898-906b-24941fabb892' ORDER BY "users"."id" ASC LIMIT 1 /*action='show',application='Backend',controller='sessions'*/[0m
  ↳ app/controllers/api/v1/application_controller.rb:49:in 'Api::V1::ApplicationController#authenticate_user!'
  [1m[36mProfile Load (1.3ms)[0m  [1m[34mSELECT "profiles".* FROM "profiles" WHERE "profiles"."user_id" = 'c4b38885-f504-4898-906b-24941fabb892' LIMIT 1 /*action='show',application='Backend',controller='sessions'*/[0m
  ↳ app/controllers/api/v1/auth/sessions_controller.rb:74:in 'Api::V1::Auth::SessionsController#user_payload'
[active_model_serializers] Rendered ProfileSerializer with ActiveModelSerializers::Adapter::Attributes (1.84ms)
[active_model_serializers]   [1m[36mInterest Load (1.6ms)[0m  [1m[34mSELECT "interests".* FROM "interests" INNER JOIN "user_interests" ON "interests"."id" = "user_interests"."interest_id" WHERE "user_interests"."user_id" = 'c4b38885-f504-4898-906b-24941fabb892' /*action='show',application='Backend',controller='sessions'*/[0m
[active_model_serializers]   ↳ app/controllers/api/v1/auth/sessions_controller.rb:43:in 'Api::V1::Auth::SessionsController#show'
[active_model_serializers]   [1m[36mSkill Load (1.6ms)[0m  [1m[34mSELECT "skills".* FROM "skills" INNER JOIN "user_skills" ON "skills"."id" = "user_skills"."skill_id" WHERE "user_skills"."user_id" = 'c4b38885-f504-4898-906b-24941fabb892' /*action='show',application='Backend',controller='sessions'*/[0m
[active_model_serializers]   ↳ app/controllers/api/v1/auth/sessions_controller.rb:43:in 'Api::V1::Auth::SessionsController#show'
[active_model_serializers]   [1m[36mPortfolioLink Load (1.5ms)[0m  [1m[34mSELECT "portfolio_links".* FROM "portfolio_links" WHERE "portfolio_links"."user_id" = 'c4b38885-f504-4898-906b-24941fabb892' /*action='show',application='Backend',controller='sessions'*/[0m
[active_model_serializers]   ↳ app/controllers/api/v1/auth/sessions_controller.rb:43:in 'Api::V1::Auth::SessionsController#show'
[active_model_serializers] Rendered ActiveModel::Serializer::Null with Hash (26.96ms)
Completed 200 OK in 44ms (Views: 22.9ms | ActiveRecord: 8.3ms (5 queries, 0 cached) | GC: 2.6ms)


Started GET "/api/v1/health" for 127.0.0.1 at 2026-09-19 15:24:52 +0300
Processing by Api::V1::HealthController#show as JSON
  [1m[35m (1.5ms)[0m  [1m[34mSELECT 1 /*action='show',application='Backend',controller='health'*/[0m
  ↳ app/controllers/api/v1/health_controller.rb:29:in 'Api::V1::HealthController#database_reachable?'
  [1m[36mUser Load (1.7ms)[0m  [1m[34mSELECT "users".* FROM "users" WHERE "users"."id" = 'c4b38885-f504-4898-906b-24941fabb892' ORDER BY "users"."id" ASC LIMIT 1 /*action='show',application='Backend',controller='health'*/[0m
  ↳ app/controllers/api/v1/health_controller.rb:17:in 'Api::V1::HealthController#show'
[active_model_serializers] Rendered ActiveModel::Serializer::Null with Hash (0.07ms)
Completed 200 OK in 13ms (Views: 7.0ms | ActiveRecord: 3.1ms (2 queries, 0 cached) | GC: 0.0ms)


Started GET "/api/v1/health" for 127.0.0.1 at 2026-09-19 15:24:53 +0300
Processing by Api::V1::HealthController#show as JSON
  [1m[35m (1.4ms)[0m  [1m[34mSELECT 1 /*action='show',application='Backend',controller='health'*/[0m
  ↳ app/controllers/api/v1/health_controller.rb:29:in 'Api::V1::HealthController#database_reachable?'
  [1m[36mUser Load (1.5ms)[0m  [1m[34mSELECT "users".* FROM "users" WHERE "users"."id" = 'c4b38885-f504-4898-906b-24941fabb892' ORDER BY "users"."id" ASC LIMIT 1 /*action='show',application='Backend',controller='health'*/[0m
  ↳ app/controllers/api/v1/health_controller.rb:17:in 'Api::V1::HealthController#show'
[active_model_serializers] Rendered ActiveModel::Serializer::Null with Hash (0.09ms)
Completed 200 OK in 15ms (Views: 7.5ms | ActiveRecord: 2.8ms (2 queries, 0 cached) | GC: 0.0ms)


Started GET "/api/v1/discovery?page=1&per_page=20" for 127.0.0.1 at 2026-09-19 15:24:54 +0300
Processing by Api::V1::DiscoveryController#index as JSON
  Parameters: {"page" => "1", "per_page" => "20"}
  [1m[36mUser Load (2.7ms)[0m  [1m[34mSELECT "users".* FROM "users" WHERE "users"."id" = 'c4b38885-f504-4898-906b-24941fabb892' ORDER BY "users"."id" ASC LIMIT 1 /*action='index',application='Backend',controller='discovery'*/[0m
  ↳ app/controllers/api/v1/application_controller.rb:49:in 'Api::V1::ApplicationController#authenticate_user!'
  [1m[36mProfile Count (4.6ms)[0m  [1m[34mSELECT COUNT(*) FROM "profiles" INNER JOIN "users" ON "users"."id" = "profiles"."user_id" WHERE "profiles"."profile_visibility" = 0 AND "profiles"."show_on_explore" = TRUE AND "profiles"."user_id" != 'c4b38885-f504-4898-906b-24941fabb892' AND "profiles"."user_id" NOT IN (SELECT "connections"."target_user_id" FROM "connections" WHERE "connections"."user_id" = 'c4b38885-f504-4898-906b-24941fabb892') /*action='index',application='Backend',controller='discovery'*/[0m
  ↳ app/lib/pagination.rb:27:in 'Pagination.paginate'
[active_model_serializers]   [1m[36mProfile Load (2.8ms)[0m  [1m[34mSELECT "profiles".* FROM "profiles" INNER JOIN "users" ON "users"."id" = "profiles"."user_id" WHERE "profiles"."profile_visibility" = 0 AND "profiles"."show_on_explore" = TRUE AND "profiles"."user_id" != 'c4b38885-f504-4898-906b-24941fabb892' AND "profiles"."user_id" NOT IN (SELECT "connections"."target_user_id" FROM "connections" WHERE "connections"."user_id" = 'c4b38885-f504-4898-906b-24941fabb892') ORDER BY "profiles"."created_at" DESC LIMIT 20 OFFSET 0 /*action='index',application='Backend',controller='discovery'*/[0m
[active_model_serializers]   ↳ app/controllers/api/v1/discovery_controller.rb:33:in 'Api::V1::DiscoveryController#index'
[active_model_serializers]   [1m[36mUser Load (1.7ms)[0m  [1m[34mSELECT "users".* FROM "users" WHERE "users"."id" IN ('365c08a5-fe90-4923-9502-a78fbbdf6567', '05b392d3-cdbe-4961-b071-6a8751c326ed', '4dc87d4b-2182-4cf2-b5bc-7d4f47152efc', '8e18890b-0905-48a0-9f5a-01aa368e30fe') /*action='index',application='Backend',controller='discovery'*/[0m
[active_model_serializers]   ↳ app/controllers/api/v1/discovery_controller.rb:33:in 'Api::V1::DiscoveryController#index'
[active_model_serializers]   [1m[36mUserInterest Load (1.1ms)[0m  [1m[34mSELECT "user_interests".* FROM "user_interests" WHERE "user_interests"."user_id" IN ('4dc87d4b-2182-4cf2-b5bc-7d4f47152efc', '8e18890b-0905-48a0-9f5a-01aa368e30fe', '05b392d3-cdbe-4961-b071-6a8751c326ed', '365c08a5-fe90-4923-9502-a78fbbdf6567') /*action='index',application='Backend',controller='discovery'*/[0m
[active_model_serializers]   ↳ app/controllers/api/v1/discovery_controller.rb:33:in 'Api::V1::DiscoveryController#index'
[active_model_serializers]   [1m[36mUserSkill Load (1.1ms)[0m  [1m[34mSELECT "user_skills".* FROM "user_skills" WHERE "user_skills"."user_id" IN ('4dc87d4b-2182-4cf2-b5bc-7d4f47152efc', '8e18890b-0905-48a0-9f5a-01aa368e30fe', '05b392d3-cdbe-4961-b071-6a8751c326ed', '365c08a5-fe90-4923-9502-a78fbbdf6567') /*action='index',application='Backend',controller='discovery'*/[0m
[active_model_serializers]   ↳ app/controllers/api/v1/discovery_controller.rb:33:in 'Api::V1::DiscoveryController#index'
[active_model_serializers]   [1m[36mPortfolioLink Load (1.1ms)[0m  [1m[34mSELECT "portfolio_links".* FROM "portfolio_links" WHERE "portfolio_links"."user_id" IN ('4dc87d4b-2182-4cf2-b5bc-7d4f47152efc', '8e18890b-0905-48a0-9f5a-01aa368e30fe', '05b392d3-cdbe-4961-b071-6a8751c326ed', '365c08a5-fe90-4923-9502-a78fbbdf6567') /*action='index',application='Backend',controller='discovery'*/[0m
[active_model_serializers]   ↳ app/controllers/api/v1/discovery_controller.rb:33:in 'Api::V1::DiscoveryController#index'
[active_model_serializers] Rendered ActiveModel::Serializer::CollectionSerializer with ActiveModelSerializers::Adapter::Attributes (5.29ms)
[active_model_serializers] Rendered ActiveModel::Serializer::Null with Hash (0.85ms)
Completed 200 OK in 118ms (Views: 1.7ms | ActiveRecord: 19.6ms (7 queries, 0 cached) | GC: 0.0ms)


user: user
GET /api/v1/discovery?page=1&per_page=20
AVOID eager loading detected
  User => [:portfolio_links]
  Remove from your query: .includes([:portfolio_links])
Call stack
  /home/user/student-hub/student-hub-backend/app/controllers/api/v1/discovery_controller.rb:33:in 'Api::V1::DiscoveryController#index'


Started GET "/api/v1/discovery?page=1&per_page=20" for 127.0.0.1 at 2026-09-19 15:24:55 +0300
Processing by Api::V1::DiscoveryController#index as JSON
  Parameters: {"page" => "1", "per_page" => "20"}
  [1m[36mUser Load (1.3ms)[0m  [1m[34mSELECT "users".* FROM "users" WHERE "users"."id" = 'c4b38885-f504-4898-906b-24941fabb892' ORDER BY "users"."id" ASC LIMIT 1 /*action='index',application='Backend',controller='discovery'*/[0m
  ↳ app/controllers/api/v1/application_controller.rb:49:in 'Api::V1::ApplicationController#authenticate_user!'
  [1m[36mProfile Count (1.8ms)[0m  [1m[34mSELECT COUNT(*) FROM "profiles" INNER JOIN "users" ON "users"."id" = "profiles"."user_id" WHERE "profiles"."profile_visibility" = 0 AND "profiles"."show_on_explore" = TRUE AND "profiles"."user_id" != 'c4b38885-f504-4898-906b-24941fabb892' AND "profiles"."user_id" NOT IN (SELECT "connections"."target_user_id" FROM "connections" WHERE "connections"."user_id" = 'c4b38885-f504-4898-906b-24941fabb892') /*action='index',application='Backend',controller='discovery'*/[0m
  ↳ app/lib/pagination.rb:27:in 'Pagination.paginate'
[active_model_serializers]   [1m[36mProfile Load (1.4ms)[0m  [1m[34mSELECT "profiles".* FROM "profiles" INNER JOIN "users" ON "users"."id" = "profiles"."user_id" WHERE "profiles"."profile_visibility" = 0 AND "profiles"."show_on_explore" = TRUE AND "profiles"."user_id" != 'c4b38885-f504-4898-906b-24941fabb892' AND "profiles"."user_id" NOT IN (SELECT "connections"."target_user_id" FROM "connections" WHERE "connections"."user_id" = 'c4b38885-f504-4898-906b-24941fabb892') ORDER BY "profiles"."created_at" DESC LIMIT 20 OFFSET 0 /*action='index',application='Backend',controller='discovery'*/[0m
[active_model_serializers]   ↳ app/controllers/api/v1/discovery_controller.rb:33:in 'Api::V1::DiscoveryController#index'
[active_model_serializers]   [1m[36mUser Load (1.0ms)[0m  [1m[34mSELECT "users".* FROM "users" WHERE "users"."id" IN ('365c08a5-fe90-4923-9502-a78fbbdf6567', '05b392d3-cdbe-4961-b071-6a8751c326ed', '4dc87d4b-2182-4cf2-b5bc-7d4f47152efc', '8e18890b-0905-48a0-9f5a-01aa368e30fe') /*action='index',application='Backend',controller='discovery'*/[0m
[active_model_serializers]   ↳ app/controllers/api/v1/discovery_controller.rb:33:in 'Api::V1::DiscoveryController#index'
[active_model_serializers]   [1m[36mUserInterest Load (2.6ms)[0m  [1m[34mSELECT "user_interests".* FROM "user_interests" WHERE "user_interests"."user_id" IN ('4dc87d4b-2182-4cf2-b5bc-7d4f47152efc', '8e18890b-0905-48a0-9f5a-01aa368e30fe', '05b392d3-cdbe-4961-b071-6a8751c326ed', '365c08a5-fe90-4923-9502-a78fbbdf6567') /*action='index',application='Backend',controller='discovery'*/[0m
[active_model_serializers]   ↳ app/controllers/api/v1/discovery_controller.rb:33:in 'Api::V1::DiscoveryController#index'
Started GET "/api/v1/discovery?page=2&per_page=20" for 127.0.0.1 at 2026-09-19 15:24:55 +0300
[active_model_serializers]   [1m[36mUserSkill Load (2.0ms)[0m  [1m[34mSELECT "user_skills".* FROM "user_skills" WHERE "user_skills"."user_id" IN ('4dc87d4b-2182-4cf2-b5bc-7d4f47152efc', '8e18890b-0905-48a0-9f5a-01aa368e30fe', '05b392d3-cdbe-4961-b071-6a8751c326ed', '365c08a5-fe90-4923-9502-a78fbbdf6567') /*action='index',application='Backend',controller='discovery'*/[0m
[active_model_serializers]   ↳ app/controllers/api/v1/discovery_controller.rb:33:in 'Api::V1::DiscoveryController#index'
[active_model_serializers]   [1m[36mPortfolioLink Load (3.3ms)[0m  [1m[34mSELECT "portfolio_links".* FROM "portfolio_links" WHERE "portfolio_links"."user_id" IN ('4dc87d4b-2182-4cf2-b5bc-7d4f47152efc', '8e18890b-0905-48a0-9f5a-01aa368e30fe', '05b392d3-cdbe-4961-b071-6a8751c326ed', '365c08a5-fe90-4923-9502-a78fbbdf6567') /*action='index',application='Backend',controller='discovery'*/[0m
Processing by Api::V1::DiscoveryController#index as JSON
[active_model_serializers]   ↳ app/controllers/api/v1/discovery_controller.rb:33:in 'Api::V1::DiscoveryController#index'
  Parameters: {"page" => "2", "per_page" => "20"}
[active_model_serializers] Rendered ActiveModel::Serializer::CollectionSerializer with ActiveModelSerializers::Adapter::Attributes (2.96ms)
[active_model_serializers] Rendered ActiveModel::Serializer::Null with Hash (0.8ms)
  [1m[36mUser Load (1.9ms)[0m  [1m[34mSELECT "users".* FROM "users" WHERE "users"."id" = 'c4b38885-f504-4898-906b-24941fabb892' ORDER BY "users"."id" ASC LIMIT 1 /*action='index',application='Backend',controller='discovery'*/[0m
Completed 200 OK in 74ms (Views: 1.8ms | ActiveRecord: 13.4ms (7 queries, 0 cached) | GC: 0.0ms)


  ↳ app/controllers/api/v1/application_controller.rb:49:in 'Api::V1::ApplicationController#authenticate_user!'
user: user
GET /api/v1/discovery?page=1&per_page=20
AVOID eager loading detected
  User => [:portfolio_links]
  Remove from your query: .includes([:portfolio_links])
Call stack
  /home/user/student-hub/student-hub-backend/app/controllers/api/v1/discovery_controller.rb:33:in 'Api::V1::DiscoveryController#index'


  [1m[36mProfile Count (1.6ms)[0m  [1m[34mSELECT COUNT(*) FROM "profiles" INNER JOIN "users" ON "users"."id" = "profiles"."user_id" WHERE "profiles"."profile_visibility" = 0 AND "profiles"."show_on_explore" = TRUE AND "profiles"."user_id" != 'c4b38885-f504-4898-906b-24941fabb892' AND "profiles"."user_id" NOT IN (SELECT "connections"."target_user_id" FROM "connections" WHERE "connections"."user_id" = 'c4b38885-f504-4898-906b-24941fabb892') /*action='index',application='Backend',controller='discovery'*/[0m
  ↳ app/lib/pagination.rb:27:in 'Pagination.paginate'
[active_model_serializers]   [1m[36mProfile Load (1.8ms)[0m  [1m[34mSELECT "profiles".* FROM "profiles" INNER JOIN "users" ON "users"."id" = "profiles"."user_id" WHERE "profiles"."profile_visibility" = 0 AND "profiles"."show_on_explore" = TRUE AND "profiles"."user_id" != 'c4b38885-f504-4898-906b-24941fabb892' AND "profiles"."user_id" NOT IN (SELECT "connections"."target_user_id" FROM "connections" WHERE "connections"."user_id" = 'c4b38885-f504-4898-906b-24941fabb892') ORDER BY "profiles"."created_at" DESC LIMIT 20 OFFSET 20 /*action='index',application='Backend',controller='discovery'*/[0m
[active_model_serializers]   ↳ app/controllers/api/v1/discovery_controller.rb:33:in 'Api::V1::DiscoveryController#index'
[active_model_serializers] Rendered ActiveModel::Serializer::CollectionSerializer with ActiveModelSerializers::Adapter::Attributes (0.06ms)
[active_model_serializers] Rendered ActiveModel::Serializer::Null with Hash (0.1ms)
Completed 200 OK in 20ms (Views: 0.8ms | ActiveRecord: 5.2ms (3 queries, 0 cached) | GC: 0.0ms)


Started GET "/api/v1/discovery?page=1&per_page=20" for 127.0.0.1 at 2026-09-19 15:24:57 +0300
Processing by Api::V1::DiscoveryController#index as JSON
  Parameters: {"page" => "1", "per_page" => "20"}
  [1m[36mUser Load (1.1ms)[0m  [1m[34mSELECT "users".* FROM "users" WHERE "users"."id" = 'c4b38885-f504-4898-906b-24941fabb892' ORDER BY "users"."id" ASC LIMIT 1 /*action='index',application='Backend',controller='discovery'*/[0m
  ↳ app/controllers/api/v1/application_controller.rb:49:in 'Api::V1::ApplicationController#authenticate_user!'
  [1m[36mProfile Count (1.3ms)[0m  [1m[34mSELECT COUNT(*) FROM "profiles" INNER JOIN "users" ON "users"."id" = "profiles"."user_id" WHERE "profiles"."profile_visibility" = 0 AND "profiles"."show_on_explore" = TRUE AND "profiles"."user_id" != 'c4b38885-f504-4898-906b-24941fabb892' AND "profiles"."user_id" NOT IN (SELECT "connections"."target_user_id" FROM "connections" WHERE "connections"."user_id" = 'c4b38885-f504-4898-906b-24941fabb892') /*action='index',application='Backend',controller='discovery'*/[0m
  ↳ app/lib/pagination.rb:27:in 'Pagination.paginate'
[active_model_serializers]   [1m[36mProfile Load (1.3ms)[0m  [1m[34mSELECT "profiles".* FROM "profiles" INNER JOIN "users" ON "users"."id" = "profiles"."user_id" WHERE "profiles"."profile_visibility" = 0 AND "profiles"."show_on_explore" = TRUE AND "profiles"."user_id" != 'c4b38885-f504-4898-906b-24941fabb892' AND "profiles"."user_id" NOT IN (SELECT "connections"."target_user_id" FROM "connections" WHERE "connections"."user_id" = 'c4b38885-f504-4898-906b-24941fabb892') ORDER BY "profiles"."created_at" DESC LIMIT 20 OFFSET 0 /*action='index',application='Backend',controller='discovery'*/[0m
[active_model_serializers]   ↳ app/controllers/api/v1/discovery_controller.rb:33:in 'Api::V1::DiscoveryController#index'
[active_model_serializers]   [1m[36mUser Load (0.9ms)[0m  [1m[34mSELECT "users".* FROM "users" WHERE "users"."id" IN ('365c08a5-fe90-4923-9502-a78fbbdf6567', '05b392d3-cdbe-4961-b071-6a8751c326ed', '4dc87d4b-2182-4cf2-b5bc-7d4f47152efc', '8e18890b-0905-48a0-9f5a-01aa368e30fe') /*action='index',application='Backend',controller='discovery'*/[0m
[active_model_serializers]   ↳ app/controllers/api/v1/discovery_controller.rb:33:in 'Api::V1::DiscoveryController#index'
[active_model_serializers]   [1m[36mUserInterest Load (0.9ms)[0m  [1m[34mSELECT "user_interests".* FROM "user_interests" WHERE "user_interests"."user_id" IN ('4dc87d4b-2182-4cf2-b5bc-7d4f47152efc', '8e18890b-0905-48a0-9f5a-01aa368e30fe', '05b392d3-cdbe-4961-b071-6a8751c326ed', '365c08a5-fe90-4923-9502-a78fbbdf6567') /*action='index',application='Backend',controller='discovery'*/[0m
[active_model_serializers]   ↳ app/controllers/api/v1/discovery_controller.rb:33:in 'Api::V1::DiscoveryController#index'
[active_model_serializers]   [1m[36mUserSkill Load (0.9ms)[0m  [1m[34mSELECT "user_skills".* FROM "user_skills" WHERE "user_skills"."user_id" IN ('4dc87d4b-2182-4cf2-b5bc-7d4f47152efc', '8e18890b-0905-48a0-9f5a-01aa368e30fe', '05b392d3-cdbe-4961-b071-6a8751c326ed', '365c08a5-fe90-4923-9502-a78fbbdf6567') /*action='index',application='Backend',controller='discovery'*/[0m
[active_model_serializers]   ↳ app/controllers/api/v1/discovery_controller.rb:33:in 'Api::V1::DiscoveryController#index'
[active_model_serializers]   [1m[36mPortfolioLink Load (0.9ms)[0m  [1m[34mSELECT "portfolio_links".* FROM "portfolio_links" WHERE "portfolio_links"."user_id" IN ('4dc87d4b-2182-4cf2-b5bc-7d4f47152efc', '8e18890b-0905-48a0-9f5a-01aa368e30fe', '05b392d3-cdbe-4961-b071-6a8751c326ed', '365c08a5-fe90-4923-9502-a78fbbdf6567') /*action='index',application='Backend',controller='discovery'*/[0m
[active_model_serializers]   ↳ app/controllers/api/v1/discovery_controller.rb:33:in 'Api::V1::DiscoveryController#index'
[active_model_serializers] Rendered ActiveModel::Serializer::CollectionSerializer with ActiveModelSerializers::Adapter::Attributes (3.0ms)
[active_model_serializers] Rendered ActiveModel::Serializer::Null with Hash (0.66ms)
Completed 200 OK in 45ms (Views: 1.3ms | ActiveRecord: 7.1ms (7 queries, 0 cached) | GC: 0.0ms)


user: user
GET /api/v1/discovery?page=1&per_page=20
AVOID eager loading detected
  User => [:portfolio_links]
  Remove from your query: .includes([:portfolio_links])
Call stack
  /home/user/student-hub/student-hub-backend/app/controllers/api/v1/discovery_controller.rb:33:in 'Api::V1::DiscoveryController#index'


Started GET "/api/v1/discovery?page=2&per_page=20" for 127.0.0.1 at 2026-09-19 15:24:57 +0300
Processing by Api::V1::DiscoveryController#index as JSON
  Parameters: {"page" => "2", "per_page" => "20"}
  [1m[36mUser Load (1.2ms)[0m  [1m[34mSELECT "users".* FROM "users" WHERE "users"."id" = 'c4b38885-f504-4898-906b-24941fabb892' ORDER BY "users"."id" ASC LIMIT 1 /*action='index',application='Backend',controller='discovery'*/[0m
  ↳ app/controllers/api/v1/application_controller.rb:49:in 'Api::V1::ApplicationController#authenticate_user!'
  [1m[36mProfile Count (1.4ms)[0m  [1m[34mSELECT COUNT(*) FROM "profiles" INNER JOIN "users" ON "users"."id" = "profiles"."user_id" WHERE "profiles"."profile_visibility" = 0 AND "profiles"."show_on_explore" = TRUE AND "profiles"."user_id" != 'c4b38885-f504-4898-906b-24941fabb892' AND "profiles"."user_id" NOT IN (SELECT "connections"."target_user_id" FROM "connections" WHERE "connections"."user_id" = 'c4b38885-f504-4898-906b-24941fabb892') /*action='index',application='Backend',controller='discovery'*/[0m
  ↳ app/lib/pagination.rb:27:in 'Pagination.paginate'
[active_model_serializers]   [1m[36mProfile Load (1.6ms)[0m  [1m[34mSELECT "profiles".* FROM "profiles" INNER JOIN "users" ON "users"."id" = "profiles"."user_id" WHERE "profiles"."profile_visibility" = 0 AND "profiles"."show_on_explore" = TRUE AND "profiles"."user_id" != 'c4b38885-f504-4898-906b-24941fabb892' AND "profiles"."user_id" NOT IN (SELECT "connections"."target_user_id" FROM "connections" WHERE "connections"."user_id" = 'c4b38885-f504-4898-906b-24941fabb892') ORDER BY "profiles"."created_at" DESC LIMIT 20 OFFSET 20 /*action='index',application='Backend',controller='discovery'*/[0m
[active_model_serializers]   ↳ app/controllers/api/v1/discovery_controller.rb:33:in 'Api::V1::DiscoveryController#index'
[active_model_serializers] Rendered ActiveModel::Serializer::CollectionSerializer with ActiveModelSerializers::Adapter::Attributes (0.09ms)
[active_model_serializers] Rendered ActiveModel::Serializer::Null with Hash (0.08ms)
Completed 200 OK in 20ms (Views: 0.9ms | ActiveRecord: 4.2ms (3 queries, 0 cached) | GC: 0.0ms)


Started GET "/api/v1/auth/me" for 127.0.0.1 at 2026-09-19 15:25:15 +0300
Processing by Api::V1::Auth::SessionsController#show as JSON
  [1m[36mUser Load (1.4ms)[0m  [1m[34mSELECT "users".* FROM "users" WHERE "users"."id" = 'c4b38885-f504-4898-906b-24941fabb892' ORDER BY "users"."id" ASC LIMIT 1 /*action='show',application='Backend',controller='sessions'*/[0m
  ↳ app/controllers/api/v1/application_controller.rb:49:in 'Api::V1::ApplicationController#authenticate_user!'
  [1m[36mProfile Load (1.5ms)[0m  [1m[34mSELECT "profiles".* FROM "profiles" WHERE "profiles"."user_id" = 'c4b38885-f504-4898-906b-24941fabb892' LIMIT 1 /*action='show',application='Backend',controller='sessions'*/[0m
  ↳ app/controllers/api/v1/auth/sessions_controller.rb:74:in 'Api::V1::Auth::SessionsController#user_payload'
[active_model_serializers] Rendered ProfileSerializer with ActiveModelSerializers::Adapter::Attributes (1.22ms)
[active_model_serializers]   [1m[36mInterest Load (1.0ms)[0m  [1m[34mSELECT "interests".* FROM "interests" INNER JOIN "user_interests" ON "interests"."id" = "user_interests"."interest_id" WHERE "user_interests"."user_id" = 'c4b38885-f504-4898-906b-24941fabb892' /*action='show',application='Backend',controller='sessions'*/[0m
[active_model_serializers]   ↳ app/controllers/api/v1/auth/sessions_controller.rb:43:in 'Api::V1::Auth::SessionsController#show'
[active_model_serializers]   [1m[36mSkill Load (0.9ms)[0m  [1m[34mSELECT "skills".* FROM "skills" INNER JOIN "user_skills" ON "skills"."id" = "user_skills"."skill_id" WHERE "user_skills"."user_id" = 'c4b38885-f504-4898-906b-24941fabb892' /*action='show',application='Backend',controller='sessions'*/[0m
[active_model_serializers]   ↳ app/controllers/api/v1/auth/sessions_controller.rb:43:in 'Api::V1::Auth::SessionsController#show'
[active_model_serializers]   [1m[36mPortfolioLink Load (0.9ms)[0m  [1m[34mSELECT "portfolio_links".* FROM "portfolio_links" WHERE "portfolio_links"."user_id" = 'c4b38885-f504-4898-906b-24941fabb892' /*action='show',application='Backend',controller='sessions'*/[0m
[active_model_serializers]   ↳ app/controllers/api/v1/auth/sessions_controller.rb:43:in 'Api::V1::Auth::SessionsController#show'
[active_model_serializers] Rendered ActiveModel::Serializer::Null with Hash (19.28ms)
Completed 200 OK in 38ms (Views: 17.3ms | ActiveRecord: 5.1ms (5 queries, 0 cached) | GC: 0.0ms)


Started GET "/api/v1/auth/me" for 127.0.0.1 at 2026-09-19 15:25:15 +0300
Processing by Api::V1::Auth::SessionsController#show as JSON
  [1m[36mUser Load (1.1ms)[0m  [1m[34mSELECT "users".* FROM "users" WHERE "users"."id" = 'c4b38885-f504-4898-906b-24941fabb892' ORDER BY "users"."id" ASC LIMIT 1 /*action='show',application='Backend',controller='sessions'*/[0m
  ↳ app/controllers/api/v1/application_controller.rb:49:in 'Api::V1::ApplicationController#authenticate_user!'
  [1m[36mProfile Load (0.8ms)[0m  [1m[34mSELECT "profiles".* FROM "profiles" WHERE "profiles"."user_id" = 'c4b38885-f504-4898-906b-24941fabb892' LIMIT 1 /*action='show',application='Backend',controller='sessions'*/[0m
  ↳ app/controllers/api/v1/auth/sessions_controller.rb:74:in 'Api::V1::Auth::SessionsController#user_payload'
[active_model_serializers] Rendered ProfileSerializer with ActiveModelSerializers::Adapter::Attributes (1.51ms)
[active_model_serializers]   [1m[36mInterest Load (0.9ms)[0m  [1m[34mSELECT "interests".* FROM "interests" INNER JOIN "user_interests" ON "interests"."id" = "user_interests"."interest_id" WHERE "user_interests"."user_id" = 'c4b38885-f504-4898-906b-24941fabb892' /*action='show',application='Backend',controller='sessions'*/[0m
[active_model_serializers]   ↳ app/controllers/api/v1/auth/sessions_controller.rb:43:in 'Api::V1::Auth::SessionsController#show'
[active_model_serializers]   [1m[36mSkill Load (0.9ms)[0m  [1m[34mSELECT "skills".* FROM "skills" INNER JOIN "user_skills" ON "skills"."id" = "user_skills"."skill_id" WHERE "user_skills"."user_id" = 'c4b38885-f504-4898-906b-24941fabb892' /*action='show',application='Backend',controller='sessions'*/[0m
[active_model_serializers]   ↳ app/controllers/api/v1/auth/sessions_controller.rb:43:in 'Api::V1::Auth::SessionsController#show'
[active_model_serializers]   [1m[36mPortfolioLink Load (0.8ms)[0m  [1m[34mSELECT "portfolio_links".* FROM "portfolio_links" WHERE "portfolio_links"."user_id" = 'c4b38885-f504-4898-906b-24941fabb892' /*action='show',application='Backend',controller='sessions'*/[0m
[active_model_serializers]   ↳ app/controllers/api/v1/auth/sessions_controller.rb:43:in 'Api::V1::Auth::SessionsController#show'
[active_model_serializers] Rendered ActiveModel::Serializer::Null with Hash (15.37ms)
Completed 200 OK in 32ms (Views: 13.6ms | ActiveRecord: 4.4ms (5 queries, 0 cached) | GC: 0.0ms)


Started GET "/api/v1/discovery?page=1&per_page=20" for 127.0.0.1 at 2026-09-19 15:25:16 +0300
Started GET "/api/v1/health" for 127.0.0.1 at 2026-09-19 15:25:16 +0300
Processing by Api::V1::HealthController#show as JSON
Processing by Api::V1::DiscoveryController#index as JSON
  Parameters: {"page" => "1", "per_page" => "20"}
  [1m[35m (4.7ms)[0m  [1m[34mSELECT 1 /*action='show',application='Backend',controller='health'*/[0m
  ↳ app/controllers/api/v1/health_controller.rb:29:in 'Api::V1::HealthController#database_reachable?'
  [1m[36mUser Load (1.0ms)[0m  [1m[34mSELECT "users".* FROM "users" WHERE "users"."id" = 'c4b38885-f504-4898-906b-24941fabb892' ORDER BY "users"."id" ASC LIMIT 1 /*action='show',application='Backend',controller='health'*/[0m
  ↳ app/controllers/api/v1/health_controller.rb:17:in 'Api::V1::HealthController#show'
[active_model_serializers] Rendered ActiveModel::Serializer::Null with Hash (0.1ms)
Completed 200 OK in 14ms (Views: 6.7ms | ActiveRecord: 5.7ms (2 queries, 0 cached) | GC: 0.0ms)


Started GET "/api/v1/health" for 127.0.0.1 at 2026-09-19 15:25:16 +0300
Processing by Api::V1::HealthController#show as JSON
  [1m[35m (0.9ms)[0m  [1m[34mSELECT 1 /*action='show',application='Backend',controller='health'*/[0m
  ↳ app/controllers/api/v1/health_controller.rb:29:in 'Api::V1::HealthController#database_reachable?'
  [1m[36mUser Load (0.9ms)[0m  [1m[34mSELECT "users".* FROM "users" WHERE "users"."id" = 'c4b38885-f504-4898-906b-24941fabb892' ORDER BY "users"."id" ASC LIMIT 1 /*action='show',application='Backend',controller='health'*/[0m
  ↳ app/controllers/api/v1/health_controller.rb:17:in 'Api::V1::HealthController#show'
[active_model_serializers] Rendered ActiveModel::Serializer::Null with Hash (0.07ms)
Completed 200 OK in 10ms (Views: 5.7ms | ActiveRecord: 1.7ms (2 queries, 0 cached) | GC: 0.0ms)


  [1m[36mUser Load (1.4ms)[0m  [1m[34mSELECT "users".* FROM "users" WHERE "users"."id" = 'c4b38885-f504-4898-906b-24941fabb892' ORDER BY "users"."id" ASC LIMIT 1 /*action='index',application='Backend',controller='discovery'*/[0m
  ↳ app/controllers/api/v1/application_controller.rb:49:in 'Api::V1::ApplicationController#authenticate_user!'
  [1m[36mProfile Count (1.8ms)[0m  [1m[34mSELECT COUNT(*) FROM "profiles" INNER JOIN "users" ON "users"."id" = "profiles"."user_id" WHERE "profiles"."profile_visibility" = 0 AND "profiles"."show_on_explore" = TRUE AND "profiles"."user_id" != 'c4b38885-f504-4898-906b-24941fabb892' AND "profiles"."user_id" NOT IN (SELECT "connections"."target_user_id" FROM "connections" WHERE "connections"."user_id" = 'c4b38885-f504-4898-906b-24941fabb892') /*action='index',application='Backend',controller='discovery'*/[0m
  ↳ app/lib/pagination.rb:27:in 'Pagination.paginate'
[active_model_serializers]   [1m[36mProfile Load (2.3ms)[0m  [1m[34mSELECT "profiles".* FROM "profiles" INNER JOIN "users" ON "users"."id" = "profiles"."user_id" WHERE "profiles"."profile_visibility" = 0 AND "profiles"."show_on_explore" = TRUE AND "profiles"."user_id" != 'c4b38885-f504-4898-906b-24941fabb892' AND "profiles"."user_id" NOT IN (SELECT "connections"."target_user_id" FROM "connections" WHERE "connections"."user_id" = 'c4b38885-f504-4898-906b-24941fabb892') ORDER BY "profiles"."created_at" DESC LIMIT 20 OFFSET 0 /*action='index',application='Backend',controller='discovery'*/[0m
[active_model_serializers]   ↳ app/controllers/api/v1/discovery_controller.rb:33:in 'Api::V1::DiscoveryController#index'
[active_model_serializers]   [1m[36mUser Load (0.8ms)[0m  [1m[34mSELECT "users".* FROM "users" WHERE "users"."id" IN ('365c08a5-fe90-4923-9502-a78fbbdf6567', '05b392d3-cdbe-4961-b071-6a8751c326ed', '4dc87d4b-2182-4cf2-b5bc-7d4f47152efc', '8e18890b-0905-48a0-9f5a-01aa368e30fe') /*action='index',application='Backend',controller='discovery'*/[0m
[active_model_serializers]   ↳ app/controllers/api/v1/discovery_controller.rb:33:in 'Api::V1::DiscoveryController#index'
[active_model_serializers]   [1m[36mUserInterest Load (1.0ms)[0m  [1m[34mSELECT "user_interests".* FROM "user_interests" WHERE "user_interests"."user_id" IN ('4dc87d4b-2182-4cf2-b5bc-7d4f47152efc', '8e18890b-0905-48a0-9f5a-01aa368e30fe', '05b392d3-cdbe-4961-b071-6a8751c326ed', '365c08a5-fe90-4923-9502-a78fbbdf6567') /*action='index',application='Backend',controller='discovery'*/[0m
[active_model_serializers]   ↳ app/controllers/api/v1/discovery_controller.rb:33:in 'Api::V1::DiscoveryController#index'
[active_model_serializers]   [1m[36mUserSkill Load (1.1ms)[0m  [1m[34mSELECT "user_skills".* FROM "user_skills" WHERE "user_skills"."user_id" IN ('4dc87d4b-2182-4cf2-b5bc-7d4f47152efc', '8e18890b-0905-48a0-9f5a-01aa368e30fe', '05b392d3-cdbe-4961-b071-6a8751c326ed', '365c08a5-fe90-4923-9502-a78fbbdf6567') /*action='index',application='Backend',controller='discovery'*/[0m
[active_model_serializers]   ↳ app/controllers/api/v1/discovery_controller.rb:33:in 'Api::V1::DiscoveryController#index'
[active_model_serializers]   [1m[36mPortfolioLink Load (1.0ms)[0m  [1m[34mSELECT "portfolio_links".* FROM "portfolio_links" WHERE "portfolio_links"."user_id" IN ('4dc87d4b-2182-4cf2-b5bc-7d4f47152efc', '8e18890b-0905-48a0-9f5a-01aa368e30fe', '05b392d3-cdbe-4961-b071-6a8751c326ed', '365c08a5-fe90-4923-9502-a78fbbdf6567') /*action='index',application='Backend',controller='discovery'*/[0m
[active_model_serializers]   ↳ app/controllers/api/v1/discovery_controller.rb:33:in 'Api::V1::DiscoveryController#index'
[active_model_serializers] Rendered ActiveModel::Serializer::CollectionSerializer with ActiveModelSerializers::Adapter::Attributes (2.21ms)
[active_model_serializers] Rendered ActiveModel::Serializer::Null with Hash (0.66ms)
Completed 200 OK in 87ms (Views: 1.1ms | ActiveRecord: 19.9ms (7 queries, 0 cached) | GC: 0.0ms)


user: user
GET /api/v1/discovery?page=1&per_page=20
AVOID eager loading detected
  User => [:portfolio_links]
  Remove from your query: .includes([:portfolio_links])
Call stack
  /home/user/student-hub/student-hub-backend/app/controllers/api/v1/discovery_controller.rb:33:in 'Api::V1::DiscoveryController#index'


Started GET "/api/v1/discovery?page=1&per_page=20" for 127.0.0.1 at 2026-09-19 15:25:16 +0300
Processing by Api::V1::DiscoveryController#index as JSON
  Parameters: {"page" => "1", "per_page" => "20"}
  [1m[36mUser Load (1.1ms)[0m  [1m[34mSELECT "users".* FROM "users" WHERE "users"."id" = 'c4b38885-f504-4898-906b-24941fabb892' ORDER BY "users"."id" ASC LIMIT 1 /*action='index',application='Backend',controller='discovery'*/[0m
  ↳ app/controllers/api/v1/application_controller.rb:49:in 'Api::V1::ApplicationController#authenticate_user!'
  [1m[36mProfile Count (1.6ms)[0m  [1m[34mSELECT COUNT(*) FROM "profiles" INNER JOIN "users" ON "users"."id" = "profiles"."user_id" WHERE "profiles"."profile_visibility" = 0 AND "profiles"."show_on_explore" = TRUE AND "profiles"."user_id" != 'c4b38885-f504-4898-906b-24941fabb892' AND "profiles"."user_id" NOT IN (SELECT "connections"."target_user_id" FROM "connections" WHERE "connections"."user_id" = 'c4b38885-f504-4898-906b-24941fabb892') /*action='index',application='Backend',controller='discovery'*/[0m
  ↳ app/lib/pagination.rb:27:in 'Pagination.paginate'
Started GET "/api/v1/discovery?page=2&per_page=20" for 127.0.0.1 at 2026-09-19 15:25:16 +0300
[active_model_serializers]   [1m[36mProfile Load (2.3ms)[0m  [1m[34mSELECT "profiles".* FROM "profiles" INNER JOIN "users" ON "users"."id" = "profiles"."user_id" WHERE "profiles"."profile_visibility" = 0 AND "profiles"."show_on_explore" = TRUE AND "profiles"."user_id" != 'c4b38885-f504-4898-906b-24941fabb892' AND "profiles"."user_id" NOT IN (SELECT "connections"."target_user_id" FROM "connections" WHERE "connections"."user_id" = 'c4b38885-f504-4898-906b-24941fabb892') ORDER BY "profiles"."created_at" DESC LIMIT 20 OFFSET 0 /*action='index',application='Backend',controller='discovery'*/[0m
[active_model_serializers]   ↳ app/controllers/api/v1/discovery_controller.rb:33:in 'Api::V1::DiscoveryController#index'
[active_model_serializers]   [1m[36mUser Load (1.5ms)[0m  [1m[34mSELECT "users".* FROM "users" WHERE "users"."id" IN ('365c08a5-fe90-4923-9502-a78fbbdf6567', '05b392d3-cdbe-4961-b071-6a8751c326ed', '4dc87d4b-2182-4cf2-b5bc-7d4f47152efc', '8e18890b-0905-48a0-9f5a-01aa368e30fe') /*action='index',application='Backend',controller='discovery'*/[0m
[active_model_serializers]   ↳ app/controllers/api/v1/discovery_controller.rb:33:in 'Api::V1::DiscoveryController#index'
Processing by Api::V1::DiscoveryController#index as JSON
[active_model_serializers]   [1m[36mUserInterest Load (2.8ms)[0m  [1m[34mSELECT "user_interests".* FROM "user_interests" WHERE "user_interests"."user_id" IN ('4dc87d4b-2182-4cf2-b5bc-7d4f47152efc', '8e18890b-0905-48a0-9f5a-01aa368e30fe', '05b392d3-cdbe-4961-b071-6a8751c326ed', '365c08a5-fe90-4923-9502-a78fbbdf6567') /*action='index',application='Backend',controller='discovery'*/[0m
  Parameters: {"page" => "2", "per_page" => "20"}
[active_model_serializers]   ↳ app/controllers/api/v1/discovery_controller.rb:33:in 'Api::V1::DiscoveryController#index'
  [1m[36mUser Load (1.6ms)[0m  [1m[34mSELECT "users".* FROM "users" WHERE "users"."id" = 'c4b38885-f504-4898-906b-24941fabb892' ORDER BY "users"."id" ASC LIMIT 1 /*action='index',application='Backend',controller='discovery'*/[0m
  ↳ app/controllers/api/v1/application_controller.rb:49:in 'Api::V1::ApplicationController#authenticate_user!'
[active_model_serializers]   [1m[36mUserSkill Load (1.6ms)[0m  [1m[34mSELECT "user_skills".* FROM "user_skills" WHERE "user_skills"."user_id" IN ('4dc87d4b-2182-4cf2-b5bc-7d4f47152efc', '8e18890b-0905-48a0-9f5a-01aa368e30fe', '05b392d3-cdbe-4961-b071-6a8751c326ed', '365c08a5-fe90-4923-9502-a78fbbdf6567') /*action='index',application='Backend',controller='discovery'*/[0m
[active_model_serializers]   ↳ app/controllers/api/v1/discovery_controller.rb:33:in 'Api::V1::DiscoveryController#index'
  [1m[36mProfile Count (1.9ms)[0m  [1m[34mSELECT COUNT(*) FROM "profiles" INNER JOIN "users" ON "users"."id" = "profiles"."user_id" WHERE "profiles"."profile_visibility" = 0 AND "profiles"."show_on_explore" = TRUE AND "profiles"."user_id" != 'c4b38885-f504-4898-906b-24941fabb892' AND "profiles"."user_id" NOT IN (SELECT "connections"."target_user_id" FROM "connections" WHERE "connections"."user_id" = 'c4b38885-f504-4898-906b-24941fabb892') /*action='index',application='Backend',controller='discovery'*/[0m
  ↳ app/lib/pagination.rb:27:in 'Pagination.paginate'
[active_model_serializers]   [1m[36mPortfolioLink Load (1.3ms)[0m  [1m[34mSELECT "portfolio_links".* FROM "portfolio_links" WHERE "portfolio_links"."user_id" IN ('4dc87d4b-2182-4cf2-b5bc-7d4f47152efc', '8e18890b-0905-48a0-9f5a-01aa368e30fe', '05b392d3-cdbe-4961-b071-6a8751c326ed', '365c08a5-fe90-4923-9502-a78fbbdf6567') /*action='index',application='Backend',controller='discovery'*/[0m
[active_model_serializers]   ↳ app/controllers/api/v1/discovery_controller.rb:33:in 'Api::V1::DiscoveryController#index'
[active_model_serializers]   [1m[36mProfile Load (2.3ms)[0m  [1m[34mSELECT "profiles".* FROM "profiles" INNER JOIN "users" ON "users"."id" = "profiles"."user_id" WHERE "profiles"."profile_visibility" = 0 AND "profiles"."show_on_explore" = TRUE AND "profiles"."user_id" != 'c4b38885-f504-4898-906b-24941fabb892' AND "profiles"."user_id" NOT IN (SELECT "connections"."target_user_id" FROM "connections" WHERE "connections"."user_id" = 'c4b38885-f504-4898-906b-24941fabb892') ORDER BY "profiles"."created_at" DESC LIMIT 20 OFFSET 20 /*action='index',application='Backend',controller='discovery'*/[0m
[active_model_serializers] Rendered ActiveModel::Serializer::CollectionSerializer with ActiveModelSerializers::Adapter::Attributes (3.33ms)
[active_model_serializers]   ↳ app/controllers/api/v1/discovery_controller.rb:33:in 'Api::V1::DiscoveryController#index'
[active_model_serializers] Rendered ActiveModel::Serializer::Null with Hash (0.7ms)
[active_model_serializers] Rendered ActiveModel::Serializer::CollectionSerializer with ActiveModelSerializers::Adapter::Attributes (0.05ms)
Completed 200 OK in 63ms (Views: 2.3ms | ActiveRecord: 12.2ms (7 queries, 0 cached) | GC: 0.0ms)


[active_model_serializers] Rendered ActiveModel::Serializer::Null with Hash (0.05ms)
user: user
GET /api/v1/discovery?page=1&per_page=20
AVOID eager loading detected
  User => [:portfolio_links]
  Remove from your query: .includes([:portfolio_links])
Call stack
  /home/user/student-hub/student-hub-backend/app/controllers/api/v1/discovery_controller.rb:33:in 'Api::V1::DiscoveryController#index'


Completed 200 OK in 25ms (Views: 2.0ms | ActiveRecord: 5.7ms (3 queries, 0 cached) | GC: 0.0ms)


Started GET "/api/v1/discovery?page=1&per_page=20" for 127.0.0.1 at 2026-09-19 15:25:17 +0300
Processing by Api::V1::DiscoveryController#index as JSON
  Parameters: {"page" => "1", "per_page" => "20"}
  [1m[36mUser Load (2.9ms)[0m  [1m[34mSELECT "users".* FROM "users" WHERE "users"."id" = 'c4b38885-f504-4898-906b-24941fabb892' ORDER BY "users"."id" ASC LIMIT 1 /*action='index',application='Backend',controller='discovery'*/[0m
  ↳ app/controllers/api/v1/application_controller.rb:49:in 'Api::V1::ApplicationController#authenticate_user!'
  [1m[36mProfile Count (4.4ms)[0m  [1m[34mSELECT COUNT(*) FROM "profiles" INNER JOIN "users" ON "users"."id" = "profiles"."user_id" WHERE "profiles"."profile_visibility" = 0 AND "profiles"."show_on_explore" = TRUE AND "profiles"."user_id" != 'c4b38885-f504-4898-906b-24941fabb892' AND "profiles"."user_id" NOT IN (SELECT "connections"."target_user_id" FROM "connections" WHERE "connections"."user_id" = 'c4b38885-f504-4898-906b-24941fabb892') /*action='index',application='Backend',controller='discovery'*/[0m
  ↳ app/lib/pagination.rb:27:in 'Pagination.paginate'
[active_model_serializers]   [1m[36mProfile Load (3.3ms)[0m  [1m[34mSELECT "profiles".* FROM "profiles" INNER JOIN "users" ON "users"."id" = "profiles"."user_id" WHERE "profiles"."profile_visibility" = 0 AND "profiles"."show_on_explore" = TRUE AND "profiles"."user_id" != 'c4b38885-f504-4898-906b-24941fabb892' AND "profiles"."user_id" NOT IN (SELECT "connections"."target_user_id" FROM "connections" WHERE "connections"."user_id" = 'c4b38885-f504-4898-906b-24941fabb892') ORDER BY "profiles"."created_at" DESC LIMIT 20 OFFSET 0 /*action='index',application='Backend',controller='discovery'*/[0m
[active_model_serializers]   ↳ app/controllers/api/v1/discovery_controller.rb:33:in 'Api::V1::DiscoveryController#index'
[active_model_serializers]   [1m[36mUser Load (3.6ms)[0m  [1m[34mSELECT "users".* FROM "users" WHERE "users"."id" IN ('365c08a5-fe90-4923-9502-a78fbbdf6567', '05b392d3-cdbe-4961-b071-6a8751c326ed', '4dc87d4b-2182-4cf2-b5bc-7d4f47152efc', '8e18890b-0905-48a0-9f5a-01aa368e30fe') /*action='index',application='Backend',controller='discovery'*/[0m
[active_model_serializers]   ↳ app/controllers/api/v1/discovery_controller.rb:33:in 'Api::V1::DiscoveryController#index'
[active_model_serializers]   [1m[36mUserInterest Load (3.5ms)[0m  [1m[34mSELECT "user_interests".* FROM "user_interests" WHERE "user_interests"."user_id" IN ('4dc87d4b-2182-4cf2-b5bc-7d4f47152efc', '8e18890b-0905-48a0-9f5a-01aa368e30fe', '05b392d3-cdbe-4961-b071-6a8751c326ed', '365c08a5-fe90-4923-9502-a78fbbdf6567') /*action='index',application='Backend',controller='discovery'*/[0m
[active_model_serializers]   ↳ app/controllers/api/v1/discovery_controller.rb:33:in 'Api::V1::DiscoveryController#index'
[active_model_serializers]   [1m[36mUserSkill Load (2.9ms)[0m  [1m[34mSELECT "user_skills".* FROM "user_skills" WHERE "user_skills"."user_id" IN ('4dc87d4b-2182-4cf2-b5bc-7d4f47152efc', '8e18890b-0905-48a0-9f5a-01aa368e30fe', '05b392d3-cdbe-4961-b071-6a8751c326ed', '365c08a5-fe90-4923-9502-a78fbbdf6567') /*action='index',application='Backend',controller='discovery'*/[0m
[active_model_serializers]   ↳ app/controllers/api/v1/discovery_controller.rb:33:in 'Api::V1::DiscoveryController#index'
[active_model_serializers]   [1m[36mPortfolioLink Load (3.1ms)[0m  [1m[34mSELECT "portfolio_links".* FROM "portfolio_links" WHERE "portfolio_links"."user_id" IN ('4dc87d4b-2182-4cf2-b5bc-7d4f47152efc', '8e18890b-0905-48a0-9f5a-01aa368e30fe', '05b392d3-cdbe-4961-b071-6a8751c326ed', '365c08a5-fe90-4923-9502-a78fbbdf6567') /*action='index',application='Backend',controller='discovery'*/[0m
[active_model_serializers]   ↳ app/controllers/api/v1/discovery_controller.rb:33:in 'Api::V1::DiscoveryController#index'
[active_model_serializers] Rendered ActiveModel::Serializer::CollectionSerializer with ActiveModelSerializers::Adapter::Attributes (8.0ms)
[active_model_serializers] Rendered ActiveModel::Serializer::Null with Hash (2.61ms)
Completed 200 OK in 140ms (Views: 4.6ms | ActiveRecord: 23.6ms (7 queries, 0 cached) | GC: 0.0ms)


user: user
GET /api/v1/discovery?page=1&per_page=20
AVOID eager loading detected
  User => [:portfolio_links]
  Remove from your query: .includes([:portfolio_links])
Call stack
  /home/user/student-hub/student-hub-backend/app/controllers/api/v1/discovery_controller.rb:33:in 'Api::V1::DiscoveryController#index'


Started GET "/api/v1/discovery?page=2&per_page=20" for 127.0.0.1 at 2026-09-19 15:25:17 +0300
Processing by Api::V1::DiscoveryController#index as JSON
  Parameters: {"page" => "2", "per_page" => "20"}
  [1m[36mUser Load (2.0ms)[0m  [1m[34mSELECT "users".* FROM "users" WHERE "users"."id" = 'c4b38885-f504-4898-906b-24941fabb892' ORDER BY "users"."id" ASC LIMIT 1 /*action='index',application='Backend',controller='discovery'*/[0m
  ↳ app/controllers/api/v1/application_controller.rb:49:in 'Api::V1::ApplicationController#authenticate_user!'
  [1m[36mProfile Count (2.3ms)[0m  [1m[34mSELECT COUNT(*) FROM "profiles" INNER JOIN "users" ON "users"."id" = "profiles"."user_id" WHERE "profiles"."profile_visibility" = 0 AND "profiles"."show_on_explore" = TRUE AND "profiles"."user_id" != 'c4b38885-f504-4898-906b-24941fabb892' AND "profiles"."user_id" NOT IN (SELECT "connections"."target_user_id" FROM "connections" WHERE "connections"."user_id" = 'c4b38885-f504-4898-906b-24941fabb892') /*action='index',application='Backend',controller='discovery'*/[0m
  ↳ app/lib/pagination.rb:27:in 'Pagination.paginate'
[active_model_serializers]   [1m[36mProfile Load (2.7ms)[0m  [1m[34mSELECT "profiles".* FROM "profiles" INNER JOIN "users" ON "users"."id" = "profiles"."user_id" WHERE "profiles"."profile_visibility" = 0 AND "profiles"."show_on_explore" = TRUE AND "profiles"."user_id" != 'c4b38885-f504-4898-906b-24941fabb892' AND "profiles"."user_id" NOT IN (SELECT "connections"."target_user_id" FROM "connections" WHERE "connections"."user_id" = 'c4b38885-f504-4898-906b-24941fabb892') ORDER BY "profiles"."created_at" DESC LIMIT 20 OFFSET 20 /*action='index',application='Backend',controller='discovery'*/[0m
[active_model_serializers]   ↳ app/controllers/api/v1/discovery_controller.rb:33:in 'Api::V1::DiscoveryController#index'
[active_model_serializers] Rendered ActiveModel::Serializer::CollectionSerializer with ActiveModelSerializers::Adapter::Attributes (0.09ms)
[active_model_serializers] Rendered ActiveModel::Serializer::Null with Hash (0.09ms)
Completed 200 OK in 32ms (Views: 1.3ms | ActiveRecord: 7.0ms (3 queries, 0 cached) | GC: 0.0ms)


Started GET "/api/v1/auth/me" for 127.0.0.1 at 2026-09-19 15:25:24 +0300
Processing by Api::V1::Auth::SessionsController#show as JSON
  [1m[36mUser Load (1.6ms)[0m  [1m[34mSELECT "users".* FROM "users" WHERE "users"."id" = 'c4b38885-f504-4898-906b-24941fabb892' ORDER BY "users"."id" ASC LIMIT 1 /*action='show',application='Backend',controller='sessions'*/[0m
  ↳ app/controllers/api/v1/application_controller.rb:49:in 'Api::V1::ApplicationController#authenticate_user!'
  [1m[36mProfile Load (1.3ms)[0m  [1m[34mSELECT "profiles".* FROM "profiles" WHERE "profiles"."user_id" = 'c4b38885-f504-4898-906b-24941fabb892' LIMIT 1 /*action='show',application='Backend',controller='sessions'*/[0m
  ↳ app/controllers/api/v1/auth/sessions_controller.rb:74:in 'Api::V1::Auth::SessionsController#user_payload'
[active_model_serializers] Rendered ProfileSerializer with ActiveModelSerializers::Adapter::Attributes (2.43ms)
[active_model_serializers]   [1m[36mInterest Load (1.5ms)[0m  [1m[34mSELECT "interests".* FROM "interests" INNER JOIN "user_interests" ON "interests"."id" = "user_interests"."interest_id" WHERE "user_interests"."user_id" = 'c4b38885-f504-4898-906b-24941fabb892' /*action='show',application='Backend',controller='sessions'*/[0m
[active_model_serializers]   ↳ app/controllers/api/v1/auth/sessions_controller.rb:43:in 'Api::V1::Auth::SessionsController#show'
[active_model_serializers]   [1m[36mSkill Load (1.6ms)[0m  [1m[34mSELECT "skills".* FROM "skills" INNER JOIN "user_skills" ON "skills"."id" = "user_skills"."skill_id" WHERE "user_skills"."user_id" = 'c4b38885-f504-4898-906b-24941fabb892' /*action='show',application='Backend',controller='sessions'*/[0m
[active_model_serializers]   ↳ app/controllers/api/v1/auth/sessions_controller.rb:43:in 'Api::V1::Auth::SessionsController#show'
[active_model_serializers]   [1m[36mPortfolioLink Load (1.5ms)[0m  [1m[34mSELECT "portfolio_links".* FROM "portfolio_links" WHERE "portfolio_links"."user_id" = 'c4b38885-f504-4898-906b-24941fabb892' /*action='show',application='Backend',controller='sessions'*/[0m
[active_model_serializers]   ↳ app/controllers/api/v1/auth/sessions_controller.rb:43:in 'Api::V1::Auth::SessionsController#show'
[active_model_serializers] Rendered ActiveModel::Serializer::Null with Hash (20.76ms)
Completed 200 OK in 44ms (Views: 17.0ms | ActiveRecord: 7.5ms (5 queries, 0 cached) | GC: 0.0ms)


Started GET "/api/v1/auth/me" for 127.0.0.1 at 2026-09-19 15:25:24 +0300
Processing by Api::V1::Auth::SessionsController#show as JSON
  [1m[36mUser Load (1.0ms)[0m  [1m[34mSELECT "users".* FROM "users" WHERE "users"."id" = 'c4b38885-f504-4898-906b-24941fabb892' ORDER BY "users"."id" ASC LIMIT 1 /*action='show',application='Backend',controller='sessions'*/[0m
  ↳ app/controllers/api/v1/application_controller.rb:49:in 'Api::V1::ApplicationController#authenticate_user!'
  [1m[36mProfile Load (0.8ms)[0m  [1m[34mSELECT "profiles".* FROM "profiles" WHERE "profiles"."user_id" = 'c4b38885-f504-4898-906b-24941fabb892' LIMIT 1 /*action='show',application='Backend',controller='sessions'*/[0m
  ↳ app/controllers/api/v1/auth/sessions_controller.rb:74:in 'Api::V1::Auth::SessionsController#user_payload'
[active_model_serializers] Rendered ProfileSerializer with ActiveModelSerializers::Adapter::Attributes (2.27ms)
[active_model_serializers]   [1m[36mInterest Load (0.9ms)[0m  [1m[34mSELECT "interests".* FROM "interests" INNER JOIN "user_interests" ON "interests"."id" = "user_interests"."interest_id" WHERE "user_interests"."user_id" = 'c4b38885-f504-4898-906b-24941fabb892' /*action='show',application='Backend',controller='sessions'*/[0m
[active_model_serializers]   ↳ app/controllers/api/v1/auth/sessions_controller.rb:43:in 'Api::V1::Auth::SessionsController#show'
[active_model_serializers]   [1m[36mSkill Load (0.9ms)[0m  [1m[34mSELECT "skills".* FROM "skills" INNER JOIN "user_skills" ON "skills"."id" = "user_skills"."skill_id" WHERE "user_skills"."user_id" = 'c4b38885-f504-4898-906b-24941fabb892' /*action='show',application='Backend',controller='sessions'*/[0m
[active_model_serializers]   ↳ app/controllers/api/v1/auth/sessions_controller.rb:43:in 'Api::V1::Auth::SessionsController#show'
[active_model_serializers]   [1m[36mPortfolioLink Load (0.8ms)[0m  [1m[34mSELECT "portfolio_links".* FROM "portfolio_links" WHERE "portfolio_links"."user_id" = 'c4b38885-f504-4898-906b-24941fabb892' /*action='show',application='Backend',controller='sessions'*/[0m
[active_model_serializers]   ↳ app/controllers/api/v1/auth/sessions_controller.rb:43:in 'Api::V1::Auth::SessionsController#show'
[active_model_serializers] Rendered ActiveModel::Serializer::Null with Hash (14.11ms)
Completed 200 OK in 27ms (Views: 12.5ms | ActiveRecord: 4.3ms (5 queries, 0 cached) | GC: 0.0ms)


Started GET "/api/v1/discovery?page=1&per_page=20" for 127.0.0.1 at 2026-09-19 15:25:24 +0300
Started GET "/api/v1/health" for 127.0.0.1 at 2026-09-19 15:25:24 +0300
Processing by Api::V1::HealthController#show as JSON
  [1m[35m (1.5ms)[0m  [1m[34mSELECT 1 /*action='show',application='Backend',controller='health'*/[0m
  ↳ app/controllers/api/v1/health_controller.rb:29:in 'Api::V1::HealthController#database_reachable?'
Processing by Api::V1::DiscoveryController#index as JSON
  Parameters: {"page" => "1", "per_page" => "20"}
  [1m[36mUser Load (2.8ms)[0m  [1m[34mSELECT "users".* FROM "users" WHERE "users"."id" = 'c4b38885-f504-4898-906b-24941fabb892' ORDER BY "users"."id" ASC LIMIT 1 /*action='show',application='Backend',controller='health'*/[0m
  ↳ app/controllers/api/v1/health_controller.rb:17:in 'Api::V1::HealthController#show'
[active_model_serializers] Rendered ActiveModel::Serializer::Null with Hash (0.05ms)
Completed 200 OK in 13ms (Views: 4.9ms | ActiveRecord: 4.3ms (2 queries, 0 cached) | GC: 0.0ms)


  [1m[36mUser Load (4.0ms)[0m  [1m[34mSELECT "users".* FROM "users" WHERE "users"."id" = 'c4b38885-f504-4898-906b-24941fabb892' ORDER BY "users"."id" ASC LIMIT 1 /*action='index',application='Backend',controller='discovery'*/[0m
  ↳ app/controllers/api/v1/application_controller.rb:49:in 'Api::V1::ApplicationController#authenticate_user!'
Started GET "/api/v1/health" for 127.0.0.1 at 2026-09-19 15:25:24 +0300
  [1m[36mProfile Count (2.2ms)[0m  [1m[34mSELECT COUNT(*) FROM "profiles" INNER JOIN "users" ON "users"."id" = "profiles"."user_id" WHERE "profiles"."profile_visibility" = 0 AND "profiles"."show_on_explore" = TRUE AND "profiles"."user_id" != 'c4b38885-f504-4898-906b-24941fabb892' AND "profiles"."user_id" NOT IN (SELECT "connections"."target_user_id" FROM "connections" WHERE "connections"."user_id" = 'c4b38885-f504-4898-906b-24941fabb892') /*action='index',application='Backend',controller='discovery'*/[0m
  ↳ app/lib/pagination.rb:27:in 'Pagination.paginate'
[active_model_serializers]   [1m[36mProfile Load (1.8ms)[0m  [1m[34mSELECT "profiles".* FROM "profiles" INNER JOIN "users" ON "users"."id" = "profiles"."user_id" WHERE "profiles"."profile_visibility" = 0 AND "profiles"."show_on_explore" = TRUE AND "profiles"."user_id" != 'c4b38885-f504-4898-906b-24941fabb892' AND "profiles"."user_id" NOT IN (SELECT "connections"."target_user_id" FROM "connections" WHERE "connections"."user_id" = 'c4b38885-f504-4898-906b-24941fabb892') ORDER BY "profiles"."created_at" DESC LIMIT 20 OFFSET 0 /*action='index',application='Backend',controller='discovery'*/[0m
[active_model_serializers]   ↳ app/controllers/api/v1/discovery_controller.rb:33:in 'Api::V1::DiscoveryController#index'
[active_model_serializers]   [1m[36mUser Load (1.8ms)[0m  [1m[34mSELECT "users".* FROM "users" WHERE "users"."id" IN ('365c08a5-fe90-4923-9502-a78fbbdf6567', '05b392d3-cdbe-4961-b071-6a8751c326ed', '4dc87d4b-2182-4cf2-b5bc-7d4f47152efc', '8e18890b-0905-48a0-9f5a-01aa368e30fe') /*action='index',application='Backend',controller='discovery'*/[0m
[active_model_serializers]   ↳ app/controllers/api/v1/discovery_controller.rb:33:in 'Api::V1::DiscoveryController#index'
Processing by Api::V1::HealthController#show as JSON
[active_model_serializers]   [1m[36mUserInterest Load (1.7ms)[0m  [1m[34mSELECT "user_interests".* FROM "user_interests" WHERE "user_interests"."user_id" IN ('4dc87d4b-2182-4cf2-b5bc-7d4f47152efc', '8e18890b-0905-48a0-9f5a-01aa368e30fe', '05b392d3-cdbe-4961-b071-6a8751c326ed', '365c08a5-fe90-4923-9502-a78fbbdf6567') /*action='index',application='Backend',controller='discovery'*/[0m
[active_model_serializers]   ↳ app/controllers/api/v1/discovery_controller.rb:33:in 'Api::V1::DiscoveryController#index'
  [1m[35m (3.7ms)[0m  [1m[34mSELECT 1 /*action='show',application='Backend',controller='health'*/[0m
  ↳ app/controllers/api/v1/health_controller.rb:29:in 'Api::V1::HealthController#database_reachable?'
[active_model_serializers]   [1m[36mUserSkill Load (1.6ms)[0m  [1m[34mSELECT "user_skills".* FROM "user_skills" WHERE "user_skills"."user_id" IN ('4dc87d4b-2182-4cf2-b5bc-7d4f47152efc', '8e18890b-0905-48a0-9f5a-01aa368e30fe', '05b392d3-cdbe-4961-b071-6a8751c326ed', '365c08a5-fe90-4923-9502-a78fbbdf6567') /*action='index',application='Backend',controller='discovery'*/[0m
[active_model_serializers]   ↳ app/controllers/api/v1/discovery_controller.rb:33:in 'Api::V1::DiscoveryController#index'
  [1m[36mUser Load (3.0ms)[0m  [1m[34mSELECT "users".* FROM "users" WHERE "users"."id" = 'c4b38885-f504-4898-906b-24941fabb892' ORDER BY "users"."id" ASC LIMIT 1 /*action='show',application='Backend',controller='health'*/[0m
  ↳ app/controllers/api/v1/health_controller.rb:17:in 'Api::V1::HealthController#show'
[active_model_serializers]   [1m[36mPortfolioLink Load (2.1ms)[0m  [1m[34mSELECT "portfolio_links".* FROM "portfolio_links" WHERE "portfolio_links"."user_id" IN ('4dc87d4b-2182-4cf2-b5bc-7d4f47152efc', '8e18890b-0905-48a0-9f5a-01aa368e30fe', '05b392d3-cdbe-4961-b071-6a8751c326ed', '365c08a5-fe90-4923-9502-a78fbbdf6567') /*action='index',application='Backend',controller='discovery'*/[0m
[active_model_serializers] Rendered ActiveModel::Serializer::Null with Hash (0.06ms)
[active_model_serializers]   ↳ app/controllers/api/v1/discovery_controller.rb:33:in 'Api::V1::DiscoveryController#index'
Completed 200 OK in 15ms (Views: 6.4ms | ActiveRecord: 6.7ms (2 queries, 0 cached) | GC: 0.0ms)


[active_model_serializers] Rendered ActiveModel::Serializer::CollectionSerializer with ActiveModelSerializers::Adapter::Attributes (3.04ms)
[active_model_serializers] Rendered ActiveModel::Serializer::Null with Hash (1.97ms)
Completed 200 OK in 97ms (Views: 3.0ms | ActiveRecord: 15.1ms (7 queries, 0 cached) | GC: 37.1ms)


user: user
GET /api/v1/discovery?page=1&per_page=20
AVOID eager loading detected
  User => [:portfolio_links]
  Remove from your query: .includes([:portfolio_links])
Call stack
  /home/user/student-hub/student-hub-backend/app/controllers/api/v1/discovery_controller.rb:33:in 'Api::V1::DiscoveryController#index'


Started GET "/api/v1/discovery?page=1&per_page=20" for 127.0.0.1 at 2026-09-19 15:25:24 +0300
Processing by Api::V1::DiscoveryController#index as JSON
  Parameters: {"page" => "1", "per_page" => "20"}
  [1m[36mUser Load (1.0ms)[0m  [1m[34mSELECT "users".* FROM "users" WHERE "users"."id" = 'c4b38885-f504-4898-906b-24941fabb892' ORDER BY "users"."id" ASC LIMIT 1 /*action='index',application='Backend',controller='discovery'*/[0m
  ↳ app/controllers/api/v1/application_controller.rb:49:in 'Api::V1::ApplicationController#authenticate_user!'
  [1m[36mProfile Count (1.7ms)[0m  [1m[34mSELECT COUNT(*) FROM "profiles" INNER JOIN "users" ON "users"."id" = "profiles"."user_id" WHERE "profiles"."profile_visibility" = 0 AND "profiles"."show_on_explore" = TRUE AND "profiles"."user_id" != 'c4b38885-f504-4898-906b-24941fabb892' AND "profiles"."user_id" NOT IN (SELECT "connections"."target_user_id" FROM "connections" WHERE "connections"."user_id" = 'c4b38885-f504-4898-906b-24941fabb892') /*action='index',application='Backend',controller='discovery'*/[0m
  ↳ app/lib/pagination.rb:27:in 'Pagination.paginate'
Started GET "/api/v1/discovery?page=2&per_page=20" for 127.0.0.1 at 2026-09-19 15:25:24 +0300
[active_model_serializers]   [1m[36mProfile Load (2.2ms)[0m  [1m[34mSELECT "profiles".* FROM "profiles" INNER JOIN "users" ON "users"."id" = "profiles"."user_id" WHERE "profiles"."profile_visibility" = 0 AND "profiles"."show_on_explore" = TRUE AND "profiles"."user_id" != 'c4b38885-f504-4898-906b-24941fabb892' AND "profiles"."user_id" NOT IN (SELECT "connections"."target_user_id" FROM "connections" WHERE "connections"."user_id" = 'c4b38885-f504-4898-906b-24941fabb892') ORDER BY "profiles"."created_at" DESC LIMIT 20 OFFSET 0 /*action='index',application='Backend',controller='discovery'*/[0m
[active_model_serializers]   ↳ app/controllers/api/v1/discovery_controller.rb:33:in 'Api::V1::DiscoveryController#index'
[active_model_serializers]   [1m[36mUser Load (1.3ms)[0m  [1m[34mSELECT "users".* FROM "users" WHERE "users"."id" IN ('365c08a5-fe90-4923-9502-a78fbbdf6567', '05b392d3-cdbe-4961-b071-6a8751c326ed', '4dc87d4b-2182-4cf2-b5bc-7d4f47152efc', '8e18890b-0905-48a0-9f5a-01aa368e30fe') /*action='index',application='Backend',controller='discovery'*/[0m
[active_model_serializers]   ↳ app/controllers/api/v1/discovery_controller.rb:33:in 'Api::V1::DiscoveryController#index'
[active_model_serializers]   [1m[36mUserInterest Load (1.4ms)[0m  [1m[34mSELECT "user_interests".* FROM "user_interests" WHERE "user_interests"."user_id" IN ('4dc87d4b-2182-4cf2-b5bc-7d4f47152efc', '8e18890b-0905-48a0-9f5a-01aa368e30fe', '05b392d3-cdbe-4961-b071-6a8751c326ed', '365c08a5-fe90-4923-9502-a78fbbdf6567') /*action='index',application='Backend',controller='discovery'*/[0m
[active_model_serializers]   ↳ app/controllers/api/v1/discovery_controller.rb:33:in 'Api::V1::DiscoveryController#index'
Processing by Api::V1::DiscoveryController#index as JSON
  Parameters: {"page" => "2", "per_page" => "20"}
[active_model_serializers]   [1m[36mUserSkill Load (5.2ms)[0m  [1m[34mSELECT "user_skills".* FROM "user_skills" WHERE "user_skills"."user_id" IN ('4dc87d4b-2182-4cf2-b5bc-7d4f47152efc', '8e18890b-0905-48a0-9f5a-01aa368e30fe', '05b392d3-cdbe-4961-b071-6a8751c326ed', '365c08a5-fe90-4923-9502-a78fbbdf6567') /*action='index',application='Backend',controller='discovery'*/[0m
[active_model_serializers]   ↳ app/controllers/api/v1/discovery_controller.rb:33:in 'Api::V1::DiscoveryController#index'
  [1m[36mUser Load (3.4ms)[0m  [1m[34mSELECT "users".* FROM "users" WHERE "users"."id" = 'c4b38885-f504-4898-906b-24941fabb892' ORDER BY "users"."id" ASC LIMIT 1 /*action='index',application='Backend',controller='discovery'*/[0m
  ↳ app/controllers/api/v1/application_controller.rb:49:in 'Api::V1::ApplicationController#authenticate_user!'
[active_model_serializers]   [1m[36mPortfolioLink Load (7.0ms)[0m  [1m[34mSELECT "portfolio_links".* FROM "portfolio_links" WHERE "portfolio_links"."user_id" IN ('4dc87d4b-2182-4cf2-b5bc-7d4f47152efc', '8e18890b-0905-48a0-9f5a-01aa368e30fe', '05b392d3-cdbe-4961-b071-6a8751c326ed', '365c08a5-fe90-4923-9502-a78fbbdf6567') /*action='index',application='Backend',controller='discovery'*/[0m
[active_model_serializers]   ↳ app/controllers/api/v1/discovery_controller.rb:33:in 'Api::V1::DiscoveryController#index'
  [1m[36mProfile Count (4.4ms)[0m  [1m[34mSELECT COUNT(*) FROM "profiles" INNER JOIN "users" ON "users"."id" = "profiles"."user_id" WHERE "profiles"."profile_visibility" = 0 AND "profiles"."show_on_explore" = TRUE AND "profiles"."user_id" != 'c4b38885-f504-4898-906b-24941fabb892' AND "profiles"."user_id" NOT IN (SELECT "connections"."target_user_id" FROM "connections" WHERE "connections"."user_id" = 'c4b38885-f504-4898-906b-24941fabb892') /*action='index',application='Backend',controller='discovery'*/[0m
[active_model_serializers] Rendered ActiveModel::Serializer::CollectionSerializer with ActiveModelSerializers::Adapter::Attributes (2.69ms)
  ↳ app/lib/pagination.rb:27:in 'Pagination.paginate'
[active_model_serializers] Rendered ActiveModel::Serializer::Null with Hash (1.22ms)
Completed 200 OK in 69ms (Views: 3.8ms | ActiveRecord: 19.8ms (7 queries, 0 cached) | GC: 5.4ms)


user: user
GET /api/v1/discovery?page=1&per_page=20
AVOID eager loading detected
  User => [:portfolio_links]
  Remove from your query: .includes([:portfolio_links])
Call stack
  /home/user/student-hub/student-hub-backend/app/controllers/api/v1/discovery_controller.rb:33:in 'Api::V1::DiscoveryController#index'


[active_model_serializers]   [1m[36mProfile Load (3.6ms)[0m  [1m[34mSELECT "profiles".* FROM "profiles" INNER JOIN "users" ON "users"."id" = "profiles"."user_id" WHERE "profiles"."profile_visibility" = 0 AND "profiles"."show_on_explore" = TRUE AND "profiles"."user_id" != 'c4b38885-f504-4898-906b-24941fabb892' AND "profiles"."user_id" NOT IN (SELECT "connections"."target_user_id" FROM "connections" WHERE "connections"."user_id" = 'c4b38885-f504-4898-906b-24941fabb892') ORDER BY "profiles"."created_at" DESC LIMIT 20 OFFSET 20 /*action='index',application='Backend',controller='discovery'*/[0m
[active_model_serializers]   ↳ app/controllers/api/v1/discovery_controller.rb:33:in 'Api::V1::DiscoveryController#index'
[active_model_serializers] Rendered ActiveModel::Serializer::CollectionSerializer with ActiveModelSerializers::Adapter::Attributes (0.13ms)
[active_model_serializers] Rendered ActiveModel::Serializer::Null with Hash (0.08ms)
Completed 200 OK in 38ms (Views: 1.0ms | ActiveRecord: 11.3ms (3 queries, 0 cached) | GC: 3.0ms)


Started GET "/api/v1/auth/me" for 127.0.0.1 at 2026-09-19 15:25:30 +0300
Processing by Api::V1::Auth::SessionsController#show as JSON
  [1m[36mUser Load (1.4ms)[0m  [1m[34mSELECT "users".* FROM "users" WHERE "users"."id" = 'c4b38885-f504-4898-906b-24941fabb892' ORDER BY "users"."id" ASC LIMIT 1 /*action='show',application='Backend',controller='sessions'*/[0m
  ↳ app/controllers/api/v1/application_controller.rb:49:in 'Api::V1::ApplicationController#authenticate_user!'
  [1m[36mProfile Load (1.2ms)[0m  [1m[34mSELECT "profiles".* FROM "profiles" WHERE "profiles"."user_id" = 'c4b38885-f504-4898-906b-24941fabb892' LIMIT 1 /*action='show',application='Backend',controller='sessions'*/[0m
  ↳ app/controllers/api/v1/auth/sessions_controller.rb:74:in 'Api::V1::Auth::SessionsController#user_payload'
[active_model_serializers] Rendered ProfileSerializer with ActiveModelSerializers::Adapter::Attributes (1.59ms)
[active_model_serializers]   [1m[36mInterest Load (1.0ms)[0m  [1m[34mSELECT "interests".* FROM "interests" INNER JOIN "user_interests" ON "interests"."id" = "user_interests"."interest_id" WHERE "user_interests"."user_id" = 'c4b38885-f504-4898-906b-24941fabb892' /*action='show',application='Backend',controller='sessions'*/[0m
[active_model_serializers]   ↳ app/controllers/api/v1/auth/sessions_controller.rb:43:in 'Api::V1::Auth::SessionsController#show'
[active_model_serializers]   [1m[36mSkill Load (1.0ms)[0m  [1m[34mSELECT "skills".* FROM "skills" INNER JOIN "user_skills" ON "skills"."id" = "user_skills"."skill_id" WHERE "user_skills"."user_id" = 'c4b38885-f504-4898-906b-24941fabb892' /*action='show',application='Backend',controller='sessions'*/[0m
[active_model_serializers]   ↳ app/controllers/api/v1/auth/sessions_controller.rb:43:in 'Api::V1::Auth::SessionsController#show'
[active_model_serializers]   [1m[36mPortfolioLink Load (1.0ms)[0m  [1m[34mSELECT "portfolio_links".* FROM "portfolio_links" WHERE "portfolio_links"."user_id" = 'c4b38885-f504-4898-906b-24941fabb892' /*action='show',application='Backend',controller='sessions'*/[0m
[active_model_serializers]   ↳ app/controllers/api/v1/auth/sessions_controller.rb:43:in 'Api::V1::Auth::SessionsController#show'
[active_model_serializers] Rendered ActiveModel::Serializer::Null with Hash (16.56ms)
Completed 200 OK in 35ms (Views: 14.3ms | ActiveRecord: 5.4ms (5 queries, 0 cached) | GC: 1.6ms)


Started GET "/api/v1/auth/me" for 127.0.0.1 at 2026-09-19 15:25:30 +0300
Processing by Api::V1::Auth::SessionsController#show as JSON
  [1m[36mUser Load (0.8ms)[0m  [1m[34mSELECT "users".* FROM "users" WHERE "users"."id" = 'c4b38885-f504-4898-906b-24941fabb892' ORDER BY "users"."id" ASC LIMIT 1 /*action='show',application='Backend',controller='sessions'*/[0m
  ↳ app/controllers/api/v1/application_controller.rb:49:in 'Api::V1::ApplicationController#authenticate_user!'
  [1m[36mProfile Load (0.7ms)[0m  [1m[34mSELECT "profiles".* FROM "profiles" WHERE "profiles"."user_id" = 'c4b38885-f504-4898-906b-24941fabb892' LIMIT 1 /*action='show',application='Backend',controller='sessions'*/[0m
  ↳ app/controllers/api/v1/auth/sessions_controller.rb:74:in 'Api::V1::Auth::SessionsController#user_payload'
[active_model_serializers] Rendered ProfileSerializer with ActiveModelSerializers::Adapter::Attributes (1.76ms)
[active_model_serializers]   [1m[36mInterest Load (0.9ms)[0m  [1m[34mSELECT "interests".* FROM "interests" INNER JOIN "user_interests" ON "interests"."id" = "user_interests"."interest_id" WHERE "user_interests"."user_id" = 'c4b38885-f504-4898-906b-24941fabb892' /*action='show',application='Backend',controller='sessions'*/[0m
[active_model_serializers]   ↳ app/controllers/api/v1/auth/sessions_controller.rb:43:in 'Api::V1::Auth::SessionsController#show'
[active_model_serializers]   [1m[36mSkill Load (0.9ms)[0m  [1m[34mSELECT "skills".* FROM "skills" INNER JOIN "user_skills" ON "skills"."id" = "user_skills"."skill_id" WHERE "user_skills"."user_id" = 'c4b38885-f504-4898-906b-24941fabb892' /*action='show',application='Backend',controller='sessions'*/[0m
[active_model_serializers]   ↳ app/controllers/api/v1/auth/sessions_controller.rb:43:in 'Api::V1::Auth::SessionsController#show'
[active_model_serializers]   [1m[36mPortfolioLink Load (0.7ms)[0m  [1m[34mSELECT "portfolio_links".* FROM "portfolio_links" WHERE "portfolio_links"."user_id" = 'c4b38885-f504-4898-906b-24941fabb892' /*action='show',application='Backend',controller='sessions'*/[0m
[active_model_serializers]   ↳ app/controllers/api/v1/auth/sessions_controller.rb:43:in 'Api::V1::Auth::SessionsController#show'
[active_model_serializers] Rendered ActiveModel::Serializer::Null with Hash (13.28ms)
Completed 200 OK in 25ms (Views: 11.4ms | ActiveRecord: 3.9ms (5 queries, 0 cached) | GC: 2.3ms)


Started GET "/api/v1/discovery?page=1&per_page=20" for 127.0.0.1 at 2026-09-19 15:25:30 +0300
Started GET "/api/v1/health" for 127.0.0.1 at 2026-09-19 15:25:30 +0300
Processing by Api::V1::DiscoveryController#index as JSON
  Parameters: {"page" => "1", "per_page" => "20"}
Processing by Api::V1::HealthController#show as JSON
  [1m[36mUser Load (2.8ms)[0m  [1m[34mSELECT "users".* FROM "users" WHERE "users"."id" = 'c4b38885-f504-4898-906b-24941fabb892' ORDER BY "users"."id" ASC LIMIT 1 /*action='index',application='Backend',controller='discovery'*/[0m
  ↳ app/controllers/api/v1/application_controller.rb:49:in 'Api::V1::ApplicationController#authenticate_user!'
  [1m[35m (5.7ms)[0m  [1m[34mSELECT 1 /*action='show',application='Backend',controller='health'*/[0m
  ↳ app/controllers/api/v1/health_controller.rb:29:in 'Api::V1::HealthController#database_reachable?'
  [1m[36mProfile Count (2.9ms)[0m  [1m[34mSELECT COUNT(*) FROM "profiles" INNER JOIN "users" ON "users"."id" = "profiles"."user_id" WHERE "profiles"."profile_visibility" = 0 AND "profiles"."show_on_explore" = TRUE AND "profiles"."user_id" != 'c4b38885-f504-4898-906b-24941fabb892' AND "profiles"."user_id" NOT IN (SELECT "connections"."target_user_id" FROM "connections" WHERE "connections"."user_id" = 'c4b38885-f504-4898-906b-24941fabb892') /*action='index',application='Backend',controller='discovery'*/[0m
  ↳ app/lib/pagination.rb:27:in 'Pagination.paginate'
  [1m[36mUser Load (3.7ms)[0m  [1m[34mSELECT "users".* FROM "users" WHERE "users"."id" = 'c4b38885-f504-4898-906b-24941fabb892' ORDER BY "users"."id" ASC LIMIT 1 /*action='show',application='Backend',controller='health'*/[0m
  ↳ app/controllers/api/v1/health_controller.rb:17:in 'Api::V1::HealthController#show'
[active_model_serializers] Rendered ActiveModel::Serializer::Null with Hash (0.05ms)
Completed 200 OK in 15ms (Views: 4.1ms | ActiveRecord: 9.4ms (2 queries, 0 cached) | GC: 0.8ms)


[active_model_serializers]   [1m[36mProfile Load (3.4ms)[0m  [1m[34mSELECT "profiles".* FROM "profiles" INNER JOIN "users" ON "users"."id" = "profiles"."user_id" WHERE "profiles"."profile_visibility" = 0 AND "profiles"."show_on_explore" = TRUE AND "profiles"."user_id" != 'c4b38885-f504-4898-906b-24941fabb892' AND "profiles"."user_id" NOT IN (SELECT "connections"."target_user_id" FROM "connections" WHERE "connections"."user_id" = 'c4b38885-f504-4898-906b-24941fabb892') ORDER BY "profiles"."created_at" DESC LIMIT 20 OFFSET 0 /*action='index',application='Backend',controller='discovery'*/[0m
[active_model_serializers]   ↳ app/controllers/api/v1/discovery_controller.rb:33:in 'Api::V1::DiscoveryController#index'
[active_model_serializers]   [1m[36mUser Load (1.5ms)[0m  [1m[34mSELECT "users".* FROM "users" WHERE "users"."id" IN ('365c08a5-fe90-4923-9502-a78fbbdf6567', '05b392d3-cdbe-4961-b071-6a8751c326ed', '4dc87d4b-2182-4cf2-b5bc-7d4f47152efc', '8e18890b-0905-48a0-9f5a-01aa368e30fe') /*action='index',application='Backend',controller='discovery'*/[0m
[active_model_serializers]   ↳ app/controllers/api/v1/discovery_controller.rb:33:in 'Api::V1::DiscoveryController#index'
Started GET "/api/v1/health" for 127.0.0.1 at 2026-09-19 15:25:30 +0300
[active_model_serializers]   [1m[36mUserInterest Load (1.6ms)[0m  [1m[34mSELECT "user_interests".* FROM "user_interests" WHERE "user_interests"."user_id" IN ('4dc87d4b-2182-4cf2-b5bc-7d4f47152efc', '8e18890b-0905-48a0-9f5a-01aa368e30fe', '05b392d3-cdbe-4961-b071-6a8751c326ed', '365c08a5-fe90-4923-9502-a78fbbdf6567') /*action='index',application='Backend',controller='discovery'*/[0m
[active_model_serializers]   ↳ app/controllers/api/v1/discovery_controller.rb:33:in 'Api::V1::DiscoveryController#index'
[active_model_serializers]   [1m[36mUserSkill Load (1.6ms)[0m  [1m[34mSELECT "user_skills".* FROM "user_skills" WHERE "user_skills"."user_id" IN ('4dc87d4b-2182-4cf2-b5bc-7d4f47152efc', '8e18890b-0905-48a0-9f5a-01aa368e30fe', '05b392d3-cdbe-4961-b071-6a8751c326ed', '365c08a5-fe90-4923-9502-a78fbbdf6567') /*action='index',application='Backend',controller='discovery'*/[0m
[active_model_serializers]   ↳ app/controllers/api/v1/discovery_controller.rb:33:in 'Api::V1::DiscoveryController#index'
Processing by Api::V1::HealthController#show as JSON
[active_model_serializers]   [1m[36mPortfolioLink Load (3.4ms)[0m  [1m[34mSELECT "portfolio_links".* FROM "portfolio_links" WHERE "portfolio_links"."user_id" IN ('4dc87d4b-2182-4cf2-b5bc-7d4f47152efc', '8e18890b-0905-48a0-9f5a-01aa368e30fe', '05b392d3-cdbe-4961-b071-6a8751c326ed', '365c08a5-fe90-4923-9502-a78fbbdf6567') /*action='index',application='Backend',controller='discovery'*/[0m
[active_model_serializers]   ↳ app/controllers/api/v1/discovery_controller.rb:33:in 'Api::V1::DiscoveryController#index'
[active_model_serializers] Rendered ActiveModel::Serializer::CollectionSerializer with ActiveModelSerializers::Adapter::Attributes (2.89ms)
  [1m[35m (6.1ms)[0m  [1m[34mSELECT 1 /*action='show',application='Backend',controller='health'*/[0m
[active_model_serializers] Rendered ActiveModel::Serializer::Null with Hash (0.7ms)
  ↳ app/controllers/api/v1/health_controller.rb:29:in 'Api::V1::HealthController#database_reachable?'
Completed 200 OK in 74ms (Views: 3.1ms | ActiveRecord: 17.1ms (7 queries, 0 cached) | GC: 1.8ms)


user: user
GET /api/v1/discovery?page=1&per_page=20
AVOID eager loading detected
  User => [:portfolio_links]
  Remove from your query: .includes([:portfolio_links])
Call stack
  /home/user/student-hub/student-hub-backend/app/controllers/api/v1/discovery_controller.rb:33:in 'Api::V1::DiscoveryController#index'


  [1m[36mUser Load (1.6ms)[0m  [1m[34mSELECT "users".* FROM "users" WHERE "users"."id" = 'c4b38885-f504-4898-906b-24941fabb892' ORDER BY "users"."id" ASC LIMIT 1 /*action='show',application='Backend',controller='health'*/[0m
  ↳ app/controllers/api/v1/health_controller.rb:17:in 'Api::V1::HealthController#show'
[active_model_serializers] Rendered ActiveModel::Serializer::Null with Hash (0.12ms)
Completed 200 OK in 20ms (Views: 7.1ms | ActiveRecord: 7.6ms (2 queries, 0 cached) | GC: 0.9ms)


Started GET "/api/v1/discovery?page=1&per_page=20" for 127.0.0.1 at 2026-09-19 15:25:30 +0300
Processing by Api::V1::DiscoveryController#index as JSON
  Parameters: {"page" => "1", "per_page" => "20"}
  [1m[36mUser Load (1.1ms)[0m  [1m[34mSELECT "users".* FROM "users" WHERE "users"."id" = 'c4b38885-f504-4898-906b-24941fabb892' ORDER BY "users"."id" ASC LIMIT 1 /*action='index',application='Backend',controller='discovery'*/[0m
  ↳ app/controllers/api/v1/application_controller.rb:49:in 'Api::V1::ApplicationController#authenticate_user!'
  [1m[36mProfile Count (1.5ms)[0m  [1m[34mSELECT COUNT(*) FROM "profiles" INNER JOIN "users" ON "users"."id" = "profiles"."user_id" WHERE "profiles"."profile_visibility" = 0 AND "profiles"."show_on_explore" = TRUE AND "profiles"."user_id" != 'c4b38885-f504-4898-906b-24941fabb892' AND "profiles"."user_id" NOT IN (SELECT "connections"."target_user_id" FROM "connections" WHERE "connections"."user_id" = 'c4b38885-f504-4898-906b-24941fabb892') /*action='index',application='Backend',controller='discovery'*/[0m
  ↳ app/lib/pagination.rb:27:in 'Pagination.paginate'
[active_model_serializers]   [1m[36mProfile Load (2.1ms)[0m  [1m[34mSELECT "profiles".* FROM "profiles" INNER JOIN "users" ON "users"."id" = "profiles"."user_id" WHERE "profiles"."profile_visibility" = 0 AND "profiles"."show_on_explore" = TRUE AND "profiles"."user_id" != 'c4b38885-f504-4898-906b-24941fabb892' AND "profiles"."user_id" NOT IN (SELECT "connections"."target_user_id" FROM "connections" WHERE "connections"."user_id" = 'c4b38885-f504-4898-906b-24941fabb892') ORDER BY "profiles"."created_at" DESC LIMIT 20 OFFSET 0 /*action='index',application='Backend',controller='discovery'*/[0m
Started GET "/api/v1/discovery?page=2&per_page=20" for 127.0.0.1 at 2026-09-19 15:25:30 +0300
[active_model_serializers]   ↳ app/controllers/api/v1/discovery_controller.rb:33:in 'Api::V1::DiscoveryController#index'
[active_model_serializers]   [1m[36mUser Load (1.8ms)[0m  [1m[34mSELECT "users".* FROM "users" WHERE "users"."id" IN ('365c08a5-fe90-4923-9502-a78fbbdf6567', '05b392d3-cdbe-4961-b071-6a8751c326ed', '4dc87d4b-2182-4cf2-b5bc-7d4f47152efc', '8e18890b-0905-48a0-9f5a-01aa368e30fe') /*action='index',application='Backend',controller='discovery'*/[0m
[active_model_serializers]   ↳ app/controllers/api/v1/discovery_controller.rb:33:in 'Api::V1::DiscoveryController#index'
[active_model_serializers]   [1m[36mUserInterest Load (1.3ms)[0m  [1m[34mSELECT "user_interests".* FROM "user_interests" WHERE "user_interests"."user_id" IN ('4dc87d4b-2182-4cf2-b5bc-7d4f47152efc', '8e18890b-0905-48a0-9f5a-01aa368e30fe', '05b392d3-cdbe-4961-b071-6a8751c326ed', '365c08a5-fe90-4923-9502-a78fbbdf6567') /*action='index',application='Backend',controller='discovery'*/[0m
[active_model_serializers]   ↳ app/controllers/api/v1/discovery_controller.rb:33:in 'Api::V1::DiscoveryController#index'
Processing by Api::V1::DiscoveryController#index as JSON
[active_model_serializers]   [1m[36mUserSkill Load (1.6ms)[0m  [1m[34mSELECT "user_skills".* FROM "user_skills" WHERE "user_skills"."user_id" IN ('4dc87d4b-2182-4cf2-b5bc-7d4f47152efc', '8e18890b-0905-48a0-9f5a-01aa368e30fe', '05b392d3-cdbe-4961-b071-6a8751c326ed', '365c08a5-fe90-4923-9502-a78fbbdf6567') /*action='index',application='Backend',controller='discovery'*/[0m
  Parameters: {"page" => "2", "per_page" => "20"}
[active_model_serializers]   ↳ app/controllers/api/v1/discovery_controller.rb:33:in 'Api::V1::DiscoveryController#index'
  [1m[36mUser Load (2.6ms)[0m  [1m[34mSELECT "users".* FROM "users" WHERE "users"."id" = 'c4b38885-f504-4898-906b-24941fabb892' ORDER BY "users"."id" ASC LIMIT 1 /*action='index',application='Backend',controller='discovery'*/[0m
  ↳ app/controllers/api/v1/application_controller.rb:49:in 'Api::V1::ApplicationController#authenticate_user!'
[active_model_serializers]   [1m[36mPortfolioLink Load (1.8ms)[0m  [1m[34mSELECT "portfolio_links".* FROM "portfolio_links" WHERE "portfolio_links"."user_id" IN ('4dc87d4b-2182-4cf2-b5bc-7d4f47152efc', '8e18890b-0905-48a0-9f5a-01aa368e30fe', '05b392d3-cdbe-4961-b071-6a8751c326ed', '365c08a5-fe90-4923-9502-a78fbbdf6567') /*action='index',application='Backend',controller='discovery'*/[0m
[active_model_serializers]   ↳ app/controllers/api/v1/discovery_controller.rb:33:in 'Api::V1::DiscoveryController#index'
  [1m[36mProfile Count (1.5ms)[0m  [1m[34mSELECT COUNT(*) FROM "profiles" INNER JOIN "users" ON "users"."id" = "profiles"."user_id" WHERE "profiles"."profile_visibility" = 0 AND "profiles"."show_on_explore" = TRUE AND "profiles"."user_id" != 'c4b38885-f504-4898-906b-24941fabb892' AND "profiles"."user_id" NOT IN (SELECT "connections"."target_user_id" FROM "connections" WHERE "connections"."user_id" = 'c4b38885-f504-4898-906b-24941fabb892') /*action='index',application='Backend',controller='discovery'*/[0m
[active_model_serializers] Rendered ActiveModel::Serializer::CollectionSerializer with ActiveModelSerializers::Adapter::Attributes (2.64ms)
  ↳ app/lib/pagination.rb:27:in 'Pagination.paginate'
[active_model_serializers] Rendered ActiveModel::Serializer::Null with Hash (0.79ms)
Completed 200 OK in 56ms (Views: 2.6ms | ActiveRecord: 11.1ms (7 queries, 0 cached) | GC: 1.9ms)


[active_model_serializers]   [1m[36mProfile Load (1.3ms)[0m  [1m[34mSELECT "profiles".* FROM "profiles" INNER JOIN "users" ON "users"."id" = "profiles"."user_id" WHERE "profiles"."profile_visibility" = 0 AND "profiles"."show_on_explore" = TRUE AND "profiles"."user_id" != 'c4b38885-f504-4898-906b-24941fabb892' AND "profiles"."user_id" NOT IN (SELECT "connections"."target_user_id" FROM "connections" WHERE "connections"."user_id" = 'c4b38885-f504-4898-906b-24941fabb892') ORDER BY "profiles"."created_at" DESC LIMIT 20 OFFSET 20 /*action='index',application='Backend',controller='discovery'*/[0m
user: user
GET /api/v1/discovery?page=1&per_page=20
AVOID eager loading detected
  User => [:portfolio_links]
  Remove from your query: .includes([:portfolio_links])
Call stack
  /home/user/student-hub/student-hub-backend/app/controllers/api/v1/discovery_controller.rb:33:in 'Api::V1::DiscoveryController#index'


[active_model_serializers]   ↳ app/controllers/api/v1/discovery_controller.rb:33:in 'Api::V1::DiscoveryController#index'
[active_model_serializers] Rendered ActiveModel::Serializer::CollectionSerializer with ActiveModelSerializers::Adapter::Attributes (0.1ms)
[active_model_serializers] Rendered ActiveModel::Serializer::Null with Hash (0.09ms)
Completed 200 OK in 25ms (Views: 0.9ms | ActiveRecord: 5.4ms (3 queries, 0 cached) | GC: 0.5ms)


Started GET "/api/v1/discovery?page=1&per_page=20" for 127.0.0.1 at 2026-09-19 15:25:32 +0300
Processing by Api::V1::DiscoveryController#index as JSON
  Parameters: {"page" => "1", "per_page" => "20"}
  [1m[36mUser Load (3.4ms)[0m  [1m[34mSELECT "users".* FROM "users" WHERE "users"."id" = 'c4b38885-f504-4898-906b-24941fabb892' ORDER BY "users"."id" ASC LIMIT 1 /*action='index',application='Backend',controller='discovery'*/[0m
  ↳ app/controllers/api/v1/application_controller.rb:49:in 'Api::V1::ApplicationController#authenticate_user!'
  [1m[36mProfile Count (3.0ms)[0m  [1m[34mSELECT COUNT(*) FROM "profiles" INNER JOIN "users" ON "users"."id" = "profiles"."user_id" WHERE "profiles"."profile_visibility" = 0 AND "profiles"."show_on_explore" = TRUE AND "profiles"."user_id" != 'c4b38885-f504-4898-906b-24941fabb892' AND "profiles"."user_id" NOT IN (SELECT "connections"."target_user_id" FROM "connections" WHERE "connections"."user_id" = 'c4b38885-f504-4898-906b-24941fabb892') /*action='index',application='Backend',controller='discovery'*/[0m
  ↳ app/lib/pagination.rb:27:in 'Pagination.paginate'
[active_model_serializers]   [1m[36mProfile Load (4.1ms)[0m  [1m[34mSELECT "profiles".* FROM "profiles" INNER JOIN "users" ON "users"."id" = "profiles"."user_id" WHERE "profiles"."profile_visibility" = 0 AND "profiles"."show_on_explore" = TRUE AND "profiles"."user_id" != 'c4b38885-f504-4898-906b-24941fabb892' AND "profiles"."user_id" NOT IN (SELECT "connections"."target_user_id" FROM "connections" WHERE "connections"."user_id" = 'c4b38885-f504-4898-906b-24941fabb892') ORDER BY "profiles"."created_at" DESC LIMIT 20 OFFSET 0 /*action='index',application='Backend',controller='discovery'*/[0m
[active_model_serializers]   ↳ app/controllers/api/v1/discovery_controller.rb:33:in 'Api::V1::DiscoveryController#index'
[active_model_serializers]   [1m[36mUser Load (2.6ms)[0m  [1m[34mSELECT "users".* FROM "users" WHERE "users"."id" IN ('365c08a5-fe90-4923-9502-a78fbbdf6567', '05b392d3-cdbe-4961-b071-6a8751c326ed', '4dc87d4b-2182-4cf2-b5bc-7d4f47152efc', '8e18890b-0905-48a0-9f5a-01aa368e30fe') /*action='index',application='Backend',controller='discovery'*/[0m
[active_model_serializers]   ↳ app/controllers/api/v1/discovery_controller.rb:33:in 'Api::V1::DiscoveryController#index'
[active_model_serializers]   [1m[36mUserInterest Load (2.7ms)[0m  [1m[34mSELECT "user_interests".* FROM "user_interests" WHERE "user_interests"."user_id" IN ('4dc87d4b-2182-4cf2-b5bc-7d4f47152efc', '8e18890b-0905-48a0-9f5a-01aa368e30fe', '05b392d3-cdbe-4961-b071-6a8751c326ed', '365c08a5-fe90-4923-9502-a78fbbdf6567') /*action='index',application='Backend',controller='discovery'*/[0m
[active_model_serializers]   ↳ app/controllers/api/v1/discovery_controller.rb:33:in 'Api::V1::DiscoveryController#index'
[active_model_serializers]   [1m[36mUserSkill Load (2.7ms)[0m  [1m[34mSELECT "user_skills".* FROM "user_skills" WHERE "user_skills"."user_id" IN ('4dc87d4b-2182-4cf2-b5bc-7d4f47152efc', '8e18890b-0905-48a0-9f5a-01aa368e30fe', '05b392d3-cdbe-4961-b071-6a8751c326ed', '365c08a5-fe90-4923-9502-a78fbbdf6567') /*action='index',application='Backend',controller='discovery'*/[0m
[active_model_serializers]   ↳ app/controllers/api/v1/discovery_controller.rb:33:in 'Api::V1::DiscoveryController#index'
[active_model_serializers]   [1m[36mPortfolioLink Load (3.3ms)[0m  [1m[34mSELECT "portfolio_links".* FROM "portfolio_links" WHERE "portfolio_links"."user_id" IN ('4dc87d4b-2182-4cf2-b5bc-7d4f47152efc', '8e18890b-0905-48a0-9f5a-01aa368e30fe', '05b392d3-cdbe-4961-b071-6a8751c326ed', '365c08a5-fe90-4923-9502-a78fbbdf6567') /*action='index',application='Backend',controller='discovery'*/[0m
[active_model_serializers]   ↳ app/controllers/api/v1/discovery_controller.rb:33:in 'Api::V1::DiscoveryController#index'
[active_model_serializers] Rendered ActiveModel::Serializer::CollectionSerializer with ActiveModelSerializers::Adapter::Attributes (13.28ms)
[active_model_serializers] Rendered ActiveModel::Serializer::Null with Hash (2.29ms)
Completed 200 OK in 118ms (Views: 3.8ms | ActiveRecord: 21.6ms (7 queries, 0 cached) | GC: 2.9ms)


user: user
GET /api/v1/discovery?page=1&per_page=20
AVOID eager loading detected
  User => [:portfolio_links]
  Remove from your query: .includes([:portfolio_links])
Call stack
  /home/user/student-hub/student-hub-backend/app/controllers/api/v1/discovery_controller.rb:33:in 'Api::V1::DiscoveryController#index'


Started GET "/api/v1/discovery?page=2&per_page=20" for 127.0.0.1 at 2026-09-19 15:25:32 +0300
Processing by Api::V1::DiscoveryController#index as JSON
  Parameters: {"page" => "2", "per_page" => "20"}
  [1m[36mUser Load (2.3ms)[0m  [1m[34mSELECT "users".* FROM "users" WHERE "users"."id" = 'c4b38885-f504-4898-906b-24941fabb892' ORDER BY "users"."id" ASC LIMIT 1 /*action='index',application='Backend',controller='discovery'*/[0m
  ↳ app/controllers/api/v1/application_controller.rb:49:in 'Api::V1::ApplicationController#authenticate_user!'
  [1m[36mProfile Count (3.7ms)[0m  [1m[34mSELECT COUNT(*) FROM "profiles" INNER JOIN "users" ON "users"."id" = "profiles"."user_id" WHERE "profiles"."profile_visibility" = 0 AND "profiles"."show_on_explore" = TRUE AND "profiles"."user_id" != 'c4b38885-f504-4898-906b-24941fabb892' AND "profiles"."user_id" NOT IN (SELECT "connections"."target_user_id" FROM "connections" WHERE "connections"."user_id" = 'c4b38885-f504-4898-906b-24941fabb892') /*action='index',application='Backend',controller='discovery'*/[0m
  ↳ app/lib/pagination.rb:27:in 'Pagination.paginate'
[active_model_serializers]   [1m[36mProfile Load (2.3ms)[0m  [1m[34mSELECT "profiles".* FROM "profiles" INNER JOIN "users" ON "users"."id" = "profiles"."user_id" WHERE "profiles"."profile_visibility" = 0 AND "profiles"."show_on_explore" = TRUE AND "profiles"."user_id" != 'c4b38885-f504-4898-906b-24941fabb892' AND "profiles"."user_id" NOT IN (SELECT "connections"."target_user_id" FROM "connections" WHERE "connections"."user_id" = 'c4b38885-f504-4898-906b-24941fabb892') ORDER BY "profiles"."created_at" DESC LIMIT 20 OFFSET 20 /*action='index',application='Backend',controller='discovery'*/[0m
[active_model_serializers]   ↳ app/controllers/api/v1/discovery_controller.rb:33:in 'Api::V1::DiscoveryController#index'
[active_model_serializers] Rendered ActiveModel::Serializer::CollectionSerializer with ActiveModelSerializers::Adapter::Attributes (0.09ms)
[active_model_serializers] Rendered ActiveModel::Serializer::Null with Hash (0.14ms)
Completed 200 OK in 42ms (Views: 1.2ms | ActiveRecord: 8.1ms (3 queries, 0 cached) | GC: 1.8ms)


Started POST "/api/v1/discovery/365c08a5-fe90-4923-9502-a78fbbdf6567/pass" for 127.0.0.1 at 2026-09-19 15:25:36 +0300
  [1m[36mUser Load (2.4ms)[0m  [1m[34mSELECT "users".* FROM "users" WHERE "users"."id" = 'c4b38885-f504-4898-906b-24941fabb892' ORDER BY "users"."id" ASC LIMIT 1 /*application='Backend'*/[0m
  ↳ config/initializers/rack_attack.rb:66:in 'block in <class:Attack>'
Processing by Api::V1::DiscoveryController#pass as JSON
  Parameters: {"user_id" => "365c08a5-fe90-4923-9502-a78fbbdf6567"}
  [1m[36mUser Load (1.2ms)[0m  [1m[34mSELECT "users".* FROM "users" WHERE "users"."id" = '365c08a5-fe90-4923-9502-a78fbbdf6567' LIMIT 1 /*action='pass',application='Backend',controller='discovery'*/[0m
  ↳ app/controllers/api/v1/discovery_controller.rb:103:in 'Api::V1::DiscoveryController#find_target_user!'
  [1m[36mProfile Load (1.2ms)[0m  [1m[34mSELECT "profiles".* FROM "profiles" WHERE "profiles"."user_id" = '365c08a5-fe90-4923-9502-a78fbbdf6567' /*action='pass',application='Backend',controller='discovery'*/[0m
  ↳ app/controllers/api/v1/discovery_controller.rb:103:in 'Api::V1::DiscoveryController#find_target_user!'
  [1m[36mTRANSACTION (0.7ms)[0m  [1m[35mBEGIN /*action='pass',application='Backend',controller='discovery'*/[0m
  ↳ app/services/connections/record_action.rb:31:in 'block in Connections::RecordAction#call'
  [1m[36mConnection Load (3.5ms)[0m  [1m[34mSELECT "connections".* FROM "connections" WHERE "connections"."user_id" = 'c4b38885-f504-4898-906b-24941fabb892' AND "connections"."target_user_id" = '365c08a5-fe90-4923-9502-a78fbbdf6567' LIMIT 1 /*action='pass',application='Backend',controller='discovery'*/[0m
  ↳ app/services/connections/record_action.rb:31:in 'block in Connections::RecordAction#call'
  [1m[36mUser Load (1.3ms)[0m  [1m[34mSELECT "users".* FROM "users" WHERE "users"."id" = 'c4b38885-f504-4898-906b-24941fabb892' LIMIT 1 /*action='pass',application='Backend',controller='discovery'*/[0m
  ↳ app/services/connections/record_action.rb:36:in 'block in Connections::RecordAction#call'
  [1m[36mCACHE User Load (0.0ms)[0m  [1m[34mSELECT "users".* FROM "users" WHERE "users"."id" = '365c08a5-fe90-4923-9502-a78fbbdf6567' LIMIT 1[0m
  ↳ app/services/connections/record_action.rb:36:in 'block in Connections::RecordAction#call'
  [1m[36mConnection Exists? (1.3ms)[0m  [1m[34mSELECT 1 AS one FROM "connections" WHERE "connections"."user_id" = 'c4b38885-f504-4898-906b-24941fabb892' AND "connections"."target_user_id" = '365c08a5-fe90-4923-9502-a78fbbdf6567' LIMIT 1 /*action='pass',application='Backend',controller='discovery'*/[0m
  ↳ app/services/connections/record_action.rb:36:in 'block in Connections::RecordAction#call'
  [1m[36mConnection Create (1.9ms)[0m  [1m[32mINSERT INTO "connections" ("user_id", "target_user_id", "status", "created_at", "updated_at") VALUES ('c4b38885-f504-4898-906b-24941fabb892', '365c08a5-fe90-4923-9502-a78fbbdf6567', 0, '2026-09-19 12:25:36.847297', '2026-09-19 12:25:36.847297') RETURNING "id" /*action='pass',application='Backend',controller='discovery'*/[0m
  ↳ app/services/connections/record_action.rb:36:in 'block in Connections::RecordAction#call'
  [1m[36mTRANSACTION (2.5ms)[0m  [1m[35mCOMMIT /*action='pass',application='Backend',controller='discovery'*/[0m
  ↳ app/services/connections/record_action.rb:30:in 'Connections::RecordAction#call'
[active_model_serializers] Rendered ConnectionSerializer with ActiveModelSerializers::Adapter::Attributes (0.39ms)
[active_model_serializers] Rendered ActiveModel::Serializer::Null with Hash (0.06ms)
Completed 200 OK in 60ms (Views: 0.6ms | ActiveRecord: 15.5ms (7 queries, 1 cached) | GC: 1.0ms)


Started POST "/api/v1/discovery/05b392d3-cdbe-4961-b071-6a8751c326ed/pass" for 127.0.0.1 at 2026-09-19 15:25:37 +0300
  [1m[36mUser Load (3.4ms)[0m  [1m[34mSELECT "users".* FROM "users" WHERE "users"."id" = 'c4b38885-f504-4898-906b-24941fabb892' ORDER BY "users"."id" ASC LIMIT 1 /*application='Backend'*/[0m
  ↳ config/initializers/rack_attack.rb:66:in 'block in <class:Attack>'
Processing by Api::V1::DiscoveryController#pass as JSON
  Parameters: {"user_id" => "05b392d3-cdbe-4961-b071-6a8751c326ed"}
  [1m[36mUser Load (3.4ms)[0m  [1m[34mSELECT "users".* FROM "users" WHERE "users"."id" = '05b392d3-cdbe-4961-b071-6a8751c326ed' LIMIT 1 /*action='pass',application='Backend',controller='discovery'*/[0m
  ↳ app/controllers/api/v1/discovery_controller.rb:103:in 'Api::V1::DiscoveryController#find_target_user!'
  [1m[36mProfile Load (2.4ms)[0m  [1m[34mSELECT "profiles".* FROM "profiles" WHERE "profiles"."user_id" = '05b392d3-cdbe-4961-b071-6a8751c326ed' /*action='pass',application='Backend',controller='discovery'*/[0m
  ↳ app/controllers/api/v1/discovery_controller.rb:103:in 'Api::V1::DiscoveryController#find_target_user!'
  [1m[36mTRANSACTION (1.9ms)[0m  [1m[35mBEGIN /*action='pass',application='Backend',controller='discovery'*/[0m
  ↳ app/services/connections/record_action.rb:31:in 'block in Connections::RecordAction#call'
  [1m[36mConnection Load (11.7ms)[0m  [1m[34mSELECT "connections".* FROM "connections" WHERE "connections"."user_id" = 'c4b38885-f504-4898-906b-24941fabb892' AND "connections"."target_user_id" = '05b392d3-cdbe-4961-b071-6a8751c326ed' LIMIT 1 /*action='pass',application='Backend',controller='discovery'*/[0m
  ↳ app/services/connections/record_action.rb:31:in 'block in Connections::RecordAction#call'
  [1m[36mUser Load (2.3ms)[0m  [1m[34mSELECT "users".* FROM "users" WHERE "users"."id" = 'c4b38885-f504-4898-906b-24941fabb892' LIMIT 1 /*action='pass',application='Backend',controller='discovery'*/[0m
  ↳ app/services/connections/record_action.rb:36:in 'block in Connections::RecordAction#call'
  [1m[36mCACHE User Load (0.0ms)[0m  [1m[34mSELECT "users".* FROM "users" WHERE "users"."id" = '05b392d3-cdbe-4961-b071-6a8751c326ed' LIMIT 1[0m
  ↳ app/services/connections/record_action.rb:36:in 'block in Connections::RecordAction#call'
  [1m[36mConnection Exists? (3.4ms)[0m  [1m[34mSELECT 1 AS one FROM "connections" WHERE "connections"."user_id" = 'c4b38885-f504-4898-906b-24941fabb892' AND "connections"."target_user_id" = '05b392d3-cdbe-4961-b071-6a8751c326ed' LIMIT 1 /*action='pass',application='Backend',controller='discovery'*/[0m
  ↳ app/services/connections/record_action.rb:36:in 'block in Connections::RecordAction#call'
  [1m[36mConnection Create (3.9ms)[0m  [1m[32mINSERT INTO "connections" ("user_id", "target_user_id", "status", "created_at", "updated_at") VALUES ('c4b38885-f504-4898-906b-24941fabb892', '05b392d3-cdbe-4961-b071-6a8751c326ed', 0, '2026-09-19 12:25:37.780667', '2026-09-19 12:25:37.780667') RETURNING "id" /*action='pass',application='Backend',controller='discovery'*/[0m
  ↳ app/services/connections/record_action.rb:36:in 'block in Connections::RecordAction#call'
  [1m[36mTRANSACTION (15.0ms)[0m  [1m[35mCOMMIT /*action='pass',application='Backend',controller='discovery'*/[0m
  ↳ app/services/connections/record_action.rb:30:in 'Connections::RecordAction#call'
[active_model_serializers] Rendered ConnectionSerializer with ActiveModelSerializers::Adapter::Attributes (0.93ms)
[active_model_serializers] Rendered ActiveModel::Serializer::Null with Hash (0.14ms)
Completed 200 OK in 110ms (Views: 1.4ms | ActiveRecord: 43.7ms (7 queries, 1 cached) | GC: 0.0ms)


Started POST "/api/v1/discovery/4dc87d4b-2182-4cf2-b5bc-7d4f47152efc/pass" for 127.0.0.1 at 2026-09-19 15:25:38 +0300
  [1m[36mUser Load (1.2ms)[0m  [1m[34mSELECT "users".* FROM "users" WHERE "users"."id" = 'c4b38885-f504-4898-906b-24941fabb892' ORDER BY "users"."id" ASC LIMIT 1 /*application='Backend'*/[0m
  ↳ config/initializers/rack_attack.rb:66:in 'block in <class:Attack>'
Processing by Api::V1::DiscoveryController#pass as JSON
  Parameters: {"user_id" => "4dc87d4b-2182-4cf2-b5bc-7d4f47152efc"}
  [1m[36mUser Load (1.2ms)[0m  [1m[34mSELECT "users".* FROM "users" WHERE "users"."id" = '4dc87d4b-2182-4cf2-b5bc-7d4f47152efc' LIMIT 1 /*action='pass',application='Backend',controller='discovery'*/[0m
  ↳ app/controllers/api/v1/discovery_controller.rb:103:in 'Api::V1::DiscoveryController#find_target_user!'
  [1m[36mProfile Load (1.2ms)[0m  [1m[34mSELECT "profiles".* FROM "profiles" WHERE "profiles"."user_id" = '4dc87d4b-2182-4cf2-b5bc-7d4f47152efc' /*action='pass',application='Backend',controller='discovery'*/[0m
  ↳ app/controllers/api/v1/discovery_controller.rb:103:in 'Api::V1::DiscoveryController#find_target_user!'
  [1m[36mTRANSACTION (0.8ms)[0m  [1m[35mBEGIN /*action='pass',application='Backend',controller='discovery'*/[0m
  ↳ app/services/connections/record_action.rb:31:in 'block in Connections::RecordAction#call'
  [1m[36mConnection Load (4.8ms)[0m  [1m[34mSELECT "connections".* FROM "connections" WHERE "connections"."user_id" = 'c4b38885-f504-4898-906b-24941fabb892' AND "connections"."target_user_id" = '4dc87d4b-2182-4cf2-b5bc-7d4f47152efc' LIMIT 1 /*action='pass',application='Backend',controller='discovery'*/[0m
  ↳ app/services/connections/record_action.rb:31:in 'block in Connections::RecordAction#call'
  [1m[36mUser Load (1.3ms)[0m  [1m[34mSELECT "users".* FROM "users" WHERE "users"."id" = 'c4b38885-f504-4898-906b-24941fabb892' LIMIT 1 /*action='pass',application='Backend',controller='discovery'*/[0m
  ↳ app/services/connections/record_action.rb:36:in 'block in Connections::RecordAction#call'
  [1m[36mCACHE User Load (0.1ms)[0m  [1m[34mSELECT "users".* FROM "users" WHERE "users"."id" = '4dc87d4b-2182-4cf2-b5bc-7d4f47152efc' LIMIT 1[0m
  ↳ app/services/connections/record_action.rb:36:in 'block in Connections::RecordAction#call'
  [1m[36mConnection Exists? (0.9ms)[0m  [1m[34mSELECT 1 AS one FROM "connections" WHERE "connections"."user_id" = 'c4b38885-f504-4898-906b-24941fabb892' AND "connections"."target_user_id" = '4dc87d4b-2182-4cf2-b5bc-7d4f47152efc' LIMIT 1 /*action='pass',application='Backend',controller='discovery'*/[0m
  ↳ app/services/connections/record_action.rb:36:in 'block in Connections::RecordAction#call'
  [1m[36mConnection Create (1.3ms)[0m  [1m[32mINSERT INTO "connections" ("user_id", "target_user_id", "status", "created_at", "updated_at") VALUES ('c4b38885-f504-4898-906b-24941fabb892', '4dc87d4b-2182-4cf2-b5bc-7d4f47152efc', 0, '2026-09-19 12:25:38.537181', '2026-09-19 12:25:38.537181') RETURNING "id" /*action='pass',application='Backend',controller='discovery'*/[0m
  ↳ app/services/connections/record_action.rb:36:in 'block in Connections::RecordAction#call'
  [1m[36mTRANSACTION (20.4ms)[0m  [1m[35mCOMMIT /*action='pass',application='Backend',controller='discovery'*/[0m
  ↳ app/services/connections/record_action.rb:30:in 'Connections::RecordAction#call'
[active_model_serializers] Rendered ConnectionSerializer with ActiveModelSerializers::Adapter::Attributes (0.42ms)
[active_model_serializers] Rendered ActiveModel::Serializer::Null with Hash (0.07ms)
Completed 200 OK in 66ms (Views: 0.7ms | ActiveRecord: 31.7ms (7 queries, 1 cached) | GC: 0.0ms)


Started POST "/api/v1/discovery/8e18890b-0905-48a0-9f5a-01aa368e30fe/connect" for 127.0.0.1 at 2026-09-19 15:25:39 +0300
  [1m[36mUser Load (2.6ms)[0m  [1m[34mSELECT "users".* FROM "users" WHERE "users"."id" = 'c4b38885-f504-4898-906b-24941fabb892' ORDER BY "users"."id" ASC LIMIT 1 /*application='Backend'*/[0m
  ↳ config/initializers/rack_attack.rb:66:in 'block in <class:Attack>'
Processing by Api::V1::DiscoveryController#connect as JSON
  Parameters: {"user_id" => "8e18890b-0905-48a0-9f5a-01aa368e30fe"}
  [1m[36mUser Load (2.7ms)[0m  [1m[34mSELECT "users".* FROM "users" WHERE "users"."id" = '8e18890b-0905-48a0-9f5a-01aa368e30fe' LIMIT 1 /*action='connect',application='Backend',controller='discovery'*/[0m
  ↳ app/controllers/api/v1/discovery_controller.rb:103:in 'Api::V1::DiscoveryController#find_target_user!'
  [1m[36mProfile Load (2.5ms)[0m  [1m[34mSELECT "profiles".* FROM "profiles" WHERE "profiles"."user_id" = '8e18890b-0905-48a0-9f5a-01aa368e30fe' /*action='connect',application='Backend',controller='discovery'*/[0m
  ↳ app/controllers/api/v1/discovery_controller.rb:103:in 'Api::V1::DiscoveryController#find_target_user!'
  [1m[36mTRANSACTION (1.7ms)[0m  [1m[35mBEGIN /*action='connect',application='Backend',controller='discovery'*/[0m
  ↳ app/services/connections/record_action.rb:31:in 'block in Connections::RecordAction#call'
  [1m[36mConnection Load (9.4ms)[0m  [1m[34mSELECT "connections".* FROM "connections" WHERE "connections"."user_id" = 'c4b38885-f504-4898-906b-24941fabb892' AND "connections"."target_user_id" = '8e18890b-0905-48a0-9f5a-01aa368e30fe' LIMIT 1 /*action='connect',application='Backend',controller='discovery'*/[0m
  ↳ app/services/connections/record_action.rb:31:in 'block in Connections::RecordAction#call'
  [1m[36mUser Load (2.5ms)[0m  [1m[34mSELECT "users".* FROM "users" WHERE "users"."id" = 'c4b38885-f504-4898-906b-24941fabb892' LIMIT 1 /*action='connect',application='Backend',controller='discovery'*/[0m
  ↳ app/services/connections/record_action.rb:36:in 'block in Connections::RecordAction#call'
  [1m[36mCACHE User Load (0.1ms)[0m  [1m[34mSELECT "users".* FROM "users" WHERE "users"."id" = '8e18890b-0905-48a0-9f5a-01aa368e30fe' LIMIT 1[0m
  ↳ app/services/connections/record_action.rb:36:in 'block in Connections::RecordAction#call'
  [1m[36mConnection Exists? (2.4ms)[0m  [1m[34mSELECT 1 AS one FROM "connections" WHERE "connections"."user_id" = 'c4b38885-f504-4898-906b-24941fabb892' AND "connections"."target_user_id" = '8e18890b-0905-48a0-9f5a-01aa368e30fe' LIMIT 1 /*action='connect',application='Backend',controller='discovery'*/[0m
  ↳ app/services/connections/record_action.rb:36:in 'block in Connections::RecordAction#call'
  [1m[36mConnection Create (3.8ms)[0m  [1m[32mINSERT INTO "connections" ("user_id", "target_user_id", "status", "created_at", "updated_at") VALUES ('c4b38885-f504-4898-906b-24941fabb892', '8e18890b-0905-48a0-9f5a-01aa368e30fe', 1, '2026-09-19 12:25:39.340254', '2026-09-19 12:25:39.340254') RETURNING "id" /*action='connect',application='Backend',controller='discovery'*/[0m
  ↳ app/services/connections/record_action.rb:36:in 'block in Connections::RecordAction#call'
  [1m[36mConnection Exists? (3.0ms)[0m  [1m[34mSELECT 1 AS one FROM "connections" WHERE "connections"."user_id" = '8e18890b-0905-48a0-9f5a-01aa368e30fe' AND "connections"."target_user_id" = 'c4b38885-f504-4898-906b-24941fabb892' AND "connections"."status" IN (1, 2) LIMIT 1 /*action='connect',application='Backend',controller='discovery'*/[0m
  ↳ app/services/connections/record_action.rb:60:in 'Connections::RecordAction#mutual_positive_connection_exists?'
  [1m[36mTRANSACTION (23.1ms)[0m  [1m[35mCOMMIT /*action='connect',application='Backend',controller='discovery'*/[0m
  ↳ app/services/connections/record_action.rb:30:in 'Connections::RecordAction#call'
[active_model_serializers] Rendered ConnectionSerializer with ActiveModelSerializers::Adapter::Attributes (0.95ms)
[active_model_serializers] Rendered ActiveModel::Serializer::Null with Hash (0.15ms)
Completed 200 OK in 122ms (Views: 1.3ms | ActiveRecord: 50.2ms (8 queries, 1 cached) | GC: 0.0ms)


Started GET "/api/v1/discovery?page=1&per_page=20" for 127.0.0.1 at 2026-09-19 15:25:40 +0300
Processing by Api::V1::DiscoveryController#index as JSON
  Parameters: {"page" => "1", "per_page" => "20"}
  [1m[36mUser Load (1.4ms)[0m  [1m[34mSELECT "users".* FROM "users" WHERE "users"."id" = 'c4b38885-f504-4898-906b-24941fabb892' ORDER BY "users"."id" ASC LIMIT 1 /*action='index',application='Backend',controller='discovery'*/[0m
  ↳ app/controllers/api/v1/application_controller.rb:49:in 'Api::V1::ApplicationController#authenticate_user!'
  [1m[36mProfile Count (1.8ms)[0m  [1m[34mSELECT COUNT(*) FROM "profiles" INNER JOIN "users" ON "users"."id" = "profiles"."user_id" WHERE "profiles"."profile_visibility" = 0 AND "profiles"."show_on_explore" = TRUE AND "profiles"."user_id" != 'c4b38885-f504-4898-906b-24941fabb892' AND "profiles"."user_id" NOT IN (SELECT "connections"."target_user_id" FROM "connections" WHERE "connections"."user_id" = 'c4b38885-f504-4898-906b-24941fabb892') /*action='index',application='Backend',controller='discovery'*/[0m
  ↳ app/lib/pagination.rb:27:in 'Pagination.paginate'
[active_model_serializers]   [1m[36mProfile Load (2.1ms)[0m  [1m[34mSELECT "profiles".* FROM "profiles" INNER JOIN "users" ON "users"."id" = "profiles"."user_id" WHERE "profiles"."profile_visibility" = 0 AND "profiles"."show_on_explore" = TRUE AND "profiles"."user_id" != 'c4b38885-f504-4898-906b-24941fabb892' AND "profiles"."user_id" NOT IN (SELECT "connections"."target_user_id" FROM "connections" WHERE "connections"."user_id" = 'c4b38885-f504-4898-906b-24941fabb892') ORDER BY "profiles"."created_at" DESC LIMIT 20 OFFSET 0 /*action='index',application='Backend',controller='discovery'*/[0m
[active_model_serializers]   ↳ app/controllers/api/v1/discovery_controller.rb:33:in 'Api::V1::DiscoveryController#index'
[active_model_serializers] Rendered ActiveModel::Serializer::CollectionSerializer with ActiveModelSerializers::Adapter::Attributes (0.07ms)
[active_model_serializers] Rendered ActiveModel::Serializer::Null with Hash (0.07ms)
Completed 200 OK in 19ms (Views: 0.7ms | ActiveRecord: 5.3ms (3 queries, 0 cached) | GC: 0.0ms)


Started GET "/api/v1/discovery?page=1&per_page=20" for 127.0.0.1 at 2026-09-19 15:25:41 +0300
Processing by Api::V1::DiscoveryController#index as JSON
  Parameters: {"page" => "1", "per_page" => "20"}
  [1m[36mUser Load (1.4ms)[0m  [1m[34mSELECT "users".* FROM "users" WHERE "users"."id" = 'c4b38885-f504-4898-906b-24941fabb892' ORDER BY "users"."id" ASC LIMIT 1 /*action='index',application='Backend',controller='discovery'*/[0m
  ↳ app/controllers/api/v1/application_controller.rb:49:in 'Api::V1::ApplicationController#authenticate_user!'
  [1m[36mProfile Count (1.5ms)[0m  [1m[34mSELECT COUNT(*) FROM "profiles" INNER JOIN "users" ON "users"."id" = "profiles"."user_id" WHERE "profiles"."profile_visibility" = 0 AND "profiles"."show_on_explore" = TRUE AND "profiles"."user_id" != 'c4b38885-f504-4898-906b-24941fabb892' AND "profiles"."user_id" NOT IN (SELECT "connections"."target_user_id" FROM "connections" WHERE "connections"."user_id" = 'c4b38885-f504-4898-906b-24941fabb892') /*action='index',application='Backend',controller='discovery'*/[0m
  ↳ app/lib/pagination.rb:27:in 'Pagination.paginate'
[active_model_serializers]   [1m[36mProfile Load (1.3ms)[0m  [1m[34mSELECT "profiles".* FROM "profiles" INNER JOIN "users" ON "users"."id" = "profiles"."user_id" WHERE "profiles"."profile_visibility" = 0 AND "profiles"."show_on_explore" = TRUE AND "profiles"."user_id" != 'c4b38885-f504-4898-906b-24941fabb892' AND "profiles"."user_id" NOT IN (SELECT "connections"."target_user_id" FROM "connections" WHERE "connections"."user_id" = 'c4b38885-f504-4898-906b-24941fabb892') ORDER BY "profiles"."created_at" DESC LIMIT 20 OFFSET 0 /*action='index',application='Backend',controller='discovery'*/[0m
[active_model_serializers]   ↳ app/controllers/api/v1/discovery_controller.rb:33:in 'Api::V1::DiscoveryController#index'
[active_model_serializers] Rendered ActiveModel::Serializer::CollectionSerializer with ActiveModelSerializers::Adapter::Attributes (0.05ms)
[active_model_serializers] Rendered ActiveModel::Serializer::Null with Hash (0.05ms)
Completed 200 OK in 16ms (Views: 0.5ms | ActiveRecord: 4.3ms (3 queries, 0 cached) | GC: 0.0ms)


Started GET "/api/v1/discovery?page=1&per_page=20" for 127.0.0.1 at 2026-09-19 15:25:42 +0300
Processing by Api::V1::DiscoveryController#index as JSON
  Parameters: {"page" => "1", "per_page" => "20"}
  [1m[36mUser Load (3.5ms)[0m  [1m[34mSELECT "users".* FROM "users" WHERE "users"."id" = 'c4b38885-f504-4898-906b-24941fabb892' ORDER BY "users"."id" ASC LIMIT 1 /*action='index',application='Backend',controller='discovery'*/[0m
  ↳ app/controllers/api/v1/application_controller.rb:49:in 'Api::V1::ApplicationController#authenticate_user!'
  [1m[36mProfile Count (3.4ms)[0m  [1m[34mSELECT COUNT(*) FROM "profiles" INNER JOIN "users" ON "users"."id" = "profiles"."user_id" WHERE "profiles"."profile_visibility" = 0 AND "profiles"."show_on_explore" = TRUE AND "profiles"."user_id" != 'c4b38885-f504-4898-906b-24941fabb892' AND "profiles"."user_id" NOT IN (SELECT "connections"."target_user_id" FROM "connections" WHERE "connections"."user_id" = 'c4b38885-f504-4898-906b-24941fabb892') /*action='index',application='Backend',controller='discovery'*/[0m
  ↳ app/lib/pagination.rb:27:in 'Pagination.paginate'
[active_model_serializers]   [1m[36mProfile Load (3.7ms)[0m  [1m[34mSELECT "profiles".* FROM "profiles" INNER JOIN "users" ON "users"."id" = "profiles"."user_id" WHERE "profiles"."profile_visibility" = 0 AND "profiles"."show_on_explore" = TRUE AND "profiles"."user_id" != 'c4b38885-f504-4898-906b-24941fabb892' AND "profiles"."user_id" NOT IN (SELECT "connections"."target_user_id" FROM "connections" WHERE "connections"."user_id" = 'c4b38885-f504-4898-906b-24941fabb892') ORDER BY "profiles"."created_at" DESC LIMIT 20 OFFSET 0 /*action='index',application='Backend',controller='discovery'*/[0m
[active_model_serializers]   ↳ app/controllers/api/v1/discovery_controller.rb:33:in 'Api::V1::DiscoveryController#index'
[active_model_serializers] Rendered ActiveModel::Serializer::CollectionSerializer with ActiveModelSerializers::Adapter::Attributes (0.08ms)
[active_model_serializers] Rendered ActiveModel::Serializer::Null with Hash (0.08ms)
Completed 200 OK in 86ms (Views: 0.8ms | ActiveRecord: 10.4ms (3 queries, 0 cached) | GC: 51.5ms)


Started GET "/api/v1/discovery?page=1&per_page=20" for 127.0.0.1 at 2026-09-19 15:25:42 +0300
Processing by Api::V1::DiscoveryController#index as JSON
  Parameters: {"page" => "1", "per_page" => "20"}
  [1m[36mUser Load (2.4ms)[0m  [1m[34mSELECT "users".* FROM "users" WHERE "users"."id" = 'c4b38885-f504-4898-906b-24941fabb892' ORDER BY "users"."id" ASC LIMIT 1 /*action='index',application='Backend',controller='discovery'*/[0m
  ↳ app/controllers/api/v1/application_controller.rb:49:in 'Api::V1::ApplicationController#authenticate_user!'
  [1m[36mProfile Count (3.2ms)[0m  [1m[34mSELECT COUNT(*) FROM "profiles" INNER JOIN "users" ON "users"."id" = "profiles"."user_id" WHERE "profiles"."profile_visibility" = 0 AND "profiles"."show_on_explore" = TRUE AND "profiles"."user_id" != 'c4b38885-f504-4898-906b-24941fabb892' AND "profiles"."user_id" NOT IN (SELECT "connections"."target_user_id" FROM "connections" WHERE "connections"."user_id" = 'c4b38885-f504-4898-906b-24941fabb892') /*action='index',application='Backend',controller='discovery'*/[0m
  ↳ app/lib/pagination.rb:27:in 'Pagination.paginate'
[active_model_serializers]   [1m[36mProfile Load (3.7ms)[0m  [1m[34mSELECT "profiles".* FROM "profiles" INNER JOIN "users" ON "users"."id" = "profiles"."user_id" WHERE "profiles"."profile_visibility" = 0 AND "profiles"."show_on_explore" = TRUE AND "profiles"."user_id" != 'c4b38885-f504-4898-906b-24941fabb892' AND "profiles"."user_id" NOT IN (SELECT "connections"."target_user_id" FROM "connections" WHERE "connections"."user_id" = 'c4b38885-f504-4898-906b-24941fabb892') ORDER BY "profiles"."created_at" DESC LIMIT 20 OFFSET 0 /*action='index',application='Backend',controller='discovery'*/[0m
[active_model_serializers]   ↳ app/controllers/api/v1/discovery_controller.rb:33:in 'Api::V1::DiscoveryController#index'
[active_model_serializers] Rendered ActiveModel::Serializer::CollectionSerializer with ActiveModelSerializers::Adapter::Attributes (0.21ms)
[active_model_serializers] Rendered ActiveModel::Serializer::Null with Hash (0.16ms)
Completed 200 OK in 49ms (Views: 2.5ms | ActiveRecord: 9.1ms (3 queries, 0 cached) | GC: 4.8ms)


Started GET "/api/v1/discovery?page=1&per_page=20" for 127.0.0.1 at 2026-09-19 15:25:43 +0300
Processing by Api::V1::DiscoveryController#index as JSON
  Parameters: {"page" => "1", "per_page" => "20"}
  [1m[36mUser Load (1.4ms)[0m  [1m[34mSELECT "users".* FROM "users" WHERE "users"."id" = 'c4b38885-f504-4898-906b-24941fabb892' ORDER BY "users"."id" ASC LIMIT 1 /*action='index',application='Backend',controller='discovery'*/[0m
  ↳ app/controllers/api/v1/application_controller.rb:49:in 'Api::V1::ApplicationController#authenticate_user!'
  [1m[36mProfile Count (1.0ms)[0m  [1m[34mSELECT COUNT(*) FROM "profiles" INNER JOIN "users" ON "users"."id" = "profiles"."user_id" WHERE "profiles"."profile_visibility" = 0 AND "profiles"."show_on_explore" = TRUE AND "profiles"."user_id" != 'c4b38885-f504-4898-906b-24941fabb892' AND "profiles"."user_id" NOT IN (SELECT "connections"."target_user_id" FROM "connections" WHERE "connections"."user_id" = 'c4b38885-f504-4898-906b-24941fabb892') /*action='index',application='Backend',controller='discovery'*/[0m
  ↳ app/lib/pagination.rb:27:in 'Pagination.paginate'
[active_model_serializers]   [1m[36mProfile Load (1.4ms)[0m  [1m[34mSELECT "profiles".* FROM "profiles" INNER JOIN "users" ON "users"."id" = "profiles"."user_id" WHERE "profiles"."profile_visibility" = 0 AND "profiles"."show_on_explore" = TRUE AND "profiles"."user_id" != 'c4b38885-f504-4898-906b-24941fabb892' AND "profiles"."user_id" NOT IN (SELECT "connections"."target_user_id" FROM "connections" WHERE "connections"."user_id" = 'c4b38885-f504-4898-906b-24941fabb892') ORDER BY "profiles"."created_at" DESC LIMIT 20 OFFSET 0 /*action='index',application='Backend',controller='discovery'*/[0m
[active_model_serializers]   ↳ app/controllers/api/v1/discovery_controller.rb:33:in 'Api::V1::DiscoveryController#index'
[active_model_serializers] Rendered ActiveModel::Serializer::CollectionSerializer with ActiveModelSerializers::Adapter::Attributes (0.06ms)
[active_model_serializers] Rendered ActiveModel::Serializer::Null with Hash (0.05ms)
Completed 200 OK in 19ms (Views: 0.9ms | ActiveRecord: 3.7ms (3 queries, 0 cached) | GC: 1.4ms)


Started GET "/api/v1/auth/me" for 127.0.0.1 at 2026-09-19 15:25:46 +0300
Processing by Api::V1::Auth::SessionsController#show as JSON
  [1m[36mUser Load (1.3ms)[0m  [1m[34mSELECT "users".* FROM "users" WHERE "users"."id" = 'c4b38885-f504-4898-906b-24941fabb892' ORDER BY "users"."id" ASC LIMIT 1 /*action='show',application='Backend',controller='sessions'*/[0m
  ↳ app/controllers/api/v1/application_controller.rb:49:in 'Api::V1::ApplicationController#authenticate_user!'
  [1m[36mProfile Load (1.1ms)[0m  [1m[34mSELECT "profiles".* FROM "profiles" WHERE "profiles"."user_id" = 'c4b38885-f504-4898-906b-24941fabb892' LIMIT 1 /*action='show',application='Backend',controller='sessions'*/[0m
  ↳ app/controllers/api/v1/auth/sessions_controller.rb:74:in 'Api::V1::Auth::SessionsController#user_payload'
[active_model_serializers] Rendered ProfileSerializer with ActiveModelSerializers::Adapter::Attributes (3.39ms)
[active_model_serializers]   [1m[36mInterest Load (1.1ms)[0m  [1m[34mSELECT "interests".* FROM "interests" INNER JOIN "user_interests" ON "interests"."id" = "user_interests"."interest_id" WHERE "user_interests"."user_id" = 'c4b38885-f504-4898-906b-24941fabb892' /*action='show',application='Backend',controller='sessions'*/[0m
[active_model_serializers]   ↳ app/controllers/api/v1/auth/sessions_controller.rb:43:in 'Api::V1::Auth::SessionsController#show'
[active_model_serializers]   [1m[36mSkill Load (1.0ms)[0m  [1m[34mSELECT "skills".* FROM "skills" INNER JOIN "user_skills" ON "skills"."id" = "user_skills"."skill_id" WHERE "user_skills"."user_id" = 'c4b38885-f504-4898-906b-24941fabb892' /*action='show',application='Backend',controller='sessions'*/[0m
[active_model_serializers]   ↳ app/controllers/api/v1/auth/sessions_controller.rb:43:in 'Api::V1::Auth::SessionsController#show'
[active_model_serializers]   [1m[36mPortfolioLink Load (0.7ms)[0m  [1m[34mSELECT "portfolio_links".* FROM "portfolio_links" WHERE "portfolio_links"."user_id" = 'c4b38885-f504-4898-906b-24941fabb892' /*action='show',application='Backend',controller='sessions'*/[0m
[active_model_serializers]   ↳ app/controllers/api/v1/auth/sessions_controller.rb:43:in 'Api::V1::Auth::SessionsController#show'
[active_model_serializers] Rendered ActiveModel::Serializer::Null with Hash (14.81ms)
Completed 200 OK in 35ms (Views: 12.6ms | ActiveRecord: 5.1ms (5 queries, 0 cached) | GC: 1.5ms)


Started GET "/api/v1/auth/me" for 127.0.0.1 at 2026-09-19 15:25:46 +0300
Processing by Api::V1::Auth::SessionsController#show as JSON
  [1m[36mUser Load (0.9ms)[0m  [1m[34mSELECT "users".* FROM "users" WHERE "users"."id" = 'c4b38885-f504-4898-906b-24941fabb892' ORDER BY "users"."id" ASC LIMIT 1 /*action='show',application='Backend',controller='sessions'*/[0m
  ↳ app/controllers/api/v1/application_controller.rb:49:in 'Api::V1::ApplicationController#authenticate_user!'
  [1m[36mProfile Load (0.8ms)[0m  [1m[34mSELECT "profiles".* FROM "profiles" WHERE "profiles"."user_id" = 'c4b38885-f504-4898-906b-24941fabb892' LIMIT 1 /*action='show',application='Backend',controller='sessions'*/[0m
  ↳ app/controllers/api/v1/auth/sessions_controller.rb:74:in 'Api::V1::Auth::SessionsController#user_payload'
[active_model_serializers] Rendered ProfileSerializer with ActiveModelSerializers::Adapter::Attributes (0.99ms)
[active_model_serializers]   [1m[36mInterest Load (0.9ms)[0m  [1m[34mSELECT "interests".* FROM "interests" INNER JOIN "user_interests" ON "interests"."id" = "user_interests"."interest_id" WHERE "user_interests"."user_id" = 'c4b38885-f504-4898-906b-24941fabb892' /*action='show',application='Backend',controller='sessions'*/[0m
[active_model_serializers]   ↳ app/controllers/api/v1/auth/sessions_controller.rb:43:in 'Api::V1::Auth::SessionsController#show'
[active_model_serializers]   [1m[36mSkill Load (0.8ms)[0m  [1m[34mSELECT "skills".* FROM "skills" INNER JOIN "user_skills" ON "skills"."id" = "user_skills"."skill_id" WHERE "user_skills"."user_id" = 'c4b38885-f504-4898-906b-24941fabb892' /*action='show',application='Backend',controller='sessions'*/[0m
[active_model_serializers]   ↳ app/controllers/api/v1/auth/sessions_controller.rb:43:in 'Api::V1::Auth::SessionsController#show'
[active_model_serializers]   [1m[36mPortfolioLink Load (0.8ms)[0m  [1m[34mSELECT "portfolio_links".* FROM "portfolio_links" WHERE "portfolio_links"."user_id" = 'c4b38885-f504-4898-906b-24941fabb892' /*action='show',application='Backend',controller='sessions'*/[0m
[active_model_serializers]   ↳ app/controllers/api/v1/auth/sessions_controller.rb:43:in 'Api::V1::Auth::SessionsController#show'
[active_model_serializers] Rendered ActiveModel::Serializer::Null with Hash (13.53ms)
Completed 200 OK in 23ms (Views: 11.7ms | ActiveRecord: 4.1ms (5 queries, 0 cached) | GC: 1.0ms)


Started GET "/api/v1/discovery?page=1&per_page=20" for 127.0.0.1 at 2026-09-19 15:25:46 +0300
Processing by Api::V1::DiscoveryController#index as JSON
  Parameters: {"page" => "1", "per_page" => "20"}
  [1m[36mUser Load (2.4ms)[0m  [1m[34mSELECT "users".* FROM "users" WHERE "users"."id" = 'c4b38885-f504-4898-906b-24941fabb892' ORDER BY "users"."id" ASC LIMIT 1 /*action='index',application='Backend',controller='discovery'*/[0m
Started GET "/api/v1/health" for 127.0.0.1 at 2026-09-19 15:25:46 +0300
  ↳ app/controllers/api/v1/application_controller.rb:49:in 'Api::V1::ApplicationController#authenticate_user!'
Processing by Api::V1::HealthController#show as JSON
  [1m[36mProfile Count (8.8ms)[0m  [1m[34mSELECT COUNT(*) FROM "profiles" INNER JOIN "users" ON "users"."id" = "profiles"."user_id" WHERE "profiles"."profile_visibility" = 0 AND "profiles"."show_on_explore" = TRUE AND "profiles"."user_id" != 'c4b38885-f504-4898-906b-24941fabb892' AND "profiles"."user_id" NOT IN (SELECT "connections"."target_user_id" FROM "connections" WHERE "connections"."user_id" = 'c4b38885-f504-4898-906b-24941fabb892') /*action='index',application='Backend',controller='discovery'*/[0m
  [1m[35m (1.4ms)[0m  [1m[34mSELECT 1 /*action='show',application='Backend',controller='health'*/[0m
  ↳ app/lib/pagination.rb:27:in 'Pagination.paginate'
  ↳ app/controllers/api/v1/health_controller.rb:29:in 'Api::V1::HealthController#database_reachable?'
  [1m[36mUser Load (1.2ms)[0m  [1m[34mSELECT "users".* FROM "users" WHERE "users"."id" = 'c4b38885-f504-4898-906b-24941fabb892' ORDER BY "users"."id" ASC LIMIT 1 /*action='show',application='Backend',controller='health'*/[0m
  ↳ app/controllers/api/v1/health_controller.rb:17:in 'Api::V1::HealthController#show'
[active_model_serializers] Rendered ActiveModel::Serializer::Null with Hash (0.08ms)
[active_model_serializers]   [1m[36mProfile Load (14.4ms)[0m  [1m[34mSELECT "profiles".* FROM "profiles" INNER JOIN "users" ON "users"."id" = "profiles"."user_id" WHERE "profiles"."profile_visibility" = 0 AND "profiles"."show_on_explore" = TRUE AND "profiles"."user_id" != 'c4b38885-f504-4898-906b-24941fabb892' AND "profiles"."user_id" NOT IN (SELECT "connections"."target_user_id" FROM "connections" WHERE "connections"."user_id" = 'c4b38885-f504-4898-906b-24941fabb892') ORDER BY "profiles"."created_at" DESC LIMIT 20 OFFSET 0 /*action='index',application='Backend',controller='discovery'*/[0m
Completed 200 OK in 25ms (Views: 13.5ms | ActiveRecord: 2.5ms (2 queries, 0 cached) | GC: 0.0ms)


[active_model_serializers]   ↳ app/controllers/api/v1/discovery_controller.rb:33:in 'Api::V1::DiscoveryController#index'
[active_model_serializers] Rendered ActiveModel::Serializer::CollectionSerializer with ActiveModelSerializers::Adapter::Attributes (0.09ms)
[active_model_serializers] Rendered ActiveModel::Serializer::Null with Hash (0.13ms)
Completed 200 OK in 84ms (Views: 1.2ms | ActiveRecord: 25.5ms (3 queries, 0 cached) | GC: 2.3ms)


Started GET "/api/v1/health" for 127.0.0.1 at 2026-09-19 15:25:47 +0300
Started GET "/api/v1/discovery?page=1&per_page=20" for 127.0.0.1 at 2026-09-19 15:25:47 +0300
Processing by Api::V1::HealthController#show as JSON
  [1m[35m (1.1ms)[0m  [1m[34mSELECT 1 /*action='show',application='Backend',controller='health'*/[0m
  ↳ app/controllers/api/v1/health_controller.rb:29:in 'Api::V1::HealthController#database_reachable?'
Processing by Api::V1::DiscoveryController#index as JSON
  [1m[36mUser Load (3.5ms)[0m  [1m[34mSELECT "users".* FROM "users" WHERE "users"."id" = 'c4b38885-f504-4898-906b-24941fabb892' ORDER BY "users"."id" ASC LIMIT 1 /*action='show',application='Backend',controller='health'*/[0m
  Parameters: {"page" => "1", "per_page" => "20"}
  ↳ app/controllers/api/v1/health_controller.rb:17:in 'Api::V1::HealthController#show'
[active_model_serializers] Rendered ActiveModel::Serializer::Null with Hash (0.16ms)
  [1m[36mUser Load (2.3ms)[0m  [1m[34mSELECT "users".* FROM "users" WHERE "users"."id" = 'c4b38885-f504-4898-906b-24941fabb892' ORDER BY "users"."id" ASC LIMIT 1 /*action='index',application='Backend',controller='discovery'*/[0m
Completed 200 OK in 20ms (Views: 13.1ms | ActiveRecord: 4.6ms (2 queries, 0 cached) | GC: 0.0ms)


  ↳ app/controllers/api/v1/application_controller.rb:49:in 'Api::V1::ApplicationController#authenticate_user!'
  [1m[36mProfile Count (1.5ms)[0m  [1m[34mSELECT COUNT(*) FROM "profiles" INNER JOIN "users" ON "users"."id" = "profiles"."user_id" WHERE "profiles"."profile_visibility" = 0 AND "profiles"."show_on_explore" = TRUE AND "profiles"."user_id" != 'c4b38885-f504-4898-906b-24941fabb892' AND "profiles"."user_id" NOT IN (SELECT "connections"."target_user_id" FROM "connections" WHERE "connections"."user_id" = 'c4b38885-f504-4898-906b-24941fabb892') /*action='index',application='Backend',controller='discovery'*/[0m
  ↳ app/lib/pagination.rb:27:in 'Pagination.paginate'
[active_model_serializers]   [1m[36mProfile Load (1.5ms)[0m  [1m[34mSELECT "profiles".* FROM "profiles" INNER JOIN "users" ON "users"."id" = "profiles"."user_id" WHERE "profiles"."profile_visibility" = 0 AND "profiles"."show_on_explore" = TRUE AND "profiles"."user_id" != 'c4b38885-f504-4898-906b-24941fabb892' AND "profiles"."user_id" NOT IN (SELECT "connections"."target_user_id" FROM "connections" WHERE "connections"."user_id" = 'c4b38885-f504-4898-906b-24941fabb892') ORDER BY "profiles"."created_at" DESC LIMIT 20 OFFSET 0 /*action='index',application='Backend',controller='discovery'*/[0m
[active_model_serializers]   ↳ app/controllers/api/v1/discovery_controller.rb:33:in 'Api::V1::DiscoveryController#index'
[active_model_serializers] Rendered ActiveModel::Serializer::CollectionSerializer with ActiveModelSerializers::Adapter::Attributes (0.09ms)
[active_model_serializers] Rendered ActiveModel::Serializer::Null with Hash (0.06ms)
Completed 200 OK in 37ms (Views: 0.8ms | ActiveRecord: 5.2ms (3 queries, 0 cached) | GC: 1.8ms)


Using vips to process variants requires the libvips library. Please install libvips using the instructions on the libvips website.
Started GET "/api/v1/auth/me" for 127.0.0.1 at 2026-09-19 15:27:04 +0300
  [1m[36mActiveRecord::SchemaMigration Load (1.2ms)[0m  [1m[34mSELECT "schema_migrations"."version" FROM "schema_migrations" ORDER BY "schema_migrations"."version" ASC /*application='Backend'*/[0m
Processing by Api::V1::Auth::SessionsController#show as JSON
  [1m[36mUser Load (1.3ms)[0m  [1m[34mSELECT "users".* FROM "users" WHERE "users"."id" = 'c4b38885-f504-4898-906b-24941fabb892' ORDER BY "users"."id" ASC LIMIT 1 /*action='show',application='Backend',controller='sessions'*/[0m
  ↳ app/controllers/api/v1/application_controller.rb:49:in 'Api::V1::ApplicationController#authenticate_user!'
  [1m[36mProfile Load (1.1ms)[0m  [1m[34mSELECT "profiles".* FROM "profiles" WHERE "profiles"."user_id" = 'c4b38885-f504-4898-906b-24941fabb892' LIMIT 1 /*action='show',application='Backend',controller='sessions'*/[0m
  ↳ app/controllers/api/v1/auth/sessions_controller.rb:74:in 'Api::V1::Auth::SessionsController#user_payload'
[active_model_serializers] Rendered ProfileSerializer with ActiveModelSerializers::Adapter::Attributes (16.47ms)
[active_model_serializers]   [1m[36mInterest Load (2.5ms)[0m  [1m[34mSELECT "interests".* FROM "interests" INNER JOIN "user_interests" ON "interests"."id" = "user_interests"."interest_id" WHERE "user_interests"."user_id" = 'c4b38885-f504-4898-906b-24941fabb892' /*action='show',application='Backend',controller='sessions'*/[0m
[active_model_serializers]   ↳ app/controllers/api/v1/auth/sessions_controller.rb:43:in 'Api::V1::Auth::SessionsController#show'
[active_model_serializers]   [1m[36mSkill Load (2.2ms)[0m  [1m[34mSELECT "skills".* FROM "skills" INNER JOIN "user_skills" ON "skills"."id" = "user_skills"."skill_id" WHERE "user_skills"."user_id" = 'c4b38885-f504-4898-906b-24941fabb892' /*action='show',application='Backend',controller='sessions'*/[0m
[active_model_serializers]   ↳ app/controllers/api/v1/auth/sessions_controller.rb:43:in 'Api::V1::Auth::SessionsController#show'
[active_model_serializers]   [1m[36mPortfolioLink Load (1.8ms)[0m  [1m[34mSELECT "portfolio_links".* FROM "portfolio_links" WHERE "portfolio_links"."user_id" = 'c4b38885-f504-4898-906b-24941fabb892' /*action='show',application='Backend',controller='sessions'*/[0m
[active_model_serializers]   ↳ app/controllers/api/v1/auth/sessions_controller.rb:43:in 'Api::V1::Auth::SessionsController#show'
[active_model_serializers] Rendered ActiveModel::Serializer::Null with Hash (74.9ms)
Completed 200 OK in 244ms (Views: 52.9ms | ActiveRecord: 88.2ms (5 queries, 0 cached) | GC: 47.8ms)


Started GET "/api/v1/auth/me" for 127.0.0.1 at 2026-09-19 15:27:04 +0300
Processing by Api::V1::Auth::SessionsController#show as JSON
  [1m[36mUser Load (1.5ms)[0m  [1m[34mSELECT "users".* FROM "users" WHERE "users"."id" = 'c4b38885-f504-4898-906b-24941fabb892' ORDER BY "users"."id" ASC LIMIT 1 /*action='show',application='Backend',controller='sessions'*/[0m
  ↳ app/controllers/api/v1/application_controller.rb:49:in 'Api::V1::ApplicationController#authenticate_user!'
  [1m[36mProfile Load (1.2ms)[0m  [1m[34mSELECT "profiles".* FROM "profiles" WHERE "profiles"."user_id" = 'c4b38885-f504-4898-906b-24941fabb892' LIMIT 1 /*action='show',application='Backend',controller='sessions'*/[0m
  ↳ app/controllers/api/v1/auth/sessions_controller.rb:74:in 'Api::V1::Auth::SessionsController#user_payload'
[active_model_serializers] Rendered ProfileSerializer with ActiveModelSerializers::Adapter::Attributes (3.23ms)
[active_model_serializers]   [1m[36mInterest Load (1.6ms)[0m  [1m[34mSELECT "interests".* FROM "interests" INNER JOIN "user_interests" ON "interests"."id" = "user_interests"."interest_id" WHERE "user_interests"."user_id" = 'c4b38885-f504-4898-906b-24941fabb892' /*action='show',application='Backend',controller='sessions'*/[0m
[active_model_serializers]   ↳ app/controllers/api/v1/auth/sessions_controller.rb:43:in 'Api::V1::Auth::SessionsController#show'
[active_model_serializers]   [1m[36mSkill Load (1.5ms)[0m  [1m[34mSELECT "skills".* FROM "skills" INNER JOIN "user_skills" ON "skills"."id" = "user_skills"."skill_id" WHERE "user_skills"."user_id" = 'c4b38885-f504-4898-906b-24941fabb892' /*action='show',application='Backend',controller='sessions'*/[0m
[active_model_serializers]   ↳ app/controllers/api/v1/auth/sessions_controller.rb:43:in 'Api::V1::Auth::SessionsController#show'
[active_model_serializers]   [1m[36mPortfolioLink Load (1.2ms)[0m  [1m[34mSELECT "portfolio_links".* FROM "portfolio_links" WHERE "portfolio_links"."user_id" = 'c4b38885-f504-4898-906b-24941fabb892' /*action='show',application='Backend',controller='sessions'*/[0m
[active_model_serializers]   ↳ app/controllers/api/v1/auth/sessions_controller.rb:43:in 'Api::V1::Auth::SessionsController#show'
[active_model_serializers] Rendered ActiveModel::Serializer::Null with Hash (23.95ms)
Completed 200 OK in 45ms (Views: 20.5ms | ActiveRecord: 6.8ms (5 queries, 0 cached) | GC: 2.9ms)


Started GET "/api/v1/health" for 127.0.0.1 at 2026-09-19 15:27:05 +0300
Processing by Api::V1::HealthController#show as JSON
  [1m[35m (1.2ms)[0m  [1m[34mSELECT 1 /*action='show',application='Backend',controller='health'*/[0m
  ↳ app/controllers/api/v1/health_controller.rb:29:in 'Api::V1::HealthController#database_reachable?'
  [1m[36mUser Load (1.3ms)[0m  [1m[34mSELECT "users".* FROM "users" WHERE "users"."id" = 'c4b38885-f504-4898-906b-24941fabb892' ORDER BY "users"."id" ASC LIMIT 1 /*action='show',application='Backend',controller='health'*/[0m
  ↳ app/controllers/api/v1/health_controller.rb:17:in 'Api::V1::HealthController#show'
[active_model_serializers] Rendered ActiveModel::Serializer::Null with Hash (0.07ms)
Completed 200 OK in 11ms (Views: 6.2ms | ActiveRecord: 2.6ms (2 queries, 0 cached) | GC: 0.0ms)


Started GET "/api/v1/health" for 127.0.0.1 at 2026-09-19 15:27:05 +0300
Processing by Api::V1::HealthController#show as JSON
  [1m[35m (1.2ms)[0m  [1m[34mSELECT 1 /*action='show',application='Backend',controller='health'*/[0m
  ↳ app/controllers/api/v1/health_controller.rb:29:in 'Api::V1::HealthController#database_reachable?'
  [1m[36mUser Load (2.0ms)[0m  [1m[34mSELECT "users".* FROM "users" WHERE "users"."id" = 'c4b38885-f504-4898-906b-24941fabb892' ORDER BY "users"."id" ASC LIMIT 1 /*action='show',application='Backend',controller='health'*/[0m
  ↳ app/controllers/api/v1/health_controller.rb:17:in 'Api::V1::HealthController#show'
[active_model_serializers] Rendered ActiveModel::Serializer::Null with Hash (0.1ms)
Completed 200 OK in 15ms (Views: 8.9ms | ActiveRecord: 3.0ms (2 queries, 0 cached) | GC: 0.0ms)


Started GET "/api/v1/auth/me" for 127.0.0.1 at 2026-09-19 15:27:06 +0300
Processing by Api::V1::Auth::SessionsController#show as JSON
  [1m[36mUser Load (1.4ms)[0m  [1m[34mSELECT "users".* FROM "users" WHERE "users"."id" = 'c4b38885-f504-4898-906b-24941fabb892' ORDER BY "users"."id" ASC LIMIT 1 /*action='show',application='Backend',controller='sessions'*/[0m
  ↳ app/controllers/api/v1/application_controller.rb:49:in 'Api::V1::ApplicationController#authenticate_user!'
  [1m[36mProfile Load (0.9ms)[0m  [1m[34mSELECT "profiles".* FROM "profiles" WHERE "profiles"."user_id" = 'c4b38885-f504-4898-906b-24941fabb892' LIMIT 1 /*action='show',application='Backend',controller='sessions'*/[0m
  ↳ app/controllers/api/v1/auth/sessions_controller.rb:74:in 'Api::V1::Auth::SessionsController#user_payload'
[active_model_serializers] Rendered ProfileSerializer with ActiveModelSerializers::Adapter::Attributes (1.16ms)
[active_model_serializers]   [1m[36mInterest Load (1.2ms)[0m  [1m[34mSELECT "interests".* FROM "interests" INNER JOIN "user_interests" ON "interests"."id" = "user_interests"."interest_id" WHERE "user_interests"."user_id" = 'c4b38885-f504-4898-906b-24941fabb892' /*action='show',application='Backend',controller='sessions'*/[0m
[active_model_serializers]   ↳ app/controllers/api/v1/auth/sessions_controller.rb:43:in 'Api::V1::Auth::SessionsController#show'
[active_model_serializers]   [1m[36mSkill Load (1.2ms)[0m  [1m[34mSELECT "skills".* FROM "skills" INNER JOIN "user_skills" ON "skills"."id" = "user_skills"."skill_id" WHERE "user_skills"."user_id" = 'c4b38885-f504-4898-906b-24941fabb892' /*action='show',application='Backend',controller='sessions'*/[0m
[active_model_serializers]   ↳ app/controllers/api/v1/auth/sessions_controller.rb:43:in 'Api::V1::Auth::SessionsController#show'
[active_model_serializers]   [1m[36mPortfolioLink Load (0.9ms)[0m  [1m[34mSELECT "portfolio_links".* FROM "portfolio_links" WHERE "portfolio_links"."user_id" = 'c4b38885-f504-4898-906b-24941fabb892' /*action='show',application='Backend',controller='sessions'*/[0m
[active_model_serializers]   ↳ app/controllers/api/v1/auth/sessions_controller.rb:43:in 'Api::V1::Auth::SessionsController#show'
[active_model_serializers] Rendered ActiveModel::Serializer::Null with Hash (15.55ms)
Completed 200 OK in 28ms (Views: 13.0ms | ActiveRecord: 5.6ms (5 queries, 0 cached) | GC: 0.0ms)


Started GET "/api/v1/auth/me" for 127.0.0.1 at 2026-09-19 15:27:06 +0300
Processing by Api::V1::Auth::SessionsController#show as JSON
  [1m[36mUser Load (1.0ms)[0m  [1m[34mSELECT "users".* FROM "users" WHERE "users"."id" = 'c4b38885-f504-4898-906b-24941fabb892' ORDER BY "users"."id" ASC LIMIT 1 /*action='show',application='Backend',controller='sessions'*/[0m
  ↳ app/controllers/api/v1/application_controller.rb:49:in 'Api::V1::ApplicationController#authenticate_user!'
  [1m[36mProfile Load (1.0ms)[0m  [1m[34mSELECT "profiles".* FROM "profiles" WHERE "profiles"."user_id" = 'c4b38885-f504-4898-906b-24941fabb892' LIMIT 1 /*action='show',application='Backend',controller='sessions'*/[0m
  ↳ app/controllers/api/v1/auth/sessions_controller.rb:74:in 'Api::V1::Auth::SessionsController#user_payload'
[active_model_serializers] Rendered ProfileSerializer with ActiveModelSerializers::Adapter::Attributes (1.5ms)
[active_model_serializers]   [1m[36mInterest Load (1.0ms)[0m  [1m[34mSELECT "interests".* FROM "interests" INNER JOIN "user_interests" ON "interests"."id" = "user_interests"."interest_id" WHERE "user_interests"."user_id" = 'c4b38885-f504-4898-906b-24941fabb892' /*action='show',application='Backend',controller='sessions'*/[0m
[active_model_serializers]   ↳ app/controllers/api/v1/auth/sessions_controller.rb:43:in 'Api::V1::Auth::SessionsController#show'
[active_model_serializers]   [1m[36mSkill Load (0.9ms)[0m  [1m[34mSELECT "skills".* FROM "skills" INNER JOIN "user_skills" ON "skills"."id" = "user_skills"."skill_id" WHERE "user_skills"."user_id" = 'c4b38885-f504-4898-906b-24941fabb892' /*action='show',application='Backend',controller='sessions'*/[0m
[active_model_serializers]   ↳ app/controllers/api/v1/auth/sessions_controller.rb:43:in 'Api::V1::Auth::SessionsController#show'
[active_model_serializers]   [1m[36mPortfolioLink Load (1.0ms)[0m  [1m[34mSELECT "portfolio_links".* FROM "portfolio_links" WHERE "portfolio_links"."user_id" = 'c4b38885-f504-4898-906b-24941fabb892' /*action='show',application='Backend',controller='sessions'*/[0m
[active_model_serializers]   ↳ app/controllers/api/v1/auth/sessions_controller.rb:43:in 'Api::V1::Auth::SessionsController#show'
[active_model_serializers] Rendered ActiveModel::Serializer::Null with Hash (13.8ms)
Completed 200 OK in 25ms (Views: 11.6ms | ActiveRecord: 4.9ms (5 queries, 0 cached) | GC: 0.0ms)


Started GET "/api/v1/discovery?page=1&per_page=20" for 127.0.0.1 at 2026-09-19 15:27:06 +0300
Started GET "/api/v1/health" for 127.0.0.1 at 2026-09-19 15:27:06 +0300
Processing by Api::V1::DiscoveryController#index as JSON
  Parameters: {"page" => "1", "per_page" => "20"}
  [1m[36mUser Load (1.9ms)[0m  [1m[34mSELECT "users".* FROM "users" WHERE "users"."id" = 'c4b38885-f504-4898-906b-24941fabb892' ORDER BY "users"."id" ASC LIMIT 1 /*action='index',application='Backend',controller='discovery'*/[0m
  ↳ app/controllers/api/v1/application_controller.rb:49:in 'Api::V1::ApplicationController#authenticate_user!'
Processing by Api::V1::HealthController#show as JSON
  [1m[35m (1.4ms)[0m  [1m[34mSELECT 1 /*action='show',application='Backend',controller='health'*/[0m
  ↳ app/controllers/api/v1/health_controller.rb:29:in 'Api::V1::HealthController#database_reachable?'
  [1m[36mUser Load (1.1ms)[0m  [1m[34mSELECT "users".* FROM "users" WHERE "users"."id" = 'c4b38885-f504-4898-906b-24941fabb892' ORDER BY "users"."id" ASC LIMIT 1 /*action='show',application='Backend',controller='health'*/[0m
  ↳ app/controllers/api/v1/health_controller.rb:17:in 'Api::V1::HealthController#show'
[active_model_serializers] Rendered ActiveModel::Serializer::Null with Hash (0.05ms)
Completed 200 OK in 18ms (Views: 12.8ms | ActiveRecord: 2.4ms (2 queries, 0 cached) | GC: 0.0ms)


Started GET "/api/v1/health" for 127.0.0.1 at 2026-09-19 15:27:06 +0300
Processing by Api::V1::HealthController#show as JSON
  [1m[35m (0.8ms)[0m  [1m[34mSELECT 1 /*action='show',application='Backend',controller='health'*/[0m
  ↳ app/controllers/api/v1/health_controller.rb:29:in 'Api::V1::HealthController#database_reachable?'
  [1m[36mUser Load (1.2ms)[0m  [1m[34mSELECT "users".* FROM "users" WHERE "users"."id" = 'c4b38885-f504-4898-906b-24941fabb892' ORDER BY "users"."id" ASC LIMIT 1 /*action='show',application='Backend',controller='health'*/[0m
  ↳ app/controllers/api/v1/health_controller.rb:17:in 'Api::V1::HealthController#show'
[active_model_serializers] Rendered ActiveModel::Serializer::Null with Hash (0.05ms)
Completed 200 OK in 10ms (Views: 5.9ms | ActiveRecord: 2.0ms (2 queries, 0 cached) | GC: 0.0ms)


  [1m[36mProfile Count (4.4ms)[0m  [1m[34mSELECT COUNT(*) FROM "profiles" INNER JOIN "users" ON "users"."id" = "profiles"."user_id" WHERE "profiles"."profile_visibility" = 0 AND "profiles"."show_on_explore" = TRUE AND "profiles"."user_id" != 'c4b38885-f504-4898-906b-24941fabb892' AND "profiles"."user_id" NOT IN (SELECT "connections"."target_user_id" FROM "connections" WHERE "connections"."user_id" = 'c4b38885-f504-4898-906b-24941fabb892') /*action='index',application='Backend',controller='discovery'*/[0m
  ↳ app/lib/pagination.rb:27:in 'Pagination.paginate'
[active_model_serializers]   [1m[36mProfile Load (1.6ms)[0m  [1m[34mSELECT "profiles".* FROM "profiles" INNER JOIN "users" ON "users"."id" = "profiles"."user_id" WHERE "profiles"."profile_visibility" = 0 AND "profiles"."show_on_explore" = TRUE AND "profiles"."user_id" != 'c4b38885-f504-4898-906b-24941fabb892' AND "profiles"."user_id" NOT IN (SELECT "connections"."target_user_id" FROM "connections" WHERE "connections"."user_id" = 'c4b38885-f504-4898-906b-24941fabb892') ORDER BY "profiles"."created_at" DESC LIMIT 20 OFFSET 0 /*action='index',application='Backend',controller='discovery'*/[0m
[active_model_serializers]   ↳ app/controllers/api/v1/discovery_controller.rb:33:in 'Api::V1::DiscoveryController#index'
[active_model_serializers] Rendered ActiveModel::Serializer::CollectionSerializer with ActiveModelSerializers::Adapter::Attributes (0.08ms)
[active_model_serializers] Rendered ActiveModel::Serializer::Null with Hash (0.08ms)
Completed 200 OK in 95ms (Views: 0.8ms | ActiveRecord: 84.3ms (3 queries, 0 cached) | GC: 0.0ms)


Started GET "/api/v1/discovery?page=1&per_page=20" for 127.0.0.1 at 2026-09-19 15:27:06 +0300
Processing by Api::V1::DiscoveryController#index as JSON
  Parameters: {"page" => "1", "per_page" => "20"}
  [1m[36mUser Load (0.8ms)[0m  [1m[34mSELECT "users".* FROM "users" WHERE "users"."id" = 'c4b38885-f504-4898-906b-24941fabb892' ORDER BY "users"."id" ASC LIMIT 1 /*action='index',application='Backend',controller='discovery'*/[0m
  ↳ app/controllers/api/v1/application_controller.rb:49:in 'Api::V1::ApplicationController#authenticate_user!'
  [1m[36mProfile Count (1.2ms)[0m  [1m[34mSELECT COUNT(*) FROM "profiles" INNER JOIN "users" ON "users"."id" = "profiles"."user_id" WHERE "profiles"."profile_visibility" = 0 AND "profiles"."show_on_explore" = TRUE AND "profiles"."user_id" != 'c4b38885-f504-4898-906b-24941fabb892' AND "profiles"."user_id" NOT IN (SELECT "connections"."target_user_id" FROM "connections" WHERE "connections"."user_id" = 'c4b38885-f504-4898-906b-24941fabb892') /*action='index',application='Backend',controller='discovery'*/[0m
  ↳ app/lib/pagination.rb:27:in 'Pagination.paginate'
[active_model_serializers]   [1m[36mProfile Load (1.0ms)[0m  [1m[34mSELECT "profiles".* FROM "profiles" INNER JOIN "users" ON "users"."id" = "profiles"."user_id" WHERE "profiles"."profile_visibility" = 0 AND "profiles"."show_on_explore" = TRUE AND "profiles"."user_id" != 'c4b38885-f504-4898-906b-24941fabb892' AND "profiles"."user_id" NOT IN (SELECT "connections"."target_user_id" FROM "connections" WHERE "connections"."user_id" = 'c4b38885-f504-4898-906b-24941fabb892') ORDER BY "profiles"."created_at" DESC LIMIT 20 OFFSET 0 /*action='index',application='Backend',controller='discovery'*/[0m
[active_model_serializers]   ↳ app/controllers/api/v1/discovery_controller.rb:33:in 'Api::V1::DiscoveryController#index'
[active_model_serializers] Rendered ActiveModel::Serializer::CollectionSerializer with ActiveModelSerializers::Adapter::Attributes (0.06ms)
[active_model_serializers] Rendered ActiveModel::Serializer::Null with Hash (0.06ms)
Completed 200 OK in 15ms (Views: 0.6ms | ActiveRecord: 3.1ms (3 queries, 0 cached) | GC: 0.0ms)


Started GET "/" for ::1 at 2026-09-19 15:27:09 +0300
Processing by Rails::WelcomeController#index as HTML
  Rendering /home/user/.local/share/mise/installs/ruby/3.4.9/lib/ruby/gems/3.4.0/gems/railties-8.1.3.1/lib/rails/templates/rails/welcome/index.html.erb
  Rendered /home/user/.local/share/mise/installs/ruby/3.4.9/lib/ruby/gems/3.4.0/gems/railties-8.1.3.1/lib/rails/templates/rails/welcome/index.html.erb (Duration: 9.6ms | GC: 0.0ms)
Completed 200 OK in 327ms (Views: 39.1ms | ActiveRecord: 0.0ms (0 queries, 0 cached) | GC: 50.3ms)


Started GET "/.well-known/appspecific/com.chrome.devtools.json" for ::1 at 2026-09-19 15:27:13 +0300
  
ActionController::RoutingError (No route matches [GET] "/.well-known/appspecific/com.chrome.devtools.json"):
  
Started GET "/api/v1/auth/me" for 127.0.0.1 at 2026-09-19 15:27:32 +0300
Processing by Api::V1::Auth::SessionsController#show as JSON
[active_model_serializers] Rendered ActiveModel::Serializer::Null with Hash (0.07ms)
Filter chain halted as :authenticate_user! rendered or redirected
Completed 401 Unauthorized in 6ms (Views: 1.2ms | ActiveRecord: 0.0ms (0 queries, 0 cached) | GC: 0.0ms)


Started GET "/api/v1/auth/me" for 127.0.0.1 at 2026-09-19 15:27:32 +0300
Processing by Api::V1::Auth::SessionsController#show as JSON
[active_model_serializers] Rendered ActiveModel::Serializer::Null with Hash (0.05ms)
Filter chain halted as :authenticate_user! rendered or redirected
Completed 401 Unauthorized in 2ms (Views: 0.7ms | ActiveRecord: 0.0ms (0 queries, 0 cached) | GC: 0.0ms)


Started POST "/api/v1/auth/login" for 127.0.0.1 at 2026-09-19 15:27:33 +0300
Processing by Api::V1::Auth::SessionsController#create as JSON
  Parameters: {"user" => {"email" => "[FILTERED]", "password" => "[FILTERED]"}, "session" => {"user" => {"email" => "[FILTERED]", "password" => "[FILTERED]"}}}
  [1m[36mUser Load (3.7ms)[0m  [1m[34mSELECT "users".* FROM "users" WHERE "users"."email" = 'ragadabdelwahab81@gmail.com' LIMIT 1 /*action='create',application='Backend',controller='sessions'*/[0m
  ↳ app/controllers/api/v1/auth/sessions_controller.rb:12:in 'Api::V1::Auth::SessionsController#create'
  [1m[36mTRANSACTION (0.8ms)[0m  [1m[35mBEGIN /*action='create',application='Backend',controller='sessions'*/[0m
  ↳ app/controllers/api/v1/auth/sessions_controller.rb:15:in 'Api::V1::Auth::SessionsController#create'
  [1m[36mUser Update (3.8ms)[0m  [1m[33mUPDATE "users" SET "current_sign_in_at" = '2026-09-19 12:27:34.161071', "last_sign_in_at" = '2026-09-19 11:17:36.745053', "sign_in_count" = 10, "updated_at" = '2026-09-19 12:27:34.161676' WHERE "users"."id" = 'c4b38885-f504-4898-906b-24941fabb892' /*action='create',application='Backend',controller='sessions'*/[0m
  ↳ app/controllers/api/v1/auth/sessions_controller.rb:15:in 'Api::V1::Auth::SessionsController#create'
  [1m[36mTRANSACTION (10.5ms)[0m  [1m[35mCOMMIT /*action='create',application='Backend',controller='sessions'*/[0m
  ↳ app/controllers/api/v1/auth/sessions_controller.rb:15:in 'Api::V1::Auth::SessionsController#create'
[active_model_serializers] Rendered ActiveModel::Serializer::Null with Hash (0.06ms)
Completed 200 OK in 372ms (Views: 1.0ms | ActiveRecord: 18.8ms (2 queries, 0 cached) | GC: 0.0ms)


Started GET "/api/v1/auth/me" for 127.0.0.1 at 2026-09-19 15:27:34 +0300
Processing by Api::V1::Auth::SessionsController#show as JSON
  [1m[36mUser Load (1.2ms)[0m  [1m[34mSELECT "users".* FROM "users" WHERE "users"."id" = 'c4b38885-f504-4898-906b-24941fabb892' ORDER BY "users"."id" ASC LIMIT 1 /*action='show',application='Backend',controller='sessions'*/[0m
  ↳ app/controllers/api/v1/application_controller.rb:49:in 'Api::V1::ApplicationController#authenticate_user!'
  [1m[36mProfile Load (1.2ms)[0m  [1m[34mSELECT "profiles".* FROM "profiles" WHERE "profiles"."user_id" = 'c4b38885-f504-4898-906b-24941fabb892' LIMIT 1 /*action='show',application='Backend',controller='sessions'*/[0m
  ↳ app/controllers/api/v1/auth/sessions_controller.rb:74:in 'Api::V1::Auth::SessionsController#user_payload'
[active_model_serializers] Rendered ProfileSerializer with ActiveModelSerializers::Adapter::Attributes (2.61ms)
[active_model_serializers]   [1m[36mInterest Load (1.5ms)[0m  [1m[34mSELECT "interests".* FROM "interests" INNER JOIN "user_interests" ON "interests"."id" = "user_interests"."interest_id" WHERE "user_interests"."user_id" = 'c4b38885-f504-4898-906b-24941fabb892' /*action='show',application='Backend',controller='sessions'*/[0m
[active_model_serializers]   ↳ app/controllers/api/v1/auth/sessions_controller.rb:43:in 'Api::V1::Auth::SessionsController#show'
[active_model_serializers]   [1m[36mSkill Load (1.1ms)[0m  [1m[34mSELECT "skills".* FROM "skills" INNER JOIN "user_skills" ON "skills"."id" = "user_skills"."skill_id" WHERE "user_skills"."user_id" = 'c4b38885-f504-4898-906b-24941fabb892' /*action='show',application='Backend',controller='sessions'*/[0m
[active_model_serializers]   ↳ app/controllers/api/v1/auth/sessions_controller.rb:43:in 'Api::V1::Auth::SessionsController#show'
[active_model_serializers]   [1m[36mPortfolioLink Load (1.1ms)[0m  [1m[34mSELECT "portfolio_links".* FROM "portfolio_links" WHERE "portfolio_links"."user_id" = 'c4b38885-f504-4898-906b-24941fabb892' /*action='show',application='Backend',controller='sessions'*/[0m
[active_model_serializers]   ↳ app/controllers/api/v1/auth/sessions_controller.rb:43:in 'Api::V1::Auth::SessionsController#show'
[active_model_serializers] Rendered ActiveModel::Serializer::Null with Hash (20.64ms)
Completed 200 OK in 36ms (Views: 17.9ms | ActiveRecord: 6.0ms (5 queries, 0 cached) | GC: 0.0ms)


Started GET "/api/v1/discovery?page=1&per_page=20" for 127.0.0.1 at 2026-09-19 15:27:34 +0300
Started GET "/api/v1/health" for 127.0.0.1 at 2026-09-19 15:27:34 +0300
Processing by Api::V1::DiscoveryController#index as JSON
  Parameters: {"page" => "1", "per_page" => "20"}
Processing by Api::V1::HealthController#show as JSON
  [1m[36mUser Load (1.5ms)[0m  [1m[34mSELECT "users".* FROM "users" WHERE "users"."id" = 'c4b38885-f504-4898-906b-24941fabb892' ORDER BY "users"."id" ASC LIMIT 1 /*action='index',application='Backend',controller='discovery'*/[0m
  ↳ app/controllers/api/v1/application_controller.rb:49:in 'Api::V1::ApplicationController#authenticate_user!'
  [1m[35m (8.0ms)[0m  [1m[34mSELECT 1 /*action='show',application='Backend',controller='health'*/[0m
  ↳ app/controllers/api/v1/health_controller.rb:29:in 'Api::V1::HealthController#database_reachable?'
  [1m[36mProfile Count (2.3ms)[0m  [1m[34mSELECT COUNT(*) FROM "profiles" INNER JOIN "users" ON "users"."id" = "profiles"."user_id" WHERE "profiles"."profile_visibility" = 0 AND "profiles"."show_on_explore" = TRUE AND "profiles"."user_id" != 'c4b38885-f504-4898-906b-24941fabb892' AND "profiles"."user_id" NOT IN (SELECT "connections"."target_user_id" FROM "connections" WHERE "connections"."user_id" = 'c4b38885-f504-4898-906b-24941fabb892') /*action='index',application='Backend',controller='discovery'*/[0m
  ↳ app/lib/pagination.rb:27:in 'Pagination.paginate'
  [1m[36mUser Load (1.6ms)[0m  [1m[34mSELECT "users".* FROM "users" WHERE "users"."id" = 'c4b38885-f504-4898-906b-24941fabb892' ORDER BY "users"."id" ASC LIMIT 1 /*action='show',application='Backend',controller='health'*/[0m
  ↳ app/controllers/api/v1/health_controller.rb:17:in 'Api::V1::HealthController#show'
[active_model_serializers]   [1m[36mProfile Load (3.1ms)[0m  [1m[34mSELECT "profiles".* FROM "profiles" INNER JOIN "users" ON "users"."id" = "profiles"."user_id" WHERE "profiles"."profile_visibility" = 0 AND "profiles"."show_on_explore" = TRUE AND "profiles"."user_id" != 'c4b38885-f504-4898-906b-24941fabb892' AND "profiles"."user_id" NOT IN (SELECT "connections"."target_user_id" FROM "connections" WHERE "connections"."user_id" = 'c4b38885-f504-4898-906b-24941fabb892') ORDER BY "profiles"."created_at" DESC LIMIT 20 OFFSET 0 /*action='index',application='Backend',controller='discovery'*/[0m
[active_model_serializers] Rendered ActiveModel::Serializer::Null with Hash (0.09ms)
[active_model_serializers]   ↳ app/controllers/api/v1/discovery_controller.rb:33:in 'Api::V1::DiscoveryController#index'
Completed 200 OK in 22ms (Views: 9.9ms | ActiveRecord: 9.6ms (2 queries, 0 cached) | GC: 0.0ms)


[active_model_serializers] Rendered ActiveModel::Serializer::CollectionSerializer with ActiveModelSerializers::Adapter::Attributes (0.07ms)
[active_model_serializers] Rendered ActiveModel::Serializer::Null with Hash (0.08ms)
Completed 200 OK in 30ms (Views: 0.9ms | ActiveRecord: 6.8ms (3 queries, 0 cached) | GC: 0.0ms)


Started GET "/api/v1/health" for 127.0.0.1 at 2026-09-19 15:27:34 +0300
Started GET "/api/v1/discovery?page=1&per_page=20" for 127.0.0.1 at 2026-09-19 15:27:34 +0300
Processing by Api::V1::HealthController#show as JSON
  [1m[35m (2.6ms)[0m  [1m[34mSELECT 1 /*action='show',application='Backend',controller='health'*/[0m
  ↳ app/controllers/api/v1/health_controller.rb:29:in 'Api::V1::HealthController#database_reachable?'
  [1m[36mUser Load (1.6ms)[0m  [1m[34mSELECT "users".* FROM "users" WHERE "users"."id" = 'c4b38885-f504-4898-906b-24941fabb892' ORDER BY "users"."id" ASC LIMIT 1 /*action='show',application='Backend',controller='health'*/[0m
  ↳ app/controllers/api/v1/health_controller.rb:17:in 'Api::V1::HealthController#show'
[active_model_serializers] Rendered ActiveModel::Serializer::Null with Hash (0.08ms)
Completed 200 OK in 23ms (Views: 9.5ms | ActiveRecord: 4.2ms (2 queries, 0 cached) | GC: 0.0ms)


Processing by Api::V1::DiscoveryController#index as JSON
  Parameters: {"page" => "1", "per_page" => "20"}
  [1m[36mUser Load (1.1ms)[0m  [1m[34mSELECT "users".* FROM "users" WHERE "users"."id" = 'c4b38885-f504-4898-906b-24941fabb892' ORDER BY "users"."id" ASC LIMIT 1 /*action='index',application='Backend',controller='discovery'*/[0m
  ↳ app/controllers/api/v1/application_controller.rb:49:in 'Api::V1::ApplicationController#authenticate_user!'
  [1m[36mProfile Count (2.0ms)[0m  [1m[34mSELECT COUNT(*) FROM "profiles" INNER JOIN "users" ON "users"."id" = "profiles"."user_id" WHERE "profiles"."profile_visibility" = 0 AND "profiles"."show_on_explore" = TRUE AND "profiles"."user_id" != 'c4b38885-f504-4898-906b-24941fabb892' AND "profiles"."user_id" NOT IN (SELECT "connections"."target_user_id" FROM "connections" WHERE "connections"."user_id" = 'c4b38885-f504-4898-906b-24941fabb892') /*action='index',application='Backend',controller='discovery'*/[0m
  ↳ app/lib/pagination.rb:27:in 'Pagination.paginate'
[active_model_serializers]   [1m[36mProfile Load (1.3ms)[0m  [1m[34mSELECT "profiles".* FROM "profiles" INNER JOIN "users" ON "users"."id" = "profiles"."user_id" WHERE "profiles"."profile_visibility" = 0 AND "profiles"."show_on_explore" = TRUE AND "profiles"."user_id" != 'c4b38885-f504-4898-906b-24941fabb892' AND "profiles"."user_id" NOT IN (SELECT "connections"."target_user_id" FROM "connections" WHERE "connections"."user_id" = 'c4b38885-f504-4898-906b-24941fabb892') ORDER BY "profiles"."created_at" DESC LIMIT 20 OFFSET 0 /*action='index',application='Backend',controller='discovery'*/[0m
[active_model_serializers]   ↳ app/controllers/api/v1/discovery_controller.rb:33:in 'Api::V1::DiscoveryController#index'
[active_model_serializers] Rendered ActiveModel::Serializer::CollectionSerializer with ActiveModelSerializers::Adapter::Attributes (0.11ms)
[active_model_serializers] Rendered ActiveModel::Serializer::Null with Hash (0.09ms)
Completed 200 OK in 23ms (Views: 1.0ms | ActiveRecord: 4.1ms (3 queries, 0 cached) | GC: 0.0ms)


Started GET "/api/v1/discovery?page=1&per_page=20" for 127.0.0.1 at 2026-09-19 15:27:35 +0300
Processing by Api::V1::DiscoveryController#index as JSON
  Parameters: {"page" => "1", "per_page" => "20"}
  [1m[36mUser Load (2.9ms)[0m  [1m[34mSELECT "users".* FROM "users" WHERE "users"."id" = 'c4b38885-f504-4898-906b-24941fabb892' ORDER BY "users"."id" ASC LIMIT 1 /*action='index',application='Backend',controller='discovery'*/[0m
  ↳ app/controllers/api/v1/application_controller.rb:49:in 'Api::V1::ApplicationController#authenticate_user!'
  [1m[36mProfile Count (4.6ms)[0m  [1m[34mSELECT COUNT(*) FROM "profiles" INNER JOIN "users" ON "users"."id" = "profiles"."user_id" WHERE "profiles"."profile_visibility" = 0 AND "profiles"."show_on_explore" = TRUE AND "profiles"."user_id" != 'c4b38885-f504-4898-906b-24941fabb892' AND "profiles"."user_id" NOT IN (SELECT "connections"."target_user_id" FROM "connections" WHERE "connections"."user_id" = 'c4b38885-f504-4898-906b-24941fabb892') /*action='index',application='Backend',controller='discovery'*/[0m
  ↳ app/lib/pagination.rb:27:in 'Pagination.paginate'
[active_model_serializers]   [1m[36mProfile Load (4.1ms)[0m  [1m[34mSELECT "profiles".* FROM "profiles" INNER JOIN "users" ON "users"."id" = "profiles"."user_id" WHERE "profiles"."profile_visibility" = 0 AND "profiles"."show_on_explore" = TRUE AND "profiles"."user_id" != 'c4b38885-f504-4898-906b-24941fabb892' AND "profiles"."user_id" NOT IN (SELECT "connections"."target_user_id" FROM "connections" WHERE "connections"."user_id" = 'c4b38885-f504-4898-906b-24941fabb892') ORDER BY "profiles"."created_at" DESC LIMIT 20 OFFSET 0 /*action='index',application='Backend',controller='discovery'*/[0m
[active_model_serializers]   ↳ app/controllers/api/v1/discovery_controller.rb:33:in 'Api::V1::DiscoveryController#index'
[active_model_serializers] Rendered ActiveModel::Serializer::CollectionSerializer with ActiveModelSerializers::Adapter::Attributes (0.21ms)
[active_model_serializers] Rendered ActiveModel::Serializer::Null with Hash (0.33ms)
Completed 200 OK in 45ms (Views: 2.1ms | ActiveRecord: 11.4ms (3 queries, 0 cached) | GC: 0.0ms)


Started GET "/api/v1/auth/me" for 127.0.0.1 at 2026-09-19 15:27:37 +0300
Processing by Api::V1::Auth::SessionsController#show as JSON
  [1m[36mUser Load (1.3ms)[0m  [1m[34mSELECT "users".* FROM "users" WHERE "users"."id" = 'c4b38885-f504-4898-906b-24941fabb892' ORDER BY "users"."id" ASC LIMIT 1 /*action='show',application='Backend',controller='sessions'*/[0m
  ↳ app/controllers/api/v1/application_controller.rb:49:in 'Api::V1::ApplicationController#authenticate_user!'
  [1m[36mProfile Load (1.1ms)[0m  [1m[34mSELECT "profiles".* FROM "profiles" WHERE "profiles"."user_id" = 'c4b38885-f504-4898-906b-24941fabb892' LIMIT 1 /*action='show',application='Backend',controller='sessions'*/[0m
  ↳ app/controllers/api/v1/auth/sessions_controller.rb:74:in 'Api::V1::Auth::SessionsController#user_payload'
[active_model_serializers] Rendered ProfileSerializer with ActiveModelSerializers::Adapter::Attributes (6.98ms)
[active_model_serializers]   [1m[36mInterest Load (2.9ms)[0m  [1m[34mSELECT "interests".* FROM "interests" INNER JOIN "user_interests" ON "interests"."id" = "user_interests"."interest_id" WHERE "user_interests"."user_id" = 'c4b38885-f504-4898-906b-24941fabb892' /*action='show',application='Backend',controller='sessions'*/[0m
[active_model_serializers]   ↳ app/controllers/api/v1/auth/sessions_controller.rb:43:in 'Api::V1::Auth::SessionsController#show'
[active_model_serializers]   [1m[36mSkill Load (2.7ms)[0m  [1m[34mSELECT "skills".* FROM "skills" INNER JOIN "user_skills" ON "skills"."id" = "user_skills"."skill_id" WHERE "user_skills"."user_id" = 'c4b38885-f504-4898-906b-24941fabb892' /*action='show',application='Backend',controller='sessions'*/[0m
[active_model_serializers]   ↳ app/controllers/api/v1/auth/sessions_controller.rb:43:in 'Api::V1::Auth::SessionsController#show'
[active_model_serializers]   [1m[36mPortfolioLink Load (1.4ms)[0m  [1m[34mSELECT "portfolio_links".* FROM "portfolio_links" WHERE "portfolio_links"."user_id" = 'c4b38885-f504-4898-906b-24941fabb892' /*action='show',application='Backend',controller='sessions'*/[0m
[active_model_serializers]   ↳ app/controllers/api/v1/auth/sessions_controller.rb:43:in 'Api::V1::Auth::SessionsController#show'
[active_model_serializers] Rendered ActiveModel::Serializer::Null with Hash (24.02ms)
Completed 200 OK in 44ms (Views: 17.9ms | ActiveRecord: 9.1ms (5 queries, 0 cached) | GC: 0.0ms)


Started GET "/api/v1/auth/me" for 127.0.0.1 at 2026-09-19 15:27:37 +0300
Processing by Api::V1::Auth::SessionsController#show as JSON
  [1m[36mUser Load (0.8ms)[0m  [1m[34mSELECT "users".* FROM "users" WHERE "users"."id" = 'c4b38885-f504-4898-906b-24941fabb892' ORDER BY "users"."id" ASC LIMIT 1 /*action='show',application='Backend',controller='sessions'*/[0m
  ↳ app/controllers/api/v1/application_controller.rb:49:in 'Api::V1::ApplicationController#authenticate_user!'
  [1m[36mProfile Load (0.7ms)[0m  [1m[34mSELECT "profiles".* FROM "profiles" WHERE "profiles"."user_id" = 'c4b38885-f504-4898-906b-24941fabb892' LIMIT 1 /*action='show',application='Backend',controller='sessions'*/[0m
  ↳ app/controllers/api/v1/auth/sessions_controller.rb:74:in 'Api::V1::Auth::SessionsController#user_payload'
[active_model_serializers] Rendered ProfileSerializer with ActiveModelSerializers::Adapter::Attributes (1.38ms)
[active_model_serializers]   [1m[36mInterest Load (1.1ms)[0m  [1m[34mSELECT "interests".* FROM "interests" INNER JOIN "user_interests" ON "interests"."id" = "user_interests"."interest_id" WHERE "user_interests"."user_id" = 'c4b38885-f504-4898-906b-24941fabb892' /*action='show',application='Backend',controller='sessions'*/[0m
[active_model_serializers]   ↳ app/controllers/api/v1/auth/sessions_controller.rb:43:in 'Api::V1::Auth::SessionsController#show'
[active_model_serializers]   [1m[36mSkill Load (0.8ms)[0m  [1m[34mSELECT "skills".* FROM "skills" INNER JOIN "user_skills" ON "skills"."id" = "user_skills"."skill_id" WHERE "user_skills"."user_id" = 'c4b38885-f504-4898-906b-24941fabb892' /*action='show',application='Backend',controller='sessions'*/[0m
[active_model_serializers]   ↳ app/controllers/api/v1/auth/sessions_controller.rb:43:in 'Api::V1::Auth::SessionsController#show'
[active_model_serializers]   [1m[36mPortfolioLink Load (0.6ms)[0m  [1m[34mSELECT "portfolio_links".* FROM "portfolio_links" WHERE "portfolio_links"."user_id" = 'c4b38885-f504-4898-906b-24941fabb892' /*action='show',application='Backend',controller='sessions'*/[0m
[active_model_serializers]   ↳ app/controllers/api/v1/auth/sessions_controller.rb:43:in 'Api::V1::Auth::SessionsController#show'
[active_model_serializers] Rendered ActiveModel::Serializer::Null with Hash (12.38ms)
Completed 200 OK in 21ms (Views: 10.6ms | ActiveRecord: 3.8ms (5 queries, 0 cached) | GC: 0.0ms)


Started GET "/api/v1/discovery?page=1&per_page=20" for 127.0.0.1 at 2026-09-19 15:27:38 +0300
Started GET "/api/v1/health" for 127.0.0.1 at 2026-09-19 15:27:38 +0300
Processing by Api::V1::DiscoveryController#index as JSON
  Parameters: {"page" => "1", "per_page" => "20"}
Processing by Api::V1::HealthController#show as JSON
  [1m[36mUser Load (1.1ms)[0m  [1m[34mSELECT "users".* FROM "users" WHERE "users"."id" = 'c4b38885-f504-4898-906b-24941fabb892' ORDER BY "users"."id" ASC LIMIT 1 /*action='index',application='Backend',controller='discovery'*/[0m
  ↳ app/controllers/api/v1/application_controller.rb:49:in 'Api::V1::ApplicationController#authenticate_user!'
  [1m[35m (5.0ms)[0m  [1m[34mSELECT 1 /*action='show',application='Backend',controller='health'*/[0m
  [1m[36mProfile Count (1.6ms)[0m  [1m[34mSELECT COUNT(*) FROM "profiles" INNER JOIN "users" ON "users"."id" = "profiles"."user_id" WHERE "profiles"."profile_visibility" = 0 AND "profiles"."show_on_explore" = TRUE AND "profiles"."user_id" != 'c4b38885-f504-4898-906b-24941fabb892' AND "profiles"."user_id" NOT IN (SELECT "connections"."target_user_id" FROM "connections" WHERE "connections"."user_id" = 'c4b38885-f504-4898-906b-24941fabb892') /*action='index',application='Backend',controller='discovery'*/[0m
  ↳ app/controllers/api/v1/health_controller.rb:29:in 'Api::V1::HealthController#database_reachable?'
  ↳ app/lib/pagination.rb:27:in 'Pagination.paginate'
  [1m[36mUser Load (2.3ms)[0m  [1m[34mSELECT "users".* FROM "users" WHERE "users"."id" = 'c4b38885-f504-4898-906b-24941fabb892' ORDER BY "users"."id" ASC LIMIT 1 /*action='show',application='Backend',controller='health'*/[0m
  ↳ app/controllers/api/v1/health_controller.rb:17:in 'Api::V1::HealthController#show'
[active_model_serializers] Rendered ActiveModel::Serializer::Null with Hash (0.13ms)
[active_model_serializers]   [1m[36mProfile Load (3.6ms)[0m  [1m[34mSELECT "profiles".* FROM "profiles" INNER JOIN "users" ON "users"."id" = "profiles"."user_id" WHERE "profiles"."profile_visibility" = 0 AND "profiles"."show_on_explore" = TRUE AND "profiles"."user_id" != 'c4b38885-f504-4898-906b-24941fabb892' AND "profiles"."user_id" NOT IN (SELECT "connections"."target_user_id" FROM "connections" WHERE "connections"."user_id" = 'c4b38885-f504-4898-906b-24941fabb892') ORDER BY "profiles"."created_at" DESC LIMIT 20 OFFSET 0 /*action='index',application='Backend',controller='discovery'*/[0m
Completed 200 OK in 15ms (Views: 5.3ms | ActiveRecord: 7.3ms (2 queries, 0 cached) | GC: 0.0ms)


[active_model_serializers]   ↳ app/controllers/api/v1/discovery_controller.rb:33:in 'Api::V1::DiscoveryController#index'
[active_model_serializers] Rendered ActiveModel::Serializer::CollectionSerializer with ActiveModelSerializers::Adapter::Attributes (0.12ms)
[active_model_serializers] Rendered ActiveModel::Serializer::Null with Hash (0.09ms)
Completed 200 OK in 32ms (Views: 0.9ms | ActiveRecord: 6.4ms (3 queries, 0 cached) | GC: 0.0ms)


Started GET "/api/v1/health" for 127.0.0.1 at 2026-09-19 15:27:38 +0300
Started GET "/api/v1/discovery?page=1&per_page=20" for 127.0.0.1 at 2026-09-19 15:27:38 +0300
Processing by Api::V1::HealthController#show as JSON
  [1m[35m (1.2ms)[0m  [1m[34mSELECT 1 /*action='show',application='Backend',controller='health'*/[0m
  ↳ app/controllers/api/v1/health_controller.rb:29:in 'Api::V1::HealthController#database_reachable?'
Processing by Api::V1::DiscoveryController#index as JSON
  Parameters: {"page" => "1", "per_page" => "20"}
  [1m[36mUser Load (3.3ms)[0m  [1m[34mSELECT "users".* FROM "users" WHERE "users"."id" = 'c4b38885-f504-4898-906b-24941fabb892' ORDER BY "users"."id" ASC LIMIT 1 /*action='show',application='Backend',controller='health'*/[0m
  ↳ app/controllers/api/v1/health_controller.rb:17:in 'Api::V1::HealthController#show'
[active_model_serializers] Rendered ActiveModel::Serializer::Null with Hash (0.06ms)
Completed 200 OK in 12ms (Views: 5.5ms | ActiveRecord: 4.5ms (2 queries, 0 cached) | GC: 0.0ms)


  [1m[36mUser Load (4.2ms)[0m  [1m[34mSELECT "users".* FROM "users" WHERE "users"."id" = 'c4b38885-f504-4898-906b-24941fabb892' ORDER BY "users"."id" ASC LIMIT 1 /*action='index',application='Backend',controller='discovery'*/[0m
  ↳ app/controllers/api/v1/application_controller.rb:49:in 'Api::V1::ApplicationController#authenticate_user!'
  [1m[36mProfile Count (1.1ms)[0m  [1m[34mSELECT COUNT(*) FROM "profiles" INNER JOIN "users" ON "users"."id" = "profiles"."user_id" WHERE "profiles"."profile_visibility" = 0 AND "profiles"."show_on_explore" = TRUE AND "profiles"."user_id" != 'c4b38885-f504-4898-906b-24941fabb892' AND "profiles"."user_id" NOT IN (SELECT "connections"."target_user_id" FROM "connections" WHERE "connections"."user_id" = 'c4b38885-f504-4898-906b-24941fabb892') /*action='index',application='Backend',controller='discovery'*/[0m
  ↳ app/lib/pagination.rb:27:in 'Pagination.paginate'
[active_model_serializers]   [1m[36mProfile Load (1.4ms)[0m  [1m[34mSELECT "profiles".* FROM "profiles" INNER JOIN "users" ON "users"."id" = "profiles"."user_id" WHERE "profiles"."profile_visibility" = 0 AND "profiles"."show_on_explore" = TRUE AND "profiles"."user_id" != 'c4b38885-f504-4898-906b-24941fabb892' AND "profiles"."user_id" NOT IN (SELECT "connections"."target_user_id" FROM "connections" WHERE "connections"."user_id" = 'c4b38885-f504-4898-906b-24941fabb892') ORDER BY "profiles"."created_at" DESC LIMIT 20 OFFSET 0 /*action='index',application='Backend',controller='discovery'*/[0m
[active_model_serializers]   ↳ app/controllers/api/v1/discovery_controller.rb:33:in 'Api::V1::DiscoveryController#index'
[active_model_serializers] Rendered ActiveModel::Serializer::CollectionSerializer with ActiveModelSerializers::Adapter::Attributes (0.06ms)
[active_model_serializers] Rendered ActiveModel::Serializer::Null with Hash (0.05ms)
Completed 200 OK in 20ms (Views: 0.6ms | ActiveRecord: 6.6ms (3 queries, 0 cached) | GC: 0.0ms)


Started GET "/api/v1/auth/me" for 127.0.0.1 at 2026-09-19 15:30:04 +0300
Processing by Api::V1::Auth::SessionsController#show as JSON
[active_model_serializers] Rendered ActiveModel::Serializer::Null with Hash (0.11ms)
Filter chain halted as :authenticate_user! rendered or redirected
Completed 401 Unauthorized in 3ms (Views: 1.3ms | ActiveRecord: 0.0ms (0 queries, 0 cached) | GC: 0.0ms)


Started GET "/api/v1/auth/me" for 127.0.0.1 at 2026-09-19 15:30:04 +0300
Processing by Api::V1::Auth::SessionsController#show as JSON
[active_model_serializers] Rendered ActiveModel::Serializer::Null with Hash (0.11ms)
Filter chain halted as :authenticate_user! rendered or redirected
Completed 401 Unauthorized in 3ms (Views: 1.4ms | ActiveRecord: 0.0ms (0 queries, 0 cached) | GC: 0.0ms)


Started POST "/api/v1/auth/login" for 127.0.0.1 at 2026-09-19 15:30:06 +0300
Processing by Api::V1::Auth::SessionsController#create as JSON
  Parameters: {"user" => {"email" => "[FILTERED]", "password" => "[FILTERED]"}, "session" => {"user" => {"email" => "[FILTERED]", "password" => "[FILTERED]"}}}
  [1m[36mUser Load (4.1ms)[0m  [1m[34mSELECT "users".* FROM "users" WHERE "users"."email" = 'ragadabdelwahab81@gmail.com' LIMIT 1 /*action='create',application='Backend',controller='sessions'*/[0m
  ↳ app/controllers/api/v1/auth/sessions_controller.rb:12:in 'Api::V1::Auth::SessionsController#create'
  [1m[36mTRANSACTION (0.6ms)[0m  [1m[35mBEGIN /*action='create',application='Backend',controller='sessions'*/[0m
  ↳ app/controllers/api/v1/auth/sessions_controller.rb:15:in 'Api::V1::Auth::SessionsController#create'
  [1m[36mUser Update (7.4ms)[0m  [1m[33mUPDATE "users" SET "current_sign_in_at" = '2026-09-19 12:30:06.454825', "last_sign_in_at" = '2026-09-19 12:27:34.161071', "sign_in_count" = 11, "updated_at" = '2026-09-19 12:30:06.455277' WHERE "users"."id" = 'c4b38885-f504-4898-906b-24941fabb892' /*action='create',application='Backend',controller='sessions'*/[0m
  ↳ app/controllers/api/v1/auth/sessions_controller.rb:15:in 'Api::V1::Auth::SessionsController#create'
  [1m[36mTRANSACTION (4.9ms)[0m  [1m[35mCOMMIT /*action='create',application='Backend',controller='sessions'*/[0m
  ↳ app/controllers/api/v1/auth/sessions_controller.rb:15:in 'Api::V1::Auth::SessionsController#create'
[active_model_serializers] Rendered ActiveModel::Serializer::Null with Hash (0.05ms)
Completed 200 OK in 367ms (Views: 0.8ms | ActiveRecord: 17.0ms (2 queries, 0 cached) | GC: 0.0ms)


Started GET "/api/v1/auth/me" for 127.0.0.1 at 2026-09-19 15:30:06 +0300
Processing by Api::V1::Auth::SessionsController#show as JSON
  [1m[36mUser Load (1.2ms)[0m  [1m[34mSELECT "users".* FROM "users" WHERE "users"."id" = 'c4b38885-f504-4898-906b-24941fabb892' ORDER BY "users"."id" ASC LIMIT 1 /*action='show',application='Backend',controller='sessions'*/[0m
  ↳ app/controllers/api/v1/application_controller.rb:49:in 'Api::V1::ApplicationController#authenticate_user!'
  [1m[36mProfile Load (1.0ms)[0m  [1m[34mSELECT "profiles".* FROM "profiles" WHERE "profiles"."user_id" = 'c4b38885-f504-4898-906b-24941fabb892' LIMIT 1 /*action='show',application='Backend',controller='sessions'*/[0m
  ↳ app/controllers/api/v1/auth/sessions_controller.rb:74:in 'Api::V1::Auth::SessionsController#user_payload'
[active_model_serializers] Rendered ProfileSerializer with ActiveModelSerializers::Adapter::Attributes (2.65ms)
[active_model_serializers]   [1m[36mInterest Load (1.6ms)[0m  [1m[34mSELECT "interests".* FROM "interests" INNER JOIN "user_interests" ON "interests"."id" = "user_interests"."interest_id" WHERE "user_interests"."user_id" = 'c4b38885-f504-4898-906b-24941fabb892' /*action='show',application='Backend',controller='sessions'*/[0m
[active_model_serializers]   ↳ app/controllers/api/v1/auth/sessions_controller.rb:43:in 'Api::V1::Auth::SessionsController#show'
[active_model_serializers]   [1m[36mSkill Load (1.5ms)[0m  [1m[34mSELECT "skills".* FROM "skills" INNER JOIN "user_skills" ON "skills"."id" = "user_skills"."skill_id" WHERE "user_skills"."user_id" = 'c4b38885-f504-4898-906b-24941fabb892' /*action='show',application='Backend',controller='sessions'*/[0m
[active_model_serializers]   ↳ app/controllers/api/v1/auth/sessions_controller.rb:43:in 'Api::V1::Auth::SessionsController#show'
[active_model_serializers]   [1m[36mPortfolioLink Load (1.2ms)[0m  [1m[34mSELECT "portfolio_links".* FROM "portfolio_links" WHERE "portfolio_links"."user_id" = 'c4b38885-f504-4898-906b-24941fabb892' /*action='show',application='Backend',controller='sessions'*/[0m
[active_model_serializers]   ↳ app/controllers/api/v1/auth/sessions_controller.rb:43:in 'Api::V1::Auth::SessionsController#show'
[active_model_serializers] Rendered ActiveModel::Serializer::Null with Hash (23.02ms)
Completed 200 OK in 41ms (Views: 19.8ms | ActiveRecord: 6.3ms (5 queries, 0 cached) | GC: 0.0ms)


Started GET "/api/v1/discovery?page=1&per_page=20" for 127.0.0.1 at 2026-09-19 15:30:06 +0300
Started GET "/api/v1/health" for 127.0.0.1 at 2026-09-19 15:30:06 +0300
Processing by Api::V1::DiscoveryController#index as JSON
  Parameters: {"page" => "1", "per_page" => "20"}
Processing by Api::V1::HealthController#show as JSON
  [1m[36mUser Load (2.2ms)[0m  [1m[34mSELECT "users".* FROM "users" WHERE "users"."id" = 'c4b38885-f504-4898-906b-24941fabb892' ORDER BY "users"."id" ASC LIMIT 1 /*action='index',application='Backend',controller='discovery'*/[0m
  ↳ app/controllers/api/v1/application_controller.rb:49:in 'Api::V1::ApplicationController#authenticate_user!'
  [1m[35m (5.0ms)[0m  [1m[34mSELECT 1 /*action='show',application='Backend',controller='health'*/[0m
  ↳ app/controllers/api/v1/health_controller.rb:29:in 'Api::V1::HealthController#database_reachable?'
  [1m[36mProfile Count (1.7ms)[0m  [1m[34mSELECT COUNT(*) FROM "profiles" INNER JOIN "users" ON "users"."id" = "profiles"."user_id" WHERE "profiles"."profile_visibility" = 0 AND "profiles"."show_on_explore" = TRUE AND "profiles"."user_id" != 'c4b38885-f504-4898-906b-24941fabb892' AND "profiles"."user_id" NOT IN (SELECT "connections"."target_user_id" FROM "connections" WHERE "connections"."user_id" = 'c4b38885-f504-4898-906b-24941fabb892') /*action='index',application='Backend',controller='discovery'*/[0m
  ↳ app/lib/pagination.rb:27:in 'Pagination.paginate'
  [1m[36mUser Load (2.2ms)[0m  [1m[34mSELECT "users".* FROM "users" WHERE "users"."id" = 'c4b38885-f504-4898-906b-24941fabb892' ORDER BY "users"."id" ASC LIMIT 1 /*action='show',application='Backend',controller='health'*/[0m
  ↳ app/controllers/api/v1/health_controller.rb:17:in 'Api::V1::HealthController#show'
[active_model_serializers]   [1m[36mProfile Load (2.9ms)[0m  [1m[34mSELECT "profiles".* FROM "profiles" INNER JOIN "users" ON "users"."id" = "profiles"."user_id" WHERE "profiles"."profile_visibility" = 0 AND "profiles"."show_on_explore" = TRUE AND "profiles"."user_id" != 'c4b38885-f504-4898-906b-24941fabb892' AND "profiles"."user_id" NOT IN (SELECT "connections"."target_user_id" FROM "connections" WHERE "connections"."user_id" = 'c4b38885-f504-4898-906b-24941fabb892') ORDER BY "profiles"."created_at" DESC LIMIT 20 OFFSET 0 /*action='index',application='Backend',controller='discovery'*/[0m
[active_model_serializers] Rendered ActiveModel::Serializer::Null with Hash (0.05ms)
[active_model_serializers]   ↳ app/controllers/api/v1/discovery_controller.rb:33:in 'Api::V1::DiscoveryController#index'
Completed 200 OK in 22ms (Views: 11.5ms | ActiveRecord: 7.1ms (2 queries, 0 cached) | GC: 0.0ms)


[active_model_serializers] Rendered ActiveModel::Serializer::CollectionSerializer with ActiveModelSerializers::Adapter::Attributes (0.15ms)
[active_model_serializers] Rendered ActiveModel::Serializer::Null with Hash (0.08ms)
Completed 200 OK in 33ms (Views: 0.9ms | ActiveRecord: 6.8ms (3 queries, 0 cached) | GC: 0.0ms)


Started GET "/api/v1/health" for 127.0.0.1 at 2026-09-19 15:30:06 +0300
Processing by Api::V1::HealthController#show as JSON
  [1m[35m (0.9ms)[0m  [1m[34mSELECT 1 /*action='show',application='Backend',controller='health'*/[0m
  ↳ app/controllers/api/v1/health_controller.rb:29:in 'Api::V1::HealthController#database_reachable?'
Started GET "/api/v1/discovery?page=1&per_page=20" for 127.0.0.1 at 2026-09-19 15:30:06 +0300
  [1m[36mUser Load (1.3ms)[0m  [1m[34mSELECT "users".* FROM "users" WHERE "users"."id" = 'c4b38885-f504-4898-906b-24941fabb892' ORDER BY "users"."id" ASC LIMIT 1 /*action='show',application='Backend',controller='health'*/[0m
  ↳ app/controllers/api/v1/health_controller.rb:17:in 'Api::V1::HealthController#show'
[active_model_serializers] Rendered ActiveModel::Serializer::Null with Hash (0.14ms)
Completed 200 OK in 19ms (Views: 9.6ms | ActiveRecord: 2.2ms (2 queries, 0 cached) | GC: 0.0ms)


Processing by Api::V1::DiscoveryController#index as JSON
  Parameters: {"page" => "1", "per_page" => "20"}
  [1m[36mUser Load (1.0ms)[0m  [1m[34mSELECT "users".* FROM "users" WHERE "users"."id" = 'c4b38885-f504-4898-906b-24941fabb892' ORDER BY "users"."id" ASC LIMIT 1 /*action='index',application='Backend',controller='discovery'*/[0m
  ↳ app/controllers/api/v1/application_controller.rb:49:in 'Api::V1::ApplicationController#authenticate_user!'
  [1m[36mProfile Count (1.4ms)[0m  [1m[34mSELECT COUNT(*) FROM "profiles" INNER JOIN "users" ON "users"."id" = "profiles"."user_id" WHERE "profiles"."profile_visibility" = 0 AND "profiles"."show_on_explore" = TRUE AND "profiles"."user_id" != 'c4b38885-f504-4898-906b-24941fabb892' AND "profiles"."user_id" NOT IN (SELECT "connections"."target_user_id" FROM "connections" WHERE "connections"."user_id" = 'c4b38885-f504-4898-906b-24941fabb892') /*action='index',application='Backend',controller='discovery'*/[0m
  ↳ app/lib/pagination.rb:27:in 'Pagination.paginate'
[active_model_serializers]   [1m[36mProfile Load (1.6ms)[0m  [1m[34mSELECT "profiles".* FROM "profiles" INNER JOIN "users" ON "users"."id" = "profiles"."user_id" WHERE "profiles"."profile_visibility" = 0 AND "profiles"."show_on_explore" = TRUE AND "profiles"."user_id" != 'c4b38885-f504-4898-906b-24941fabb892' AND "profiles"."user_id" NOT IN (SELECT "connections"."target_user_id" FROM "connections" WHERE "connections"."user_id" = 'c4b38885-f504-4898-906b-24941fabb892') ORDER BY "profiles"."created_at" DESC LIMIT 20 OFFSET 0 /*action='index',application='Backend',controller='discovery'*/[0m
[active_model_serializers]   ↳ app/controllers/api/v1/discovery_controller.rb:33:in 'Api::V1::DiscoveryController#index'
[active_model_serializers] Rendered ActiveModel::Serializer::CollectionSerializer with ActiveModelSerializers::Adapter::Attributes (0.05ms)
[active_model_serializers] Rendered ActiveModel::Serializer::Null with Hash (0.07ms)
Completed 200 OK in 19ms (Views: 0.9ms | ActiveRecord: 4.0ms (3 queries, 0 cached) | GC: 0.0ms)


Started GET "/api/v1/auth/me" for 127.0.0.1 at 2026-09-19 15:30:09 +0300
Processing by Api::V1::Auth::SessionsController#show as JSON
  [1m[36mUser Load (1.3ms)[0m  [1m[34mSELECT "users".* FROM "users" WHERE "users"."id" = 'c4b38885-f504-4898-906b-24941fabb892' ORDER BY "users"."id" ASC LIMIT 1 /*action='show',application='Backend',controller='sessions'*/[0m
  ↳ app/controllers/api/v1/application_controller.rb:49:in 'Api::V1::ApplicationController#authenticate_user!'
  [1m[36mProfile Load (1.2ms)[0m  [1m[34mSELECT "profiles".* FROM "profiles" WHERE "profiles"."user_id" = 'c4b38885-f504-4898-906b-24941fabb892' LIMIT 1 /*action='show',application='Backend',controller='sessions'*/[0m
  ↳ app/controllers/api/v1/auth/sessions_controller.rb:74:in 'Api::V1::Auth::SessionsController#user_payload'
[active_model_serializers] Rendered ProfileSerializer with ActiveModelSerializers::Adapter::Attributes (1.47ms)
[active_model_serializers]   [1m[36mInterest Load (1.0ms)[0m  [1m[34mSELECT "interests".* FROM "interests" INNER JOIN "user_interests" ON "interests"."id" = "user_interests"."interest_id" WHERE "user_interests"."user_id" = 'c4b38885-f504-4898-906b-24941fabb892' /*action='show',application='Backend',controller='sessions'*/[0m
[active_model_serializers]   ↳ app/controllers/api/v1/auth/sessions_controller.rb:43:in 'Api::V1::Auth::SessionsController#show'
[active_model_serializers]   [1m[36mSkill Load (1.2ms)[0m  [1m[34mSELECT "skills".* FROM "skills" INNER JOIN "user_skills" ON "skills"."id" = "user_skills"."skill_id" WHERE "user_skills"."user_id" = 'c4b38885-f504-4898-906b-24941fabb892' /*action='show',application='Backend',controller='sessions'*/[0m
[active_model_serializers]   ↳ app/controllers/api/v1/auth/sessions_controller.rb:43:in 'Api::V1::Auth::SessionsController#show'
[active_model_serializers]   [1m[36mPortfolioLink Load (0.9ms)[0m  [1m[34mSELECT "portfolio_links".* FROM "portfolio_links" WHERE "portfolio_links"."user_id" = 'c4b38885-f504-4898-906b-24941fabb892' /*action='show',application='Backend',controller='sessions'*/[0m
[active_model_serializers]   ↳ app/controllers/api/v1/auth/sessions_controller.rb:43:in 'Api::V1::Auth::SessionsController#show'
[active_model_serializers] Rendered ActiveModel::Serializer::Null with Hash (19.2ms)
Completed 200 OK in 39ms (Views: 17.1ms | ActiveRecord: 5.4ms (5 queries, 0 cached) | GC: 0.0ms)


Started GET "/api/v1/auth/me" for 127.0.0.1 at 2026-09-19 15:30:09 +0300
Processing by Api::V1::Auth::SessionsController#show as JSON
  [1m[36mUser Load (0.8ms)[0m  [1m[34mSELECT "users".* FROM "users" WHERE "users"."id" = 'c4b38885-f504-4898-906b-24941fabb892' ORDER BY "users"."id" ASC LIMIT 1 /*action='show',application='Backend',controller='sessions'*/[0m
  ↳ app/controllers/api/v1/application_controller.rb:49:in 'Api::V1::ApplicationController#authenticate_user!'
  [1m[36mProfile Load (0.8ms)[0m  [1m[34mSELECT "profiles".* FROM "profiles" WHERE "profiles"."user_id" = 'c4b38885-f504-4898-906b-24941fabb892' LIMIT 1 /*action='show',application='Backend',controller='sessions'*/[0m
  ↳ app/controllers/api/v1/auth/sessions_controller.rb:74:in 'Api::V1::Auth::SessionsController#user_payload'
[active_model_serializers] Rendered ProfileSerializer with ActiveModelSerializers::Adapter::Attributes (2.86ms)
[active_model_serializers]   [1m[36mInterest Load (0.8ms)[0m  [1m[34mSELECT "interests".* FROM "interests" INNER JOIN "user_interests" ON "interests"."id" = "user_interests"."interest_id" WHERE "user_interests"."user_id" = 'c4b38885-f504-4898-906b-24941fabb892' /*action='show',application='Backend',controller='sessions'*/[0m
[active_model_serializers]   ↳ app/controllers/api/v1/auth/sessions_controller.rb:43:in 'Api::V1::Auth::SessionsController#show'
[active_model_serializers]   [1m[36mSkill Load (1.0ms)[0m  [1m[34mSELECT "skills".* FROM "skills" INNER JOIN "user_skills" ON "skills"."id" = "user_skills"."skill_id" WHERE "user_skills"."user_id" = 'c4b38885-f504-4898-906b-24941fabb892' /*action='show',application='Backend',controller='sessions'*/[0m
[active_model_serializers]   ↳ app/controllers/api/v1/auth/sessions_controller.rb:43:in 'Api::V1::Auth::SessionsController#show'
[active_model_serializers]   [1m[36mPortfolioLink Load (1.2ms)[0m  [1m[34mSELECT "portfolio_links".* FROM "portfolio_links" WHERE "portfolio_links"."user_id" = 'c4b38885-f504-4898-906b-24941fabb892' /*action='show',application='Backend',controller='sessions'*/[0m
[active_model_serializers]   ↳ app/controllers/api/v1/auth/sessions_controller.rb:43:in 'Api::V1::Auth::SessionsController#show'
[active_model_serializers] Rendered ActiveModel::Serializer::Null with Hash (15.97ms)
Completed 200 OK in 30ms (Views: 13.7ms | ActiveRecord: 4.6ms (5 queries, 0 cached) | GC: 0.0ms)


Started GET "/api/v1/discovery?page=1&per_page=20" for 127.0.0.1 at 2026-09-19 15:30:09 +0300
Started GET "/api/v1/health" for 127.0.0.1 at 2026-09-19 15:30:09 +0300
Processing by Api::V1::DiscoveryController#index as JSON
  Parameters: {"page" => "1", "per_page" => "20"}
Processing by Api::V1::HealthController#show as JSON
  [1m[36mUser Load (1.5ms)[0m  [1m[34mSELECT "users".* FROM "users" WHERE "users"."id" = 'c4b38885-f504-4898-906b-24941fabb892' ORDER BY "users"."id" ASC LIMIT 1 /*action='index',application='Backend',controller='discovery'*/[0m
  ↳ app/controllers/api/v1/application_controller.rb:49:in 'Api::V1::ApplicationController#authenticate_user!'
  [1m[35m (6.0ms)[0m  [1m[34mSELECT 1 /*action='show',application='Backend',controller='health'*/[0m
  ↳ app/controllers/api/v1/health_controller.rb:29:in 'Api::V1::HealthController#database_reachable?'
  [1m[36mProfile Count (2.0ms)[0m  [1m[34mSELECT COUNT(*) FROM "profiles" INNER JOIN "users" ON "users"."id" = "profiles"."user_id" WHERE "profiles"."profile_visibility" = 0 AND "profiles"."show_on_explore" = TRUE AND "profiles"."user_id" != 'c4b38885-f504-4898-906b-24941fabb892' AND "profiles"."user_id" NOT IN (SELECT "connections"."target_user_id" FROM "connections" WHERE "connections"."user_id" = 'c4b38885-f504-4898-906b-24941fabb892') /*action='index',application='Backend',controller='discovery'*/[0m
  ↳ app/lib/pagination.rb:27:in 'Pagination.paginate'
  [1m[36mUser Load (3.5ms)[0m  [1m[34mSELECT "users".* FROM "users" WHERE "users"."id" = 'c4b38885-f504-4898-906b-24941fabb892' ORDER BY "users"."id" ASC LIMIT 1 /*action='show',application='Backend',controller='health'*/[0m
  ↳ app/controllers/api/v1/health_controller.rb:17:in 'Api::V1::HealthController#show'
[active_model_serializers]   [1m[36mProfile Load (3.5ms)[0m  [1m[34mSELECT "profiles".* FROM "profiles" INNER JOIN "users" ON "users"."id" = "profiles"."user_id" WHERE "profiles"."profile_visibility" = 0 AND "profiles"."show_on_explore" = TRUE AND "profiles"."user_id" != 'c4b38885-f504-4898-906b-24941fabb892' AND "profiles"."user_id" NOT IN (SELECT "connections"."target_user_id" FROM "connections" WHERE "connections"."user_id" = 'c4b38885-f504-4898-906b-24941fabb892') ORDER BY "profiles"."created_at" DESC LIMIT 20 OFFSET 0 /*action='index',application='Backend',controller='discovery'*/[0m
[active_model_serializers] Rendered ActiveModel::Serializer::Null with Hash (0.08ms)
[active_model_serializers]   ↳ app/controllers/api/v1/discovery_controller.rb:33:in 'Api::V1::DiscoveryController#index'
Completed 200 OK in 22ms (Views: 10.0ms | ActiveRecord: 9.5ms (2 queries, 0 cached) | GC: 0.0ms)


[active_model_serializers] Rendered ActiveModel::Serializer::CollectionSerializer with ActiveModelSerializers::Adapter::Attributes (0.07ms)
[active_model_serializers] Rendered ActiveModel::Serializer::Null with Hash (0.21ms)
Completed 200 OK in 31ms (Views: 1.8ms | ActiveRecord: 7.0ms (3 queries, 0 cached) | GC: 0.0ms)


Started GET "/api/v1/health" for 127.0.0.1 at 2026-09-19 15:30:09 +0300
Started GET "/api/v1/discovery?page=1&per_page=20" for 127.0.0.1 at 2026-09-19 15:30:09 +0300
Processing by Api::V1::HealthController#show as JSON
  [1m[35m (1.4ms)[0m  [1m[34mSELECT 1 /*action='show',application='Backend',controller='health'*/[0m
  ↳ app/controllers/api/v1/health_controller.rb:29:in 'Api::V1::HealthController#database_reachable?'
Processing by Api::V1::DiscoveryController#index as JSON
  [1m[36mUser Load (1.9ms)[0m  [1m[34mSELECT "users".* FROM "users" WHERE "users"."id" = 'c4b38885-f504-4898-906b-24941fabb892' ORDER BY "users"."id" ASC LIMIT 1 /*action='show',application='Backend',controller='health'*/[0m
  Parameters: {"page" => "1", "per_page" => "20"}
  ↳ app/controllers/api/v1/health_controller.rb:17:in 'Api::V1::HealthController#show'
[active_model_serializers] Rendered ActiveModel::Serializer::Null with Hash (0.05ms)
  [1m[36mUser Load (1.6ms)[0m  [1m[34mSELECT "users".* FROM "users" WHERE "users"."id" = 'c4b38885-f504-4898-906b-24941fabb892' ORDER BY "users"."id" ASC LIMIT 1 /*action='index',application='Backend',controller='discovery'*/[0m
Completed 200 OK in 12ms (Views: 6.4ms | ActiveRecord: 3.3ms (2 queries, 0 cached) | GC: 0.0ms)


  ↳ app/controllers/api/v1/application_controller.rb:49:in 'Api::V1::ApplicationController#authenticate_user!'
  [1m[36mProfile Count (1.4ms)[0m  [1m[34mSELECT COUNT(*) FROM "profiles" INNER JOIN "users" ON "users"."id" = "profiles"."user_id" WHERE "profiles"."profile_visibility" = 0 AND "profiles"."show_on_explore" = TRUE AND "profiles"."user_id" != 'c4b38885-f504-4898-906b-24941fabb892' AND "profiles"."user_id" NOT IN (SELECT "connections"."target_user_id" FROM "connections" WHERE "connections"."user_id" = 'c4b38885-f504-4898-906b-24941fabb892') /*action='index',application='Backend',controller='discovery'*/[0m
  ↳ app/lib/pagination.rb:27:in 'Pagination.paginate'
[active_model_serializers]   [1m[36mProfile Load (1.6ms)[0m  [1m[34mSELECT "profiles".* FROM "profiles" INNER JOIN "users" ON "users"."id" = "profiles"."user_id" WHERE "profiles"."profile_visibility" = 0 AND "profiles"."show_on_explore" = TRUE AND "profiles"."user_id" != 'c4b38885-f504-4898-906b-24941fabb892' AND "profiles"."user_id" NOT IN (SELECT "connections"."target_user_id" FROM "connections" WHERE "connections"."user_id" = 'c4b38885-f504-4898-906b-24941fabb892') ORDER BY "profiles"."created_at" DESC LIMIT 20 OFFSET 0 /*action='index',application='Backend',controller='discovery'*/[0m
[active_model_serializers]   ↳ app/controllers/api/v1/discovery_controller.rb:33:in 'Api::V1::DiscoveryController#index'
[active_model_serializers] Rendered ActiveModel::Serializer::CollectionSerializer with ActiveModelSerializers::Adapter::Attributes (0.11ms)
[active_model_serializers] Rendered ActiveModel::Serializer::Null with Hash (0.14ms)
Completed 200 OK in 24ms (Views: 1.5ms | ActiveRecord: 4.5ms (3 queries, 0 cached) | GC: 0.0ms)


Started GET "/api/v1/discovery?page=1&per_page=20" for 127.0.0.1 at 2026-09-19 15:30:11 +0300
Processing by Api::V1::DiscoveryController#index as JSON
  Parameters: {"page" => "1", "per_page" => "20"}
  [1m[36mUser Load (3.8ms)[0m  [1m[34mSELECT "users".* FROM "users" WHERE "users"."id" = 'c4b38885-f504-4898-906b-24941fabb892' ORDER BY "users"."id" ASC LIMIT 1 /*action='index',application='Backend',controller='discovery'*/[0m
  ↳ app/controllers/api/v1/application_controller.rb:49:in 'Api::V1::ApplicationController#authenticate_user!'
  [1m[36mProfile Count (6.0ms)[0m  [1m[34mSELECT COUNT(*) FROM "profiles" INNER JOIN "users" ON "users"."id" = "profiles"."user_id" WHERE "profiles"."profile_visibility" = 0 AND "profiles"."show_on_explore" = TRUE AND "profiles"."user_id" != 'c4b38885-f504-4898-906b-24941fabb892' AND "profiles"."user_id" NOT IN (SELECT "connections"."target_user_id" FROM "connections" WHERE "connections"."user_id" = 'c4b38885-f504-4898-906b-24941fabb892') /*action='index',application='Backend',controller='discovery'*/[0m
  ↳ app/lib/pagination.rb:27:in 'Pagination.paginate'
[active_model_serializers]   [1m[36mProfile Load (3.0ms)[0m  [1m[34mSELECT "profiles".* FROM "profiles" INNER JOIN "users" ON "users"."id" = "profiles"."user_id" WHERE "profiles"."profile_visibility" = 0 AND "profiles"."show_on_explore" = TRUE AND "profiles"."user_id" != 'c4b38885-f504-4898-906b-24941fabb892' AND "profiles"."user_id" NOT IN (SELECT "connections"."target_user_id" FROM "connections" WHERE "connections"."user_id" = 'c4b38885-f504-4898-906b-24941fabb892') ORDER BY "profiles"."created_at" DESC LIMIT 20 OFFSET 0 /*action='index',application='Backend',controller='discovery'*/[0m
[active_model_serializers]   ↳ app/controllers/api/v1/discovery_controller.rb:33:in 'Api::V1::DiscoveryController#index'
[active_model_serializers] Rendered ActiveModel::Serializer::CollectionSerializer with ActiveModelSerializers::Adapter::Attributes (0.09ms)
[active_model_serializers] Rendered ActiveModel::Serializer::Null with Hash (0.11ms)
Completed 200 OK in 67ms (Views: 1.2ms | ActiveRecord: 12.6ms (3 queries, 0 cached) | GC: 0.0ms)


Started GET "/api/v1/discovery?page=1&per_page=20" for 127.0.0.1 at 2026-09-19 15:30:12 +0300
Processing by Api::V1::DiscoveryController#index as JSON
  Parameters: {"page" => "1", "per_page" => "20"}
  [1m[36mUser Load (4.0ms)[0m  [1m[34mSELECT "users".* FROM "users" WHERE "users"."id" = 'c4b38885-f504-4898-906b-24941fabb892' ORDER BY "users"."id" ASC LIMIT 1 /*action='index',application='Backend',controller='discovery'*/[0m
  ↳ app/controllers/api/v1/application_controller.rb:49:in 'Api::V1::ApplicationController#authenticate_user!'
  [1m[36mProfile Count (4.2ms)[0m  [1m[34mSELECT COUNT(*) FROM "profiles" INNER JOIN "users" ON "users"."id" = "profiles"."user_id" WHERE "profiles"."profile_visibility" = 0 AND "profiles"."show_on_explore" = TRUE AND "profiles"."user_id" != 'c4b38885-f504-4898-906b-24941fabb892' AND "profiles"."user_id" NOT IN (SELECT "connections"."target_user_id" FROM "connections" WHERE "connections"."user_id" = 'c4b38885-f504-4898-906b-24941fabb892') /*action='index',application='Backend',controller='discovery'*/[0m
  ↳ app/lib/pagination.rb:27:in 'Pagination.paginate'
[active_model_serializers]   [1m[36mProfile Load (5.8ms)[0m  [1m[34mSELECT "profiles".* FROM "profiles" INNER JOIN "users" ON "users"."id" = "profiles"."user_id" WHERE "profiles"."profile_visibility" = 0 AND "profiles"."show_on_explore" = TRUE AND "profiles"."user_id" != 'c4b38885-f504-4898-906b-24941fabb892' AND "profiles"."user_id" NOT IN (SELECT "connections"."target_user_id" FROM "connections" WHERE "connections"."user_id" = 'c4b38885-f504-4898-906b-24941fabb892') ORDER BY "profiles"."created_at" DESC LIMIT 20 OFFSET 0 /*action='index',application='Backend',controller='discovery'*/[0m
[active_model_serializers]   ↳ app/controllers/api/v1/discovery_controller.rb:33:in 'Api::V1::DiscoveryController#index'
[active_model_serializers] Rendered ActiveModel::Serializer::CollectionSerializer with ActiveModelSerializers::Adapter::Attributes (0.13ms)
[active_model_serializers] Rendered ActiveModel::Serializer::Null with Hash (0.13ms)
Completed 200 OK in 52ms (Views: 1.7ms | ActiveRecord: 13.7ms (3 queries, 0 cached) | GC: 0.0ms)


Started GET "/api/v1/discovery?page=1&per_page=20" for 127.0.0.1 at 2026-09-19 15:30:12 +0300
Processing by Api::V1::DiscoveryController#index as JSON
  Parameters: {"page" => "1", "per_page" => "20"}
  [1m[36mUser Load (4.1ms)[0m  [1m[34mSELECT "users".* FROM "users" WHERE "users"."id" = 'c4b38885-f504-4898-906b-24941fabb892' ORDER BY "users"."id" ASC LIMIT 1 /*action='index',application='Backend',controller='discovery'*/[0m
  ↳ app/controllers/api/v1/application_controller.rb:49:in 'Api::V1::ApplicationController#authenticate_user!'
  [1m[36mProfile Count (4.1ms)[0m  [1m[34mSELECT COUNT(*) FROM "profiles" INNER JOIN "users" ON "users"."id" = "profiles"."user_id" WHERE "profiles"."profile_visibility" = 0 AND "profiles"."show_on_explore" = TRUE AND "profiles"."user_id" != 'c4b38885-f504-4898-906b-24941fabb892' AND "profiles"."user_id" NOT IN (SELECT "connections"."target_user_id" FROM "connections" WHERE "connections"."user_id" = 'c4b38885-f504-4898-906b-24941fabb892') /*action='index',application='Backend',controller='discovery'*/[0m
  ↳ app/lib/pagination.rb:27:in 'Pagination.paginate'
[active_model_serializers]   [1m[36mProfile Load (3.8ms)[0m  [1m[34mSELECT "profiles".* FROM "profiles" INNER JOIN "users" ON "users"."id" = "profiles"."user_id" WHERE "profiles"."profile_visibility" = 0 AND "profiles"."show_on_explore" = TRUE AND "profiles"."user_id" != 'c4b38885-f504-4898-906b-24941fabb892' AND "profiles"."user_id" NOT IN (SELECT "connections"."target_user_id" FROM "connections" WHERE "connections"."user_id" = 'c4b38885-f504-4898-906b-24941fabb892') ORDER BY "profiles"."created_at" DESC LIMIT 20 OFFSET 0 /*action='index',application='Backend',controller='discovery'*/[0m
[active_model_serializers]   ↳ app/controllers/api/v1/discovery_controller.rb:33:in 'Api::V1::DiscoveryController#index'
[active_model_serializers] Rendered ActiveModel::Serializer::CollectionSerializer with ActiveModelSerializers::Adapter::Attributes (0.16ms)
[active_model_serializers] Rendered ActiveModel::Serializer::Null with Hash (0.2ms)
Completed 200 OK in 46ms (Views: 1.9ms | ActiveRecord: 11.9ms (3 queries, 0 cached) | GC: 0.0ms)


Started GET "/api/v1/discovery?page=1&per_page=20" for 127.0.0.1 at 2026-09-19 15:30:13 +0300
Processing by Api::V1::DiscoveryController#index as JSON
  Parameters: {"page" => "1", "per_page" => "20"}
  [1m[36mUser Load (2.8ms)[0m  [1m[34mSELECT "users".* FROM "users" WHERE "users"."id" = 'c4b38885-f504-4898-906b-24941fabb892' ORDER BY "users"."id" ASC LIMIT 1 /*action='index',application='Backend',controller='discovery'*/[0m
  ↳ app/controllers/api/v1/application_controller.rb:49:in 'Api::V1::ApplicationController#authenticate_user!'
  [1m[36mProfile Count (3.6ms)[0m  [1m[34mSELECT COUNT(*) FROM "profiles" INNER JOIN "users" ON "users"."id" = "profiles"."user_id" WHERE "profiles"."profile_visibility" = 0 AND "profiles"."show_on_explore" = TRUE AND "profiles"."user_id" != 'c4b38885-f504-4898-906b-24941fabb892' AND "profiles"."user_id" NOT IN (SELECT "connections"."target_user_id" FROM "connections" WHERE "connections"."user_id" = 'c4b38885-f504-4898-906b-24941fabb892') /*action='index',application='Backend',controller='discovery'*/[0m
  ↳ app/lib/pagination.rb:27:in 'Pagination.paginate'
[active_model_serializers]   [1m[36mProfile Load (4.0ms)[0m  [1m[34mSELECT "profiles".* FROM "profiles" INNER JOIN "users" ON "users"."id" = "profiles"."user_id" WHERE "profiles"."profile_visibility" = 0 AND "profiles"."show_on_explore" = TRUE AND "profiles"."user_id" != 'c4b38885-f504-4898-906b-24941fabb892' AND "profiles"."user_id" NOT IN (SELECT "connections"."target_user_id" FROM "connections" WHERE "connections"."user_id" = 'c4b38885-f504-4898-906b-24941fabb892') ORDER BY "profiles"."created_at" DESC LIMIT 20 OFFSET 0 /*action='index',application='Backend',controller='discovery'*/[0m
[active_model_serializers]   ↳ app/controllers/api/v1/discovery_controller.rb:33:in 'Api::V1::DiscoveryController#index'
[active_model_serializers] Rendered ActiveModel::Serializer::CollectionSerializer with ActiveModelSerializers::Adapter::Attributes (0.14ms)
[active_model_serializers] Rendered ActiveModel::Serializer::Null with Hash (0.18ms)
Completed 200 OK in 46ms (Views: 2.3ms | ActiveRecord: 10.3ms (3 queries, 0 cached) | GC: 0.0ms)


Using vips to process variants requires the libvips library. Please install libvips using the instructions on the libvips website.
Using vips to process variants requires the libvips library. Please install libvips using the instructions on the libvips website.
Started GET "/api/v1/auth/me" for 127.0.0.1 at 2026-09-19 15:31:55 +0300
  [1m[36mActiveRecord::SchemaMigration Load (2.0ms)[0m  [1m[34mSELECT "schema_migrations"."version" FROM "schema_migrations" ORDER BY "schema_migrations"."version" ASC /*application='Backend'*/[0m
Processing by Api::V1::Auth::SessionsController#show as JSON
  [1m[36mUser Load (1.2ms)[0m  [1m[34mSELECT "users".* FROM "users" WHERE "users"."id" = 'c4b38885-f504-4898-906b-24941fabb892' ORDER BY "users"."id" ASC LIMIT 1 /*action='show',application='Backend',controller='sessions'*/[0m
  ↳ app/controllers/api/v1/application_controller.rb:49:in 'Api::V1::ApplicationController#authenticate_user!'
  [1m[36mProfile Load (0.9ms)[0m  [1m[34mSELECT "profiles".* FROM "profiles" WHERE "profiles"."user_id" = 'c4b38885-f504-4898-906b-24941fabb892' LIMIT 1 /*action='show',application='Backend',controller='sessions'*/[0m
  ↳ app/controllers/api/v1/auth/sessions_controller.rb:74:in 'Api::V1::Auth::SessionsController#user_payload'
[active_model_serializers] Rendered ProfileSerializer with ActiveModelSerializers::Adapter::Attributes (17.62ms)
[active_model_serializers]   [1m[36mInterest Load (1.3ms)[0m  [1m[34mSELECT "interests".* FROM "interests" INNER JOIN "user_interests" ON "interests"."id" = "user_interests"."interest_id" WHERE "user_interests"."user_id" = 'c4b38885-f504-4898-906b-24941fabb892' /*action='show',application='Backend',controller='sessions'*/[0m
[active_model_serializers]   ↳ app/controllers/api/v1/auth/sessions_controller.rb:43:in 'Api::V1::Auth::SessionsController#show'
[active_model_serializers]   [1m[36mSkill Load (1.4ms)[0m  [1m[34mSELECT "skills".* FROM "skills" INNER JOIN "user_skills" ON "skills"."id" = "user_skills"."skill_id" WHERE "user_skills"."user_id" = 'c4b38885-f504-4898-906b-24941fabb892' /*action='show',application='Backend',controller='sessions'*/[0m
[active_model_serializers]   ↳ app/controllers/api/v1/auth/sessions_controller.rb:43:in 'Api::V1::Auth::SessionsController#show'
[active_model_serializers]   [1m[36mPortfolioLink Load (1.0ms)[0m  [1m[34mSELECT "portfolio_links".* FROM "portfolio_links" WHERE "portfolio_links"."user_id" = 'c4b38885-f504-4898-906b-24941fabb892' /*action='show',application='Backend',controller='sessions'*/[0m
[active_model_serializers]   ↳ app/controllers/api/v1/auth/sessions_controller.rb:43:in 'Api::V1::Auth::SessionsController#show'
[active_model_serializers] Rendered ActiveModel::Serializer::Null with Hash (46.87ms)
Completed 200 OK in 222ms (Views: 31.9ms | ActiveRecord: 93.1ms (5 queries, 0 cached) | GC: 43.2ms)


Started GET "/api/v1/auth/me" for 127.0.0.1 at 2026-09-19 15:31:55 +0300
Processing by Api::V1::Auth::SessionsController#show as JSON
  [1m[36mUser Load (1.0ms)[0m  [1m[34mSELECT "users".* FROM "users" WHERE "users"."id" = 'c4b38885-f504-4898-906b-24941fabb892' ORDER BY "users"."id" ASC LIMIT 1 /*action='show',application='Backend',controller='sessions'*/[0m
  ↳ app/controllers/api/v1/application_controller.rb:49:in 'Api::V1::ApplicationController#authenticate_user!'
  [1m[36mProfile Load (1.1ms)[0m  [1m[34mSELECT "profiles".* FROM "profiles" WHERE "profiles"."user_id" = 'c4b38885-f504-4898-906b-24941fabb892' LIMIT 1 /*action='show',application='Backend',controller='sessions'*/[0m
  ↳ app/controllers/api/v1/auth/sessions_controller.rb:74:in 'Api::V1::Auth::SessionsController#user_payload'
[active_model_serializers] Rendered ProfileSerializer with ActiveModelSerializers::Adapter::Attributes (1.55ms)
[active_model_serializers]   [1m[36mInterest Load (1.0ms)[0m  [1m[34mSELECT "interests".* FROM "interests" INNER JOIN "user_interests" ON "interests"."id" = "user_interests"."interest_id" WHERE "user_interests"."user_id" = 'c4b38885-f504-4898-906b-24941fabb892' /*action='show',application='Backend',controller='sessions'*/[0m
[active_model_serializers]   ↳ app/controllers/api/v1/auth/sessions_controller.rb:43:in 'Api::V1::Auth::SessionsController#show'
[active_model_serializers]   [1m[36mSkill Load (1.1ms)[0m  [1m[34mSELECT "skills".* FROM "skills" INNER JOIN "user_skills" ON "skills"."id" = "user_skills"."skill_id" WHERE "user_skills"."user_id" = 'c4b38885-f504-4898-906b-24941fabb892' /*action='show',application='Backend',controller='sessions'*/[0m
[active_model_serializers]   ↳ app/controllers/api/v1/auth/sessions_controller.rb:43:in 'Api::V1::Auth::SessionsController#show'
[active_model_serializers]   [1m[36mPortfolioLink Load (1.0ms)[0m  [1m[34mSELECT "portfolio_links".* FROM "portfolio_links" WHERE "portfolio_links"."user_id" = 'c4b38885-f504-4898-906b-24941fabb892' /*action='show',application='Backend',controller='sessions'*/[0m
[active_model_serializers]   ↳ app/controllers/api/v1/auth/sessions_controller.rb:43:in 'Api::V1::Auth::SessionsController#show'
[active_model_serializers] Rendered ActiveModel::Serializer::Null with Hash (16.66ms)
Completed 200 OK in 30ms (Views: 14.1ms | ActiveRecord: 5.2ms (5 queries, 0 cached) | GC: 1.2ms)


Started GET "/api/v1/discovery?page=1&per_page=20" for 127.0.0.1 at 2026-09-19 15:31:56 +0300
Started GET "/api/v1/health" for 127.0.0.1 at 2026-09-19 15:31:56 +0300
Processing by Api::V1::HealthController#show as JSON
Processing by Api::V1::DiscoveryController#index as JSON
  Parameters: {"page" => "1", "per_page" => "20"}
  [1m[35m (5.1ms)[0m  [1m[34mSELECT 1 /*action='show',application='Backend',controller='health'*/[0m
  ↳ app/controllers/api/v1/health_controller.rb:29:in 'Api::V1::HealthController#database_reachable?'
  [1m[36mUser Load (1.2ms)[0m  [1m[34mSELECT "users".* FROM "users" WHERE "users"."id" = 'c4b38885-f504-4898-906b-24941fabb892' ORDER BY "users"."id" ASC LIMIT 1 /*action='show',application='Backend',controller='health'*/[0m
  ↳ app/controllers/api/v1/health_controller.rb:17:in 'Api::V1::HealthController#show'
[active_model_serializers] Rendered ActiveModel::Serializer::Null with Hash (0.08ms)
Completed 200 OK in 19ms (Views: 7.4ms | ActiveRecord: 6.2ms (2 queries, 0 cached) | GC: 0.0ms)


Started GET "/api/v1/health" for 127.0.0.1 at 2026-09-19 15:31:56 +0300
Processing by Api::V1::HealthController#show as JSON
  [1m[35m (0.9ms)[0m  [1m[34mSELECT 1 /*action='show',application='Backend',controller='health'*/[0m
  ↳ app/controllers/api/v1/health_controller.rb:29:in 'Api::V1::HealthController#database_reachable?'
  [1m[36mUser Load (1.5ms)[0m  [1m[34mSELECT "users".* FROM "users" WHERE "users"."id" = 'c4b38885-f504-4898-906b-24941fabb892' ORDER BY "users"."id" ASC LIMIT 1 /*action='show',application='Backend',controller='health'*/[0m
  ↳ app/controllers/api/v1/health_controller.rb:17:in 'Api::V1::HealthController#show'
[active_model_serializers] Rendered ActiveModel::Serializer::Null with Hash (0.07ms)
Completed 200 OK in 12ms (Views: 7.8ms | ActiveRecord: 2.3ms (2 queries, 0 cached) | GC: 0.0ms)


  [1m[36mUser Load (2.7ms)[0m  [1m[34mSELECT "users".* FROM "users" WHERE "users"."id" = 'c4b38885-f504-4898-906b-24941fabb892' ORDER BY "users"."id" ASC LIMIT 1 /*action='index',application='Backend',controller='discovery'*/[0m
  ↳ app/controllers/api/v1/application_controller.rb:49:in 'Api::V1::ApplicationController#authenticate_user!'
  [1m[36mProfile Count (1.9ms)[0m  [1m[34mSELECT COUNT(*) FROM "profiles" INNER JOIN "users" ON "users"."id" = "profiles"."user_id" WHERE "profiles"."profile_visibility" = 0 AND "profiles"."show_on_explore" = TRUE AND "profiles"."user_id" != 'c4b38885-f504-4898-906b-24941fabb892' AND "profiles"."user_id" NOT IN (SELECT "connections"."target_user_id" FROM "connections" WHERE "connections"."user_id" = 'c4b38885-f504-4898-906b-24941fabb892') /*action='index',application='Backend',controller='discovery'*/[0m
  ↳ app/lib/pagination.rb:27:in 'Pagination.paginate'
[active_model_serializers]   [1m[36mProfile Load (1.3ms)[0m  [1m[34mSELECT "profiles".* FROM "profiles" INNER JOIN "users" ON "users"."id" = "profiles"."user_id" WHERE "profiles"."profile_visibility" = 0 AND "profiles"."show_on_explore" = TRUE AND "profiles"."user_id" != 'c4b38885-f504-4898-906b-24941fabb892' AND "profiles"."user_id" NOT IN (SELECT "connections"."target_user_id" FROM "connections" WHERE "connections"."user_id" = 'c4b38885-f504-4898-906b-24941fabb892') ORDER BY "profiles"."created_at" DESC LIMIT 20 OFFSET 0 /*action='index',application='Backend',controller='discovery'*/[0m
[active_model_serializers]   ↳ app/controllers/api/v1/discovery_controller.rb:33:in 'Api::V1::DiscoveryController#index'
[active_model_serializers] Rendered ActiveModel::Serializer::CollectionSerializer with ActiveModelSerializers::Adapter::Attributes (0.07ms)
[active_model_serializers] Rendered ActiveModel::Serializer::Null with Hash (0.09ms)
Completed 200 OK in 98ms (Views: 1.0ms | ActiveRecord: 22.9ms (3 queries, 0 cached) | GC: 0.0ms)


Started GET "/api/v1/discovery?page=1&per_page=20" for 127.0.0.1 at 2026-09-19 15:31:56 +0300
Processing by Api::V1::DiscoveryController#index as JSON
  Parameters: {"page" => "1", "per_page" => "20"}
  [1m[36mUser Load (0.9ms)[0m  [1m[34mSELECT "users".* FROM "users" WHERE "users"."id" = 'c4b38885-f504-4898-906b-24941fabb892' ORDER BY "users"."id" ASC LIMIT 1 /*action='index',application='Backend',controller='discovery'*/[0m
  ↳ app/controllers/api/v1/application_controller.rb:49:in 'Api::V1::ApplicationController#authenticate_user!'
  [1m[36mProfile Count (1.6ms)[0m  [1m[34mSELECT COUNT(*) FROM "profiles" INNER JOIN "users" ON "users"."id" = "profiles"."user_id" WHERE "profiles"."profile_visibility" = 0 AND "profiles"."show_on_explore" = TRUE AND "profiles"."user_id" != 'c4b38885-f504-4898-906b-24941fabb892' AND "profiles"."user_id" NOT IN (SELECT "connections"."target_user_id" FROM "connections" WHERE "connections"."user_id" = 'c4b38885-f504-4898-906b-24941fabb892') /*action='index',application='Backend',controller='discovery'*/[0m
  ↳ app/lib/pagination.rb:27:in 'Pagination.paginate'
[active_model_serializers]   [1m[36mProfile Load (1.3ms)[0m  [1m[34mSELECT "profiles".* FROM "profiles" INNER JOIN "users" ON "users"."id" = "profiles"."user_id" WHERE "profiles"."profile_visibility" = 0 AND "profiles"."show_on_explore" = TRUE AND "profiles"."user_id" != 'c4b38885-f504-4898-906b-24941fabb892' AND "profiles"."user_id" NOT IN (SELECT "connections"."target_user_id" FROM "connections" WHERE "connections"."user_id" = 'c4b38885-f504-4898-906b-24941fabb892') ORDER BY "profiles"."created_at" DESC LIMIT 20 OFFSET 0 /*action='index',application='Backend',controller='discovery'*/[0m
[active_model_serializers]   ↳ app/controllers/api/v1/discovery_controller.rb:33:in 'Api::V1::DiscoveryController#index'
[active_model_serializers] Rendered ActiveModel::Serializer::CollectionSerializer with ActiveModelSerializers::Adapter::Attributes (0.06ms)
[active_model_serializers] Rendered ActiveModel::Serializer::Null with Hash (0.06ms)
Completed 200 OK in 16ms (Views: 0.7ms | ActiveRecord: 3.7ms (3 queries, 0 cached) | GC: 0.0ms)


Started GET "/api/v1/discovery?page=1&per_page=20" for 127.0.0.1 at 2026-09-19 15:31:57 +0300
Processing by Api::V1::DiscoveryController#index as JSON
  Parameters: {"page" => "1", "per_page" => "20"}
  [1m[36mUser Load (2.4ms)[0m  [1m[34mSELECT "users".* FROM "users" WHERE "users"."id" = 'c4b38885-f504-4898-906b-24941fabb892' ORDER BY "users"."id" ASC LIMIT 1 /*action='index',application='Backend',controller='discovery'*/[0m
  ↳ app/controllers/api/v1/application_controller.rb:49:in 'Api::V1::ApplicationController#authenticate_user!'
  [1m[36mProfile Count (9.1ms)[0m  [1m[34mSELECT COUNT(*) FROM "profiles" INNER JOIN "users" ON "users"."id" = "profiles"."user_id" WHERE "profiles"."profile_visibility" = 0 AND "profiles"."show_on_explore" = TRUE AND "profiles"."user_id" != 'c4b38885-f504-4898-906b-24941fabb892' AND "profiles"."user_id" NOT IN (SELECT "connections"."target_user_id" FROM "connections" WHERE "connections"."user_id" = 'c4b38885-f504-4898-906b-24941fabb892') /*action='index',application='Backend',controller='discovery'*/[0m
  ↳ app/lib/pagination.rb:27:in 'Pagination.paginate'
[active_model_serializers]   [1m[36mProfile Load (2.2ms)[0m  [1m[34mSELECT "profiles".* FROM "profiles" INNER JOIN "users" ON "users"."id" = "profiles"."user_id" WHERE "profiles"."profile_visibility" = 0 AND "profiles"."show_on_explore" = TRUE AND "profiles"."user_id" != 'c4b38885-f504-4898-906b-24941fabb892' AND "profiles"."user_id" NOT IN (SELECT "connections"."target_user_id" FROM "connections" WHERE "connections"."user_id" = 'c4b38885-f504-4898-906b-24941fabb892') ORDER BY "profiles"."created_at" DESC LIMIT 20 OFFSET 0 /*action='index',application='Backend',controller='discovery'*/[0m
[active_model_serializers]   ↳ app/controllers/api/v1/discovery_controller.rb:33:in 'Api::V1::DiscoveryController#index'
[active_model_serializers] Rendered ActiveModel::Serializer::CollectionSerializer with ActiveModelSerializers::Adapter::Attributes (0.1ms)
[active_model_serializers] Rendered ActiveModel::Serializer::Null with Hash (0.19ms)
Completed 200 OK in 53ms (Views: 2.6ms | ActiveRecord: 13.5ms (3 queries, 0 cached) | GC: 0.0ms)


Started GET "/api/v1/discovery?page=1&per_page=20" for 127.0.0.1 at 2026-09-19 15:32:23 +0300
Processing by Api::V1::DiscoveryController#index as JSON
  Parameters: {"page" => "1", "per_page" => "20"}
  [1m[36mUser Load (4.6ms)[0m  [1m[34mSELECT "users".* FROM "users" WHERE "users"."id" = 'c4b38885-f504-4898-906b-24941fabb892' ORDER BY "users"."id" ASC LIMIT 1 /*action='index',application='Backend',controller='discovery'*/[0m
  ↳ app/controllers/api/v1/application_controller.rb:49:in 'Api::V1::ApplicationController#authenticate_user!'
  [1m[36mProfile Count (6.7ms)[0m  [1m[34mSELECT COUNT(*) FROM "profiles" INNER JOIN "users" ON "users"."id" = "profiles"."user_id" WHERE "profiles"."profile_visibility" = 0 AND "profiles"."show_on_explore" = TRUE AND "profiles"."user_id" != 'c4b38885-f504-4898-906b-24941fabb892' AND "profiles"."user_id" NOT IN (SELECT "connections"."target_user_id" FROM "connections" WHERE "connections"."user_id" = 'c4b38885-f504-4898-906b-24941fabb892') /*action='index',application='Backend',controller='discovery'*/[0m
  ↳ app/lib/pagination.rb:27:in 'Pagination.paginate'
[active_model_serializers]   [1m[36mProfile Load (4.9ms)[0m  [1m[34mSELECT "profiles".* FROM "profiles" INNER JOIN "users" ON "users"."id" = "profiles"."user_id" WHERE "profiles"."profile_visibility" = 0 AND "profiles"."show_on_explore" = TRUE AND "profiles"."user_id" != 'c4b38885-f504-4898-906b-24941fabb892' AND "profiles"."user_id" NOT IN (SELECT "connections"."target_user_id" FROM "connections" WHERE "connections"."user_id" = 'c4b38885-f504-4898-906b-24941fabb892') ORDER BY "profiles"."created_at" DESC LIMIT 20 OFFSET 0 /*action='index',application='Backend',controller='discovery'*/[0m
[active_model_serializers]   ↳ app/controllers/api/v1/discovery_controller.rb:33:in 'Api::V1::DiscoveryController#index'
[active_model_serializers] Rendered ActiveModel::Serializer::CollectionSerializer with ActiveModelSerializers::Adapter::Attributes (0.14ms)
[active_model_serializers] Rendered ActiveModel::Serializer::Null with Hash (0.14ms)
Completed 200 OK in 50ms (Views: 1.9ms | ActiveRecord: 16.0ms (3 queries, 0 cached) | GC: 0.0ms)


Started GET "/api/v1/discovery?page=1&per_page=20" for 127.0.0.1 at 2026-09-19 15:32:33 +0300
Processing by Api::V1::DiscoveryController#index as JSON
  Parameters: {"page" => "1", "per_page" => "20"}
  [1m[36mUser Load (1.8ms)[0m  [1m[34mSELECT "users".* FROM "users" WHERE "users"."id" = 'c4b38885-f504-4898-906b-24941fabb892' ORDER BY "users"."id" ASC LIMIT 1 /*action='index',application='Backend',controller='discovery'*/[0m
  ↳ app/controllers/api/v1/application_controller.rb:49:in 'Api::V1::ApplicationController#authenticate_user!'
  [1m[36mProfile Count (1.5ms)[0m  [1m[34mSELECT COUNT(*) FROM "profiles" INNER JOIN "users" ON "users"."id" = "profiles"."user_id" WHERE "profiles"."profile_visibility" = 0 AND "profiles"."show_on_explore" = TRUE AND "profiles"."user_id" != 'c4b38885-f504-4898-906b-24941fabb892' AND "profiles"."user_id" NOT IN (SELECT "connections"."target_user_id" FROM "connections" WHERE "connections"."user_id" = 'c4b38885-f504-4898-906b-24941fabb892') /*action='index',application='Backend',controller='discovery'*/[0m
  ↳ app/lib/pagination.rb:27:in 'Pagination.paginate'
[active_model_serializers]   [1m[36mProfile Load (1.7ms)[0m  [1m[34mSELECT "profiles".* FROM "profiles" INNER JOIN "users" ON "users"."id" = "profiles"."user_id" WHERE "profiles"."profile_visibility" = 0 AND "profiles"."show_on_explore" = TRUE AND "profiles"."user_id" != 'c4b38885-f504-4898-906b-24941fabb892' AND "profiles"."user_id" NOT IN (SELECT "connections"."target_user_id" FROM "connections" WHERE "connections"."user_id" = 'c4b38885-f504-4898-906b-24941fabb892') ORDER BY "profiles"."created_at" DESC LIMIT 20 OFFSET 0 /*action='index',application='Backend',controller='discovery'*/[0m
[active_model_serializers]   ↳ app/controllers/api/v1/discovery_controller.rb:33:in 'Api::V1::DiscoveryController#index'
[active_model_serializers] Rendered ActiveModel::Serializer::CollectionSerializer with ActiveModelSerializers::Adapter::Attributes (0.06ms)
[active_model_serializers] Rendered ActiveModel::Serializer::Null with Hash (0.09ms)
Completed 200 OK in 29ms (Views: 1.0ms | ActiveRecord: 5.0ms (3 queries, 0 cached) | GC: 0.0ms)


Started GET "/api/v1/discovery?page=1&per_page=20" for 127.0.0.1 at 2026-09-19 15:32:33 +0300
Processing by Api::V1::DiscoveryController#index as JSON
  Parameters: {"page" => "1", "per_page" => "20"}
  [1m[36mUser Load (2.0ms)[0m  [1m[34mSELECT "users".* FROM "users" WHERE "users"."id" = 'c4b38885-f504-4898-906b-24941fabb892' ORDER BY "users"."id" ASC LIMIT 1 /*action='index',application='Backend',controller='discovery'*/[0m
  ↳ app/controllers/api/v1/application_controller.rb:49:in 'Api::V1::ApplicationController#authenticate_user!'
  [1m[36mProfile Count (1.3ms)[0m  [1m[34mSELECT COUNT(*) FROM "profiles" INNER JOIN "users" ON "users"."id" = "profiles"."user_id" WHERE "profiles"."profile_visibility" = 0 AND "profiles"."show_on_explore" = TRUE AND "profiles"."user_id" != 'c4b38885-f504-4898-906b-24941fabb892' AND "profiles"."user_id" NOT IN (SELECT "connections"."target_user_id" FROM "connections" WHERE "connections"."user_id" = 'c4b38885-f504-4898-906b-24941fabb892') /*action='index',application='Backend',controller='discovery'*/[0m
  ↳ app/lib/pagination.rb:27:in 'Pagination.paginate'
[active_model_serializers]   [1m[36mProfile Load (1.2ms)[0m  [1m[34mSELECT "profiles".* FROM "profiles" INNER JOIN "users" ON "users"."id" = "profiles"."user_id" WHERE "profiles"."profile_visibility" = 0 AND "profiles"."show_on_explore" = TRUE AND "profiles"."user_id" != 'c4b38885-f504-4898-906b-24941fabb892' AND "profiles"."user_id" NOT IN (SELECT "connections"."target_user_id" FROM "connections" WHERE "connections"."user_id" = 'c4b38885-f504-4898-906b-24941fabb892') ORDER BY "profiles"."created_at" DESC LIMIT 20 OFFSET 0 /*action='index',application='Backend',controller='discovery'*/[0m
[active_model_serializers]   ↳ app/controllers/api/v1/discovery_controller.rb:33:in 'Api::V1::DiscoveryController#index'
[active_model_serializers] Rendered ActiveModel::Serializer::CollectionSerializer with ActiveModelSerializers::Adapter::Attributes (0.05ms)
[active_model_serializers] Rendered ActiveModel::Serializer::Null with Hash (0.07ms)
Completed 200 OK in 18ms (Views: 0.7ms | ActiveRecord: 4.3ms (3 queries, 0 cached) | GC: 0.0ms)


Started GET "/api/v1/auth/me" for 127.0.0.1 at 2026-09-19 15:32:34 +0300
Processing by Api::V1::Auth::SessionsController#show as JSON
  [1m[36mUser Load (1.4ms)[0m  [1m[34mSELECT "users".* FROM "users" WHERE "users"."id" = 'c4b38885-f504-4898-906b-24941fabb892' ORDER BY "users"."id" ASC LIMIT 1 /*action='show',application='Backend',controller='sessions'*/[0m
  ↳ app/controllers/api/v1/application_controller.rb:49:in 'Api::V1::ApplicationController#authenticate_user!'
  [1m[36mProfile Load (1.3ms)[0m  [1m[34mSELECT "profiles".* FROM "profiles" WHERE "profiles"."user_id" = 'c4b38885-f504-4898-906b-24941fabb892' LIMIT 1 /*action='show',application='Backend',controller='sessions'*/[0m
  ↳ app/controllers/api/v1/auth/sessions_controller.rb:74:in 'Api::V1::Auth::SessionsController#user_payload'
[active_model_serializers] Rendered ProfileSerializer with ActiveModelSerializers::Adapter::Attributes (2.47ms)
[active_model_serializers]   [1m[36mInterest Load (2.5ms)[0m  [1m[34mSELECT "interests".* FROM "interests" INNER JOIN "user_interests" ON "interests"."id" = "user_interests"."interest_id" WHERE "user_interests"."user_id" = 'c4b38885-f504-4898-906b-24941fabb892' /*action='show',application='Backend',controller='sessions'*/[0m
[active_model_serializers]   ↳ app/controllers/api/v1/auth/sessions_controller.rb:43:in 'Api::V1::Auth::SessionsController#show'
[active_model_serializers]   [1m[36mSkill Load (1.9ms)[0m  [1m[34mSELECT "skills".* FROM "skills" INNER JOIN "user_skills" ON "skills"."id" = "user_skills"."skill_id" WHERE "user_skills"."user_id" = 'c4b38885-f504-4898-906b-24941fabb892' /*action='show',application='Backend',controller='sessions'*/[0m
[active_model_serializers]   ↳ app/controllers/api/v1/auth/sessions_controller.rb:43:in 'Api::V1::Auth::SessionsController#show'
[active_model_serializers]   [1m[36mPortfolioLink Load (1.5ms)[0m  [1m[34mSELECT "portfolio_links".* FROM "portfolio_links" WHERE "portfolio_links"."user_id" = 'c4b38885-f504-4898-906b-24941fabb892' /*action='show',application='Backend',controller='sessions'*/[0m
[active_model_serializers]   ↳ app/controllers/api/v1/auth/sessions_controller.rb:43:in 'Api::V1::Auth::SessionsController#show'
[active_model_serializers] Rendered ActiveModel::Serializer::Null with Hash (28.89ms)
Completed 200 OK in 55ms (Views: 24.6ms | ActiveRecord: 8.5ms (5 queries, 0 cached) | GC: 0.0ms)


Started GET "/api/v1/auth/me" for 127.0.0.1 at 2026-09-19 15:32:35 +0300
Processing by Api::V1::Auth::SessionsController#show as JSON
  [1m[36mUser Load (0.9ms)[0m  [1m[34mSELECT "users".* FROM "users" WHERE "users"."id" = 'c4b38885-f504-4898-906b-24941fabb892' ORDER BY "users"."id" ASC LIMIT 1 /*action='show',application='Backend',controller='sessions'*/[0m
  ↳ app/controllers/api/v1/application_controller.rb:49:in 'Api::V1::ApplicationController#authenticate_user!'
  [1m[36mProfile Load (0.7ms)[0m  [1m[34mSELECT "profiles".* FROM "profiles" WHERE "profiles"."user_id" = 'c4b38885-f504-4898-906b-24941fabb892' LIMIT 1 /*action='show',application='Backend',controller='sessions'*/[0m
  ↳ app/controllers/api/v1/auth/sessions_controller.rb:74:in 'Api::V1::Auth::SessionsController#user_payload'
[active_model_serializers] Rendered ProfileSerializer with ActiveModelSerializers::Adapter::Attributes (1.41ms)
[active_model_serializers]   [1m[36mInterest Load (1.0ms)[0m  [1m[34mSELECT "interests".* FROM "interests" INNER JOIN "user_interests" ON "interests"."id" = "user_interests"."interest_id" WHERE "user_interests"."user_id" = 'c4b38885-f504-4898-906b-24941fabb892' /*action='show',application='Backend',controller='sessions'*/[0m
[active_model_serializers]   ↳ app/controllers/api/v1/auth/sessions_controller.rb:43:in 'Api::V1::Auth::SessionsController#show'
[active_model_serializers]   [1m[36mSkill Load (1.3ms)[0m  [1m[34mSELECT "skills".* FROM "skills" INNER JOIN "user_skills" ON "skills"."id" = "user_skills"."skill_id" WHERE "user_skills"."user_id" = 'c4b38885-f504-4898-906b-24941fabb892' /*action='show',application='Backend',controller='sessions'*/[0m
[active_model_serializers]   ↳ app/controllers/api/v1/auth/sessions_controller.rb:43:in 'Api::V1::Auth::SessionsController#show'
[active_model_serializers]   [1m[36mPortfolioLink Load (0.9ms)[0m  [1m[34mSELECT "portfolio_links".* FROM "portfolio_links" WHERE "portfolio_links"."user_id" = 'c4b38885-f504-4898-906b-24941fabb892' /*action='show',application='Backend',controller='sessions'*/[0m
[active_model_serializers]   ↳ app/controllers/api/v1/auth/sessions_controller.rb:43:in 'Api::V1::Auth::SessionsController#show'
[active_model_serializers] Rendered ActiveModel::Serializer::Null with Hash (16.74ms)
Completed 200 OK in 27ms (Views: 14.2ms | ActiveRecord: 4.7ms (5 queries, 0 cached) | GC: 0.0ms)


Started GET "/api/v1/discovery?page=1&per_page=20" for 127.0.0.1 at 2026-09-19 15:32:35 +0300
Started GET "/api/v1/health" for 127.0.0.1 at 2026-09-19 15:32:35 +0300
Processing by Api::V1::HealthController#show as JSON
Processing by Api::V1::DiscoveryController#index as JSON
  [1m[35m (2.4ms)[0m  [1m[34mSELECT 1 /*action='show',application='Backend',controller='health'*/[0m
  Parameters: {"page" => "1", "per_page" => "20"}
  ↳ app/controllers/api/v1/health_controller.rb:29:in 'Api::V1::HealthController#database_reachable?'
  [1m[36mUser Load (1.8ms)[0m  [1m[34mSELECT "users".* FROM "users" WHERE "users"."id" = 'c4b38885-f504-4898-906b-24941fabb892' ORDER BY "users"."id" ASC LIMIT 1 /*action='index',application='Backend',controller='discovery'*/[0m
  ↳ app/controllers/api/v1/application_controller.rb:49:in 'Api::V1::ApplicationController#authenticate_user!'
  [1m[36mUser Load (1.9ms)[0m  [1m[34mSELECT "users".* FROM "users" WHERE "users"."id" = 'c4b38885-f504-4898-906b-24941fabb892' ORDER BY "users"."id" ASC LIMIT 1 /*action='show',application='Backend',controller='health'*/[0m
  ↳ app/controllers/api/v1/health_controller.rb:17:in 'Api::V1::HealthController#show'
  [1m[36mProfile Count (1.8ms)[0m  [1m[34mSELECT COUNT(*) FROM "profiles" INNER JOIN "users" ON "users"."id" = "profiles"."user_id" WHERE "profiles"."profile_visibility" = 0 AND "profiles"."show_on_explore" = TRUE AND "profiles"."user_id" != 'c4b38885-f504-4898-906b-24941fabb892' AND "profiles"."user_id" NOT IN (SELECT "connections"."target_user_id" FROM "connections" WHERE "connections"."user_id" = 'c4b38885-f504-4898-906b-24941fabb892') /*action='index',application='Backend',controller='discovery'*/[0m
[active_model_serializers] Rendered ActiveModel::Serializer::Null with Hash (0.05ms)
  ↳ app/lib/pagination.rb:27:in 'Pagination.paginate'
Completed 200 OK in 16ms (Views: 7.9ms | ActiveRecord: 4.3ms (2 queries, 0 cached) | GC: 0.0ms)


[active_model_serializers]   [1m[36mProfile Load (2.4ms)[0m  [1m[34mSELECT "profiles".* FROM "profiles" INNER JOIN "users" ON "users"."id" = "profiles"."user_id" WHERE "profiles"."profile_visibility" = 0 AND "profiles"."show_on_explore" = TRUE AND "profiles"."user_id" != 'c4b38885-f504-4898-906b-24941fabb892' AND "profiles"."user_id" NOT IN (SELECT "connections"."target_user_id" FROM "connections" WHERE "connections"."user_id" = 'c4b38885-f504-4898-906b-24941fabb892') ORDER BY "profiles"."created_at" DESC LIMIT 20 OFFSET 0 /*action='index',application='Backend',controller='discovery'*/[0m
[active_model_serializers]   ↳ app/controllers/api/v1/discovery_controller.rb:33:in 'Api::V1::DiscoveryController#index'
[active_model_serializers] Rendered ActiveModel::Serializer::CollectionSerializer with ActiveModelSerializers::Adapter::Attributes (0.09ms)
[active_model_serializers] Rendered ActiveModel::Serializer::Null with Hash (0.11ms)
Completed 200 OK in 22ms (Views: 1.5ms | ActiveRecord: 5.9ms (3 queries, 0 cached) | GC: 0.0ms)


Started GET "/api/v1/health" for 127.0.0.1 at 2026-09-19 15:32:35 +0300
Processing by Api::V1::HealthController#show as JSON
  [1m[35m (2.0ms)[0m  [1m[34mSELECT 1 /*action='show',application='Backend',controller='health'*/[0m
Started GET "/api/v1/discovery?page=1&per_page=20" for 127.0.0.1 at 2026-09-19 15:32:35 +0300
  ↳ app/controllers/api/v1/health_controller.rb:29:in 'Api::V1::HealthController#database_reachable?'
  [1m[36mUser Load (1.7ms)[0m  [1m[34mSELECT "users".* FROM "users" WHERE "users"."id" = 'c4b38885-f504-4898-906b-24941fabb892' ORDER BY "users"."id" ASC LIMIT 1 /*action='show',application='Backend',controller='health'*/[0m
  ↳ app/controllers/api/v1/health_controller.rb:17:in 'Api::V1::HealthController#show'
[active_model_serializers] Rendered ActiveModel::Serializer::Null with Hash (0.05ms)
Completed 200 OK in 14ms (Views: 6.2ms | ActiveRecord: 3.6ms (2 queries, 0 cached) | GC: 0.0ms)


Processing by Api::V1::DiscoveryController#index as JSON
  Parameters: {"page" => "1", "per_page" => "20"}
  [1m[36mUser Load (1.4ms)[0m  [1m[34mSELECT "users".* FROM "users" WHERE "users"."id" = 'c4b38885-f504-4898-906b-24941fabb892' ORDER BY "users"."id" ASC LIMIT 1 /*action='index',application='Backend',controller='discovery'*/[0m
  ↳ app/controllers/api/v1/application_controller.rb:49:in 'Api::V1::ApplicationController#authenticate_user!'
  [1m[36mProfile Count (1.2ms)[0m  [1m[34mSELECT COUNT(*) FROM "profiles" INNER JOIN "users" ON "users"."id" = "profiles"."user_id" WHERE "profiles"."profile_visibility" = 0 AND "profiles"."show_on_explore" = TRUE AND "profiles"."user_id" != 'c4b38885-f504-4898-906b-24941fabb892' AND "profiles"."user_id" NOT IN (SELECT "connections"."target_user_id" FROM "connections" WHERE "connections"."user_id" = 'c4b38885-f504-4898-906b-24941fabb892') /*action='index',application='Backend',controller='discovery'*/[0m
  ↳ app/lib/pagination.rb:27:in 'Pagination.paginate'
[active_model_serializers]   [1m[36mProfile Load (1.2ms)[0m  [1m[34mSELECT "profiles".* FROM "profiles" INNER JOIN "users" ON "users"."id" = "profiles"."user_id" WHERE "profiles"."profile_visibility" = 0 AND "profiles"."show_on_explore" = TRUE AND "profiles"."user_id" != 'c4b38885-f504-4898-906b-24941fabb892' AND "profiles"."user_id" NOT IN (SELECT "connections"."target_user_id" FROM "connections" WHERE "connections"."user_id" = 'c4b38885-f504-4898-906b-24941fabb892') ORDER BY "profiles"."created_at" DESC LIMIT 20 OFFSET 0 /*action='index',application='Backend',controller='discovery'*/[0m
[active_model_serializers]   ↳ app/controllers/api/v1/discovery_controller.rb:33:in 'Api::V1::DiscoveryController#index'
[active_model_serializers] Rendered ActiveModel::Serializer::CollectionSerializer with ActiveModelSerializers::Adapter::Attributes (0.05ms)
[active_model_serializers] Rendered ActiveModel::Serializer::Null with Hash (0.05ms)
Completed 200 OK in 19ms (Views: 0.6ms | ActiveRecord: 3.7ms (3 queries, 0 cached) | GC: 0.0ms)


Started GET "/api/v1/auth/me" for 127.0.0.1 at 2026-09-19 15:32:36 +0300
Processing by Api::V1::Auth::SessionsController#show as JSON
  [1m[36mUser Load (1.3ms)[0m  [1m[34mSELECT "users".* FROM "users" WHERE "users"."id" = 'c4b38885-f504-4898-906b-24941fabb892' ORDER BY "users"."id" ASC LIMIT 1 /*action='show',application='Backend',controller='sessions'*/[0m
  ↳ app/controllers/api/v1/application_controller.rb:49:in 'Api::V1::ApplicationController#authenticate_user!'
  [1m[36mProfile Load (1.1ms)[0m  [1m[34mSELECT "profiles".* FROM "profiles" WHERE "profiles"."user_id" = 'c4b38885-f504-4898-906b-24941fabb892' LIMIT 1 /*action='show',application='Backend',controller='sessions'*/[0m
  ↳ app/controllers/api/v1/auth/sessions_controller.rb:74:in 'Api::V1::Auth::SessionsController#user_payload'
[active_model_serializers] Rendered ProfileSerializer with ActiveModelSerializers::Adapter::Attributes (2.1ms)
[active_model_serializers]   [1m[36mInterest Load (1.1ms)[0m  [1m[34mSELECT "interests".* FROM "interests" INNER JOIN "user_interests" ON "interests"."id" = "user_interests"."interest_id" WHERE "user_interests"."user_id" = 'c4b38885-f504-4898-906b-24941fabb892' /*action='show',application='Backend',controller='sessions'*/[0m
[active_model_serializers]   ↳ app/controllers/api/v1/auth/sessions_controller.rb:43:in 'Api::V1::Auth::SessionsController#show'
[active_model_serializers]   [1m[36mSkill Load (1.1ms)[0m  [1m[34mSELECT "skills".* FROM "skills" INNER JOIN "user_skills" ON "skills"."id" = "user_skills"."skill_id" WHERE "user_skills"."user_id" = 'c4b38885-f504-4898-906b-24941fabb892' /*action='show',application='Backend',controller='sessions'*/[0m
[active_model_serializers]   ↳ app/controllers/api/v1/auth/sessions_controller.rb:43:in 'Api::V1::Auth::SessionsController#show'
[active_model_serializers]   [1m[36mPortfolioLink Load (1.1ms)[0m  [1m[34mSELECT "portfolio_links".* FROM "portfolio_links" WHERE "portfolio_links"."user_id" = 'c4b38885-f504-4898-906b-24941fabb892' /*action='show',application='Backend',controller='sessions'*/[0m
[active_model_serializers]   ↳ app/controllers/api/v1/auth/sessions_controller.rb:43:in 'Api::V1::Auth::SessionsController#show'
[active_model_serializers] Rendered ActiveModel::Serializer::Null with Hash (18.83ms)
Completed 200 OK in 37ms (Views: 17.1ms | ActiveRecord: 5.6ms (5 queries, 0 cached) | GC: 0.0ms)


Started GET "/api/v1/auth/me" for 127.0.0.1 at 2026-09-19 15:32:36 +0300
Processing by Api::V1::Auth::SessionsController#show as JSON
  [1m[36mUser Load (0.9ms)[0m  [1m[34mSELECT "users".* FROM "users" WHERE "users"."id" = 'c4b38885-f504-4898-906b-24941fabb892' ORDER BY "users"."id" ASC LIMIT 1 /*action='show',application='Backend',controller='sessions'*/[0m
  ↳ app/controllers/api/v1/application_controller.rb:49:in 'Api::V1::ApplicationController#authenticate_user!'
  [1m[36mProfile Load (0.8ms)[0m  [1m[34mSELECT "profiles".* FROM "profiles" WHERE "profiles"."user_id" = 'c4b38885-f504-4898-906b-24941fabb892' LIMIT 1 /*action='show',application='Backend',controller='sessions'*/[0m
  ↳ app/controllers/api/v1/auth/sessions_controller.rb:74:in 'Api::V1::Auth::SessionsController#user_payload'
[active_model_serializers] Rendered ProfileSerializer with ActiveModelSerializers::Adapter::Attributes (2.04ms)
[active_model_serializers]   [1m[36mInterest Load (1.8ms)[0m  [1m[34mSELECT "interests".* FROM "interests" INNER JOIN "user_interests" ON "interests"."id" = "user_interests"."interest_id" WHERE "user_interests"."user_id" = 'c4b38885-f504-4898-906b-24941fabb892' /*action='show',application='Backend',controller='sessions'*/[0m
[active_model_serializers]   ↳ app/controllers/api/v1/auth/sessions_controller.rb:43:in 'Api::V1::Auth::SessionsController#show'
[active_model_serializers]   [1m[36mSkill Load (1.0ms)[0m  [1m[34mSELECT "skills".* FROM "skills" INNER JOIN "user_skills" ON "skills"."id" = "user_skills"."skill_id" WHERE "user_skills"."user_id" = 'c4b38885-f504-4898-906b-24941fabb892' /*action='show',application='Backend',controller='sessions'*/[0m
[active_model_serializers]   ↳ app/controllers/api/v1/auth/sessions_controller.rb:43:in 'Api::V1::Auth::SessionsController#show'
[active_model_serializers]   [1m[36mPortfolioLink Load (1.0ms)[0m  [1m[34mSELECT "portfolio_links".* FROM "portfolio_links" WHERE "portfolio_links"."user_id" = 'c4b38885-f504-4898-906b-24941fabb892' /*action='show',application='Backend',controller='sessions'*/[0m
[active_model_serializers]   ↳ app/controllers/api/v1/auth/sessions_controller.rb:43:in 'Api::V1::Auth::SessionsController#show'
[active_model_serializers] Rendered ActiveModel::Serializer::Null with Hash (15.89ms)
Completed 200 OK in 28ms (Views: 12.8ms | ActiveRecord: 5.4ms (5 queries, 0 cached) | GC: 0.0ms)


Started GET "/api/v1/discovery?page=1&per_page=20" for 127.0.0.1 at 2026-09-19 15:32:36 +0300
Started GET "/api/v1/health" for 127.0.0.1 at 2026-09-19 15:32:36 +0300
Processing by Api::V1::HealthController#show as JSON
Processing by Api::V1::DiscoveryController#index as JSON
  [1m[35m (1.9ms)[0m  [1m[34mSELECT 1 /*action='show',application='Backend',controller='health'*/[0m
  Parameters: {"page" => "1", "per_page" => "20"}
  ↳ app/controllers/api/v1/health_controller.rb:29:in 'Api::V1::HealthController#database_reachable?'
  [1m[36mUser Load (1.8ms)[0m  [1m[34mSELECT "users".* FROM "users" WHERE "users"."id" = 'c4b38885-f504-4898-906b-24941fabb892' ORDER BY "users"."id" ASC LIMIT 1 /*action='index',application='Backend',controller='discovery'*/[0m
  ↳ app/controllers/api/v1/application_controller.rb:49:in 'Api::V1::ApplicationController#authenticate_user!'
  [1m[36mUser Load (5.7ms)[0m  [1m[34mSELECT "users".* FROM "users" WHERE "users"."id" = 'c4b38885-f504-4898-906b-24941fabb892' ORDER BY "users"."id" ASC LIMIT 1 /*action='show',application='Backend',controller='health'*/[0m
  ↳ app/controllers/api/v1/health_controller.rb:17:in 'Api::V1::HealthController#show'
  [1m[36mProfile Count (2.3ms)[0m  [1m[34mSELECT COUNT(*) FROM "profiles" INNER JOIN "users" ON "users"."id" = "profiles"."user_id" WHERE "profiles"."profile_visibility" = 0 AND "profiles"."show_on_explore" = TRUE AND "profiles"."user_id" != 'c4b38885-f504-4898-906b-24941fabb892' AND "profiles"."user_id" NOT IN (SELECT "connections"."target_user_id" FROM "connections" WHERE "connections"."user_id" = 'c4b38885-f504-4898-906b-24941fabb892') /*action='index',application='Backend',controller='discovery'*/[0m
[active_model_serializers] Rendered ActiveModel::Serializer::Null with Hash (0.05ms)
  ↳ app/lib/pagination.rb:27:in 'Pagination.paginate'
Completed 200 OK in 17ms (Views: 5.9ms | ActiveRecord: 7.5ms (2 queries, 0 cached) | GC: 0.0ms)


[active_model_serializers]   [1m[36mProfile Load (1.8ms)[0m  [1m[34mSELECT "profiles".* FROM "profiles" INNER JOIN "users" ON "users"."id" = "profiles"."user_id" WHERE "profiles"."profile_visibility" = 0 AND "profiles"."show_on_explore" = TRUE AND "profiles"."user_id" != 'c4b38885-f504-4898-906b-24941fabb892' AND "profiles"."user_id" NOT IN (SELECT "connections"."target_user_id" FROM "connections" WHERE "connections"."user_id" = 'c4b38885-f504-4898-906b-24941fabb892') ORDER BY "profiles"."created_at" DESC LIMIT 20 OFFSET 0 /*action='index',application='Backend',controller='discovery'*/[0m
[active_model_serializers]   ↳ app/controllers/api/v1/discovery_controller.rb:33:in 'Api::V1::DiscoveryController#index'
[active_model_serializers] Rendered ActiveModel::Serializer::CollectionSerializer with ActiveModelSerializers::Adapter::Attributes (0.18ms)
[active_model_serializers] Rendered ActiveModel::Serializer::Null with Hash (0.11ms)
Completed 200 OK in 25ms (Views: 1.9ms | ActiveRecord: 5.9ms (3 queries, 0 cached) | GC: 0.0ms)


Started GET "/api/v1/health" for 127.0.0.1 at 2026-09-19 15:32:36 +0300
Processing by Api::V1::HealthController#show as JSON
  [1m[35m (0.9ms)[0m  [1m[34mSELECT 1 /*action='show',application='Backend',controller='health'*/[0m
  ↳ app/controllers/api/v1/health_controller.rb:29:in 'Api::V1::HealthController#database_reachable?'
Started GET "/api/v1/discovery?page=1&per_page=20" for 127.0.0.1 at 2026-09-19 15:32:36 +0300
  [1m[36mUser Load (1.5ms)[0m  [1m[34mSELECT "users".* FROM "users" WHERE "users"."id" = 'c4b38885-f504-4898-906b-24941fabb892' ORDER BY "users"."id" ASC LIMIT 1 /*action='show',application='Backend',controller='health'*/[0m
  ↳ app/controllers/api/v1/health_controller.rb:17:in 'Api::V1::HealthController#show'
[active_model_serializers] Rendered ActiveModel::Serializer::Null with Hash (0.05ms)
Completed 200 OK in 15ms (Views: 6.1ms | ActiveRecord: 2.3ms (2 queries, 0 cached) | GC: 0.0ms)


Processing by Api::V1::DiscoveryController#index as JSON
  Parameters: {"page" => "1", "per_page" => "20"}
  [1m[36mUser Load (1.2ms)[0m  [1m[34mSELECT "users".* FROM "users" WHERE "users"."id" = 'c4b38885-f504-4898-906b-24941fabb892' ORDER BY "users"."id" ASC LIMIT 1 /*action='index',application='Backend',controller='discovery'*/[0m
  ↳ app/controllers/api/v1/application_controller.rb:49:in 'Api::V1::ApplicationController#authenticate_user!'
  [1m[36mProfile Count (1.1ms)[0m  [1m[34mSELECT COUNT(*) FROM "profiles" INNER JOIN "users" ON "users"."id" = "profiles"."user_id" WHERE "profiles"."profile_visibility" = 0 AND "profiles"."show_on_explore" = TRUE AND "profiles"."user_id" != 'c4b38885-f504-4898-906b-24941fabb892' AND "profiles"."user_id" NOT IN (SELECT "connections"."target_user_id" FROM "connections" WHERE "connections"."user_id" = 'c4b38885-f504-4898-906b-24941fabb892') /*action='index',application='Backend',controller='discovery'*/[0m
  ↳ app/lib/pagination.rb:27:in 'Pagination.paginate'
[active_model_serializers]   [1m[36mProfile Load (1.7ms)[0m  [1m[34mSELECT "profiles".* FROM "profiles" INNER JOIN "users" ON "users"."id" = "profiles"."user_id" WHERE "profiles"."profile_visibility" = 0 AND "profiles"."show_on_explore" = TRUE AND "profiles"."user_id" != 'c4b38885-f504-4898-906b-24941fabb892' AND "profiles"."user_id" NOT IN (SELECT "connections"."target_user_id" FROM "connections" WHERE "connections"."user_id" = 'c4b38885-f504-4898-906b-24941fabb892') ORDER BY "profiles"."created_at" DESC LIMIT 20 OFFSET 0 /*action='index',application='Backend',controller='discovery'*/[0m
[active_model_serializers]   ↳ app/controllers/api/v1/discovery_controller.rb:33:in 'Api::V1::DiscoveryController#index'
[active_model_serializers] Rendered ActiveModel::Serializer::CollectionSerializer with ActiveModelSerializers::Adapter::Attributes (0.05ms)
[active_model_serializers] Rendered ActiveModel::Serializer::Null with Hash (0.05ms)
Completed 200 OK in 17ms (Views: 0.6ms | ActiveRecord: 3.9ms (3 queries, 0 cached) | GC: 0.0ms)


Started GET "/api/v1/auth/me" for 127.0.0.1 at 2026-09-19 15:59:04 +0300
Processing by Api::V1::Auth::SessionsController#show as JSON
  [1m[36mUser Load (1.4ms)[0m  [1m[34mSELECT "users".* FROM "users" WHERE "users"."id" = 'c4b38885-f504-4898-906b-24941fabb892' ORDER BY "users"."id" ASC LIMIT 1 /*action='show',application='Backend',controller='sessions'*/[0m
  ↳ app/controllers/api/v1/application_controller.rb:49:in 'Api::V1::ApplicationController#authenticate_user!'
  [1m[36mProfile Load (1.5ms)[0m  [1m[34mSELECT "profiles".* FROM "profiles" WHERE "profiles"."user_id" = 'c4b38885-f504-4898-906b-24941fabb892' LIMIT 1 /*action='show',application='Backend',controller='sessions'*/[0m
  ↳ app/controllers/api/v1/auth/sessions_controller.rb:74:in 'Api::V1::Auth::SessionsController#user_payload'
[active_model_serializers] Rendered ProfileSerializer with ActiveModelSerializers::Adapter::Attributes (1.74ms)
[active_model_serializers]   [1m[36mInterest Load (1.8ms)[0m  [1m[34mSELECT "interests".* FROM "interests" INNER JOIN "user_interests" ON "interests"."id" = "user_interests"."interest_id" WHERE "user_interests"."user_id" = 'c4b38885-f504-4898-906b-24941fabb892' /*action='show',application='Backend',controller='sessions'*/[0m
[active_model_serializers]   ↳ app/controllers/api/v1/auth/sessions_controller.rb:43:in 'Api::V1::Auth::SessionsController#show'
[active_model_serializers]   [1m[36mSkill Load (2.7ms)[0m  [1m[34mSELECT "skills".* FROM "skills" INNER JOIN "user_skills" ON "skills"."id" = "user_skills"."skill_id" WHERE "user_skills"."user_id" = 'c4b38885-f504-4898-906b-24941fabb892' /*action='show',application='Backend',controller='sessions'*/[0m
[active_model_serializers]   ↳ app/controllers/api/v1/auth/sessions_controller.rb:43:in 'Api::V1::Auth::SessionsController#show'
[active_model_serializers]   [1m[36mPortfolioLink Load (1.9ms)[0m  [1m[34mSELECT "portfolio_links".* FROM "portfolio_links" WHERE "portfolio_links"."user_id" = 'c4b38885-f504-4898-906b-24941fabb892' /*action='show',application='Backend',controller='sessions'*/[0m
[active_model_serializers]   ↳ app/controllers/api/v1/auth/sessions_controller.rb:43:in 'Api::V1::Auth::SessionsController#show'
[active_model_serializers] Rendered ActiveModel::Serializer::Null with Hash (26.64ms)
Completed 200 OK in 120ms (Views: 21.8ms | ActiveRecord: 17.9ms (5 queries, 0 cached) | GC: 0.0ms)


Started GET "/api/v1/auth/me" for 127.0.0.1 at 2026-09-19 15:59:05 +0300
Processing by Api::V1::Auth::SessionsController#show as JSON
  [1m[36mUser Load (1.5ms)[0m  [1m[34mSELECT "users".* FROM "users" WHERE "users"."id" = 'c4b38885-f504-4898-906b-24941fabb892' ORDER BY "users"."id" ASC LIMIT 1 /*action='show',application='Backend',controller='sessions'*/[0m
  ↳ app/controllers/api/v1/application_controller.rb:49:in 'Api::V1::ApplicationController#authenticate_user!'
  [1m[36mProfile Load (2.0ms)[0m  [1m[34mSELECT "profiles".* FROM "profiles" WHERE "profiles"."user_id" = 'c4b38885-f504-4898-906b-24941fabb892' LIMIT 1 /*action='show',application='Backend',controller='sessions'*/[0m
  ↳ app/controllers/api/v1/auth/sessions_controller.rb:74:in 'Api::V1::Auth::SessionsController#user_payload'
[active_model_serializers] Rendered ProfileSerializer with ActiveModelSerializers::Adapter::Attributes (2.34ms)
[active_model_serializers]   [1m[36mInterest Load (1.3ms)[0m  [1m[34mSELECT "interests".* FROM "interests" INNER JOIN "user_interests" ON "interests"."id" = "user_interests"."interest_id" WHERE "user_interests"."user_id" = 'c4b38885-f504-4898-906b-24941fabb892' /*action='show',application='Backend',controller='sessions'*/[0m
[active_model_serializers]   ↳ app/controllers/api/v1/auth/sessions_controller.rb:43:in 'Api::V1::Auth::SessionsController#show'
[active_model_serializers]   [1m[36mSkill Load (1.5ms)[0m  [1m[34mSELECT "skills".* FROM "skills" INNER JOIN "user_skills" ON "skills"."id" = "user_skills"."skill_id" WHERE "user_skills"."user_id" = 'c4b38885-f504-4898-906b-24941fabb892' /*action='show',application='Backend',controller='sessions'*/[0m
[active_model_serializers]   ↳ app/controllers/api/v1/auth/sessions_controller.rb:43:in 'Api::V1::Auth::SessionsController#show'
[active_model_serializers]   [1m[36mPortfolioLink Load (1.1ms)[0m  [1m[34mSELECT "portfolio_links".* FROM "portfolio_links" WHERE "portfolio_links"."user_id" = 'c4b38885-f504-4898-906b-24941fabb892' /*action='show',application='Backend',controller='sessions'*/[0m
[active_model_serializers]   ↳ app/controllers/api/v1/auth/sessions_controller.rb:43:in 'Api::V1::Auth::SessionsController#show'
[active_model_serializers] Rendered ActiveModel::Serializer::Null with Hash (24.99ms)
Completed 200 OK in 45ms (Views: 22.3ms | ActiveRecord: 7.3ms (5 queries, 0 cached) | GC: 0.0ms)


Started GET "/api/v1/discovery?page=1&per_page=20" for 127.0.0.1 at 2026-09-19 15:59:05 +0300
Started GET "/api/v1/health" for 127.0.0.1 at 2026-09-19 15:59:05 +0300
Processing by Api::V1::DiscoveryController#index as JSON
  Parameters: {"page" => "1", "per_page" => "20"}
Processing by Api::V1::HealthController#show as JSON
  [1m[36mUser Load (2.3ms)[0m  [1m[34mSELECT "users".* FROM "users" WHERE "users"."id" = 'c4b38885-f504-4898-906b-24941fabb892' ORDER BY "users"."id" ASC LIMIT 1 /*action='index',application='Backend',controller='discovery'*/[0m
  ↳ app/controllers/api/v1/application_controller.rb:49:in 'Api::V1::ApplicationController#authenticate_user!'
  [1m[36mProfile Count (2.1ms)[0m  [1m[34mSELECT COUNT(*) FROM "profiles" INNER JOIN "users" ON "users"."id" = "profiles"."user_id" WHERE "profiles"."profile_visibility" = 0 AND "profiles"."show_on_explore" = TRUE AND "profiles"."user_id" != 'c4b38885-f504-4898-906b-24941fabb892' AND "profiles"."user_id" NOT IN (SELECT "connections"."target_user_id" FROM "connections" WHERE "connections"."user_id" = 'c4b38885-f504-4898-906b-24941fabb892') /*action='index',application='Backend',controller='discovery'*/[0m
  ↳ app/lib/pagination.rb:27:in 'Pagination.paginate'
[active_model_serializers]   [1m[36mProfile Load (1.5ms)[0m  [1m[34mSELECT "profiles".* FROM "profiles" INNER JOIN "users" ON "users"."id" = "profiles"."user_id" WHERE "profiles"."profile_visibility" = 0 AND "profiles"."show_on_explore" = TRUE AND "profiles"."user_id" != 'c4b38885-f504-4898-906b-24941fabb892' AND "profiles"."user_id" NOT IN (SELECT "connections"."target_user_id" FROM "connections" WHERE "connections"."user_id" = 'c4b38885-f504-4898-906b-24941fabb892') ORDER BY "profiles"."created_at" DESC LIMIT 20 OFFSET 0 /*action='index',application='Backend',controller='discovery'*/[0m
[active_model_serializers]   ↳ app/controllers/api/v1/discovery_controller.rb:33:in 'Api::V1::DiscoveryController#index'
[active_model_serializers] Rendered ActiveModel::Serializer::CollectionSerializer with ActiveModelSerializers::Adapter::Attributes (0.09ms)
[active_model_serializers] Rendered ActiveModel::Serializer::Null with Hash (0.06ms)
Completed 200 OK in 22ms (Views: 0.7ms | ActiveRecord: 5.9ms (3 queries, 0 cached) | GC: 0.0ms)


Started GET "/api/v1/discovery?page=1&per_page=20" for 127.0.0.1 at 2026-09-19 15:59:05 +0300
Processing by Api::V1::DiscoveryController#index as JSON
  Parameters: {"page" => "1", "per_page" => "20"}
  [1m[36mUser Load (1.3ms)[0m  [1m[34mSELECT "users".* FROM "users" WHERE "users"."id" = 'c4b38885-f504-4898-906b-24941fabb892' ORDER BY "users"."id" ASC LIMIT 1 /*action='index',application='Backend',controller='discovery'*/[0m
  ↳ app/controllers/api/v1/application_controller.rb:49:in 'Api::V1::ApplicationController#authenticate_user!'
  [1m[36mProfile Count (1.2ms)[0m  [1m[34mSELECT COUNT(*) FROM "profiles" INNER JOIN "users" ON "users"."id" = "profiles"."user_id" WHERE "profiles"."profile_visibility" = 0 AND "profiles"."show_on_explore" = TRUE AND "profiles"."user_id" != 'c4b38885-f504-4898-906b-24941fabb892' AND "profiles"."user_id" NOT IN (SELECT "connections"."target_user_id" FROM "connections" WHERE "connections"."user_id" = 'c4b38885-f504-4898-906b-24941fabb892') /*action='index',application='Backend',controller='discovery'*/[0m
  ↳ app/lib/pagination.rb:27:in 'Pagination.paginate'
[active_model_serializers]   [1m[36mProfile Load (1.3ms)[0m  [1m[34mSELECT "profiles".* FROM "profiles" INNER JOIN "users" ON "users"."id" = "profiles"."user_id" WHERE "profiles"."profile_visibility" = 0 AND "profiles"."show_on_explore" = TRUE AND "profiles"."user_id" != 'c4b38885-f504-4898-906b-24941fabb892' AND "profiles"."user_id" NOT IN (SELECT "connections"."target_user_id" FROM "connections" WHERE "connections"."user_id" = 'c4b38885-f504-4898-906b-24941fabb892') ORDER BY "profiles"."created_at" DESC LIMIT 20 OFFSET 0 /*action='index',application='Backend',controller='discovery'*/[0m
[active_model_serializers]   ↳ app/controllers/api/v1/discovery_controller.rb:33:in 'Api::V1::DiscoveryController#index'
[active_model_serializers] Rendered ActiveModel::Serializer::CollectionSerializer with ActiveModelSerializers::Adapter::Attributes (0.08ms)
[active_model_serializers] Rendered ActiveModel::Serializer::Null with Hash (0.09ms)
Completed 200 OK in 22ms (Views: 1.1ms | ActiveRecord: 3.8ms (3 queries, 0 cached) | GC: 0.0ms)


  [1m[35m (69.3ms)[0m  [1m[34mSELECT 1 /*action='show',application='Backend',controller='health'*/[0m
  ↳ app/controllers/api/v1/health_controller.rb:29:in 'Api::V1::HealthController#database_reachable?'
  [1m[36mUser Load (1.9ms)[0m  [1m[34mSELECT "users".* FROM "users" WHERE "users"."id" = 'c4b38885-f504-4898-906b-24941fabb892' ORDER BY "users"."id" ASC LIMIT 1 /*action='show',application='Backend',controller='health'*/[0m
  ↳ app/controllers/api/v1/health_controller.rb:17:in 'Api::V1::HealthController#show'
[active_model_serializers] Rendered ActiveModel::Serializer::Null with Hash (0.06ms)
Completed 200 OK in 80ms (Views: 6.2ms | ActiveRecord: 91.1ms (2 queries, 0 cached) | GC: 0.0ms)


Started GET "/api/v1/health" for 127.0.0.1 at 2026-09-19 15:59:05 +0300
Processing by Api::V1::HealthController#show as JSON
  [1m[35m (1.1ms)[0m  [1m[34mSELECT 1 /*action='show',application='Backend',controller='health'*/[0m
  ↳ app/controllers/api/v1/health_controller.rb:29:in 'Api::V1::HealthController#database_reachable?'
  [1m[36mUser Load (1.2ms)[0m  [1m[34mSELECT "users".* FROM "users" WHERE "users"."id" = 'c4b38885-f504-4898-906b-24941fabb892' ORDER BY "users"."id" ASC LIMIT 1 /*action='show',application='Backend',controller='health'*/[0m
  ↳ app/controllers/api/v1/health_controller.rb:17:in 'Api::V1::HealthController#show'
[active_model_serializers] Rendered ActiveModel::Serializer::Null with Hash (0.06ms)
Completed 200 OK in 13ms (Views: 8.3ms | ActiveRecord: 2.2ms (2 queries, 0 cached) | GC: 0.0ms)


Using vips to process variants requires the libvips library. Please install libvips using the instructions on the libvips website.
  [1m[36mUser Load (1.4ms)[0m  [1m[34mSELECT "users".* FROM "users" WHERE "users"."email" = 'ragadabdelwahab81@gmail.com' LIMIT 1 /*application='Backend'*/[0m
  [1m[36mUser Load (21.9ms)[0m  [1m[34mSELECT "users".* FROM "users" WHERE (email LIKE 'swipe-test-%') LIMIT 1 /*application='Backend'*/[0m
  [1m[36mConnection Count (1.4ms)[0m  [1m[34mSELECT COUNT(*) FROM "connections" WHERE "connections"."user_id" = 'c4b38885-f504-4898-906b-24941fabb892' /*application='Backend'*/[0m
  [1m[36mConnection Load (1.0ms)[0m  [1m[34mSELECT "connections".* FROM "connections" WHERE "connections"."user_id" = 'c4b38885-f504-4898-906b-24941fabb892' /*application='Backend'*/[0m
  [1m[36mProfile Load (1.8ms)[0m  [1m[34mSELECT "profiles".* FROM "profiles" WHERE "profiles"."user_id" = '365c08a5-fe90-4923-9502-a78fbbdf6567' LIMIT 1 /*application='Backend'*/[0m
  [1m[36mConnection Exists? (2.0ms)[0m  [1m[34mSELECT 1 AS one FROM "connections" WHERE "connections"."user_id" = 'c4b38885-f504-4898-906b-24941fabb892' AND "connections"."target_user_id" = '365c08a5-fe90-4923-9502-a78fbbdf6567' LIMIT 1 /*application='Backend'*/[0m
  [1m[36mProfile Count (1.5ms)[0m  [1m[34mSELECT COUNT(*) FROM "profiles" INNER JOIN "users" ON "users"."id" = "profiles"."user_id" WHERE "profiles"."profile_visibility" = 0 AND "profiles"."show_on_explore" = TRUE AND "profiles"."user_id" != 'c4b38885-f504-4898-906b-24941fabb892' AND "profiles"."user_id" NOT IN (SELECT "connections"."target_user_id" FROM "connections" WHERE "connections"."user_id" = 'c4b38885-f504-4898-906b-24941fabb892') /*application='Backend'*/[0m
Started GET "/api/v1/discovery?page=1&per_page=20" for 127.0.0.1 at 2026-09-19 16:00:21 +0300
Processing by Api::V1::DiscoveryController#index as JSON
  Parameters: {"page" => "1", "per_page" => "20"}
  [1m[36mUser Load (1.6ms)[0m  [1m[34mSELECT "users".* FROM "users" WHERE "users"."id" = 'c4b38885-f504-4898-906b-24941fabb892' ORDER BY "users"."id" ASC LIMIT 1 /*action='index',application='Backend',controller='discovery'*/[0m
  ↳ app/controllers/api/v1/application_controller.rb:49:in 'Api::V1::ApplicationController#authenticate_user!'
  [1m[36mProfile Count (3.8ms)[0m  [1m[34mSELECT COUNT(*) FROM "profiles" INNER JOIN "users" ON "users"."id" = "profiles"."user_id" WHERE "profiles"."profile_visibility" = 0 AND "profiles"."show_on_explore" = TRUE AND "profiles"."user_id" != 'c4b38885-f504-4898-906b-24941fabb892' AND "profiles"."user_id" NOT IN (SELECT "connections"."target_user_id" FROM "connections" WHERE "connections"."user_id" = 'c4b38885-f504-4898-906b-24941fabb892') /*action='index',application='Backend',controller='discovery'*/[0m
  ↳ app/lib/pagination.rb:27:in 'Pagination.paginate'
[active_model_serializers]   [1m[36mProfile Load (2.1ms)[0m  [1m[34mSELECT "profiles".* FROM "profiles" INNER JOIN "users" ON "users"."id" = "profiles"."user_id" WHERE "profiles"."profile_visibility" = 0 AND "profiles"."show_on_explore" = TRUE AND "profiles"."user_id" != 'c4b38885-f504-4898-906b-24941fabb892' AND "profiles"."user_id" NOT IN (SELECT "connections"."target_user_id" FROM "connections" WHERE "connections"."user_id" = 'c4b38885-f504-4898-906b-24941fabb892') ORDER BY "profiles"."created_at" DESC LIMIT 20 OFFSET 0 /*action='index',application='Backend',controller='discovery'*/[0m
[active_model_serializers]   ↳ app/controllers/api/v1/discovery_controller.rb:33:in 'Api::V1::DiscoveryController#index'
[active_model_serializers] Rendered ActiveModel::Serializer::CollectionSerializer with ActiveModelSerializers::Adapter::Attributes (0.11ms)
[active_model_serializers] Rendered ActiveModel::Serializer::Null with Hash (0.2ms)
Completed 200 OK in 28ms (Views: 1.7ms | ActiveRecord: 8.6ms (3 queries, 0 cached) | GC: 0.0ms)


Started GET "/api/v1/auth/me" for 127.0.0.1 at 2026-09-19 16:00:33 +0300
Processing by Api::V1::Auth::SessionsController#show as JSON
  [1m[36mUser Load (1.1ms)[0m  [1m[34mSELECT "users".* FROM "users" WHERE "users"."id" = 'c4b38885-f504-4898-906b-24941fabb892' ORDER BY "users"."id" ASC LIMIT 1 /*action='show',application='Backend',controller='sessions'*/[0m
  ↳ app/controllers/api/v1/application_controller.rb:49:in 'Api::V1::ApplicationController#authenticate_user!'
  [1m[36mProfile Load (1.0ms)[0m  [1m[34mSELECT "profiles".* FROM "profiles" WHERE "profiles"."user_id" = 'c4b38885-f504-4898-906b-24941fabb892' LIMIT 1 /*action='show',application='Backend',controller='sessions'*/[0m
  ↳ app/controllers/api/v1/auth/sessions_controller.rb:74:in 'Api::V1::Auth::SessionsController#user_payload'
[active_model_serializers] Rendered ProfileSerializer with ActiveModelSerializers::Adapter::Attributes (2.68ms)
[active_model_serializers]   [1m[36mInterest Load (2.9ms)[0m  [1m[34mSELECT "interests".* FROM "interests" INNER JOIN "user_interests" ON "interests"."id" = "user_interests"."interest_id" WHERE "user_interests"."user_id" = 'c4b38885-f504-4898-906b-24941fabb892' /*action='show',application='Backend',controller='sessions'*/[0m
[active_model_serializers]   ↳ app/controllers/api/v1/auth/sessions_controller.rb:43:in 'Api::V1::Auth::SessionsController#show'
[active_model_serializers]   [1m[36mSkill Load (1.8ms)[0m  [1m[34mSELECT "skills".* FROM "skills" INNER JOIN "user_skills" ON "skills"."id" = "user_skills"."skill_id" WHERE "user_skills"."user_id" = 'c4b38885-f504-4898-906b-24941fabb892' /*action='show',application='Backend',controller='sessions'*/[0m
[active_model_serializers]   ↳ app/controllers/api/v1/auth/sessions_controller.rb:43:in 'Api::V1::Auth::SessionsController#show'
[active_model_serializers]   [1m[36mPortfolioLink Load (1.3ms)[0m  [1m[34mSELECT "portfolio_links".* FROM "portfolio_links" WHERE "portfolio_links"."user_id" = 'c4b38885-f504-4898-906b-24941fabb892' /*action='show',application='Backend',controller='sessions'*/[0m
[active_model_serializers]   ↳ app/controllers/api/v1/auth/sessions_controller.rb:43:in 'Api::V1::Auth::SessionsController#show'
[active_model_serializers] Rendered ActiveModel::Serializer::Null with Hash (63.84ms)
Completed 200 OK in 81ms (Views: 58.7ms | ActiveRecord: 8.0ms (5 queries, 0 cached) | GC: 39.4ms)


Started GET "/api/v1/auth/me" for 127.0.0.1 at 2026-09-19 16:00:33 +0300
Processing by Api::V1::Auth::SessionsController#show as JSON
  [1m[36mUser Load (0.8ms)[0m  [1m[34mSELECT "users".* FROM "users" WHERE "users"."id" = 'c4b38885-f504-4898-906b-24941fabb892' ORDER BY "users"."id" ASC LIMIT 1 /*action='show',application='Backend',controller='sessions'*/[0m
  ↳ app/controllers/api/v1/application_controller.rb:49:in 'Api::V1::ApplicationController#authenticate_user!'
  [1m[36mProfile Load (1.2ms)[0m  [1m[34mSELECT "profiles".* FROM "profiles" WHERE "profiles"."user_id" = 'c4b38885-f504-4898-906b-24941fabb892' LIMIT 1 /*action='show',application='Backend',controller='sessions'*/[0m
  ↳ app/controllers/api/v1/auth/sessions_controller.rb:74:in 'Api::V1::Auth::SessionsController#user_payload'
[active_model_serializers] Rendered ProfileSerializer with ActiveModelSerializers::Adapter::Attributes (3.22ms)
[active_model_serializers]   [1m[36mInterest Load (1.4ms)[0m  [1m[34mSELECT "interests".* FROM "interests" INNER JOIN "user_interests" ON "interests"."id" = "user_interests"."interest_id" WHERE "user_interests"."user_id" = 'c4b38885-f504-4898-906b-24941fabb892' /*action='show',application='Backend',controller='sessions'*/[0m
[active_model_serializers]   ↳ app/controllers/api/v1/auth/sessions_controller.rb:43:in 'Api::V1::Auth::SessionsController#show'
[active_model_serializers]   [1m[36mSkill Load (1.1ms)[0m  [1m[34mSELECT "skills".* FROM "skills" INNER JOIN "user_skills" ON "skills"."id" = "user_skills"."skill_id" WHERE "user_skills"."user_id" = 'c4b38885-f504-4898-906b-24941fabb892' /*action='show',application='Backend',controller='sessions'*/[0m
[active_model_serializers]   ↳ app/controllers/api/v1/auth/sessions_controller.rb:43:in 'Api::V1::Auth::SessionsController#show'
[active_model_serializers]   [1m[36mPortfolioLink Load (0.8ms)[0m  [1m[34mSELECT "portfolio_links".* FROM "portfolio_links" WHERE "portfolio_links"."user_id" = 'c4b38885-f504-4898-906b-24941fabb892' /*action='show',application='Backend',controller='sessions'*/[0m
[active_model_serializers]   ↳ app/controllers/api/v1/auth/sessions_controller.rb:43:in 'Api::V1::Auth::SessionsController#show'
[active_model_serializers] Rendered ActiveModel::Serializer::Null with Hash (17.03ms)
Completed 200 OK in 32ms (Views: 14.4ms | ActiveRecord: 5.3ms (5 queries, 0 cached) | GC: 1.6ms)


Started GET "/api/v1/discovery?page=1&per_page=20" for 127.0.0.1 at 2026-09-19 16:00:33 +0300
Started GET "/api/v1/health" for 127.0.0.1 at 2026-09-19 16:00:33 +0300
Processing by Api::V1::DiscoveryController#index as JSON
  Parameters: {"page" => "1", "per_page" => "20"}
  [1m[36mUser Load (1.8ms)[0m  [1m[34mSELECT "users".* FROM "users" WHERE "users"."id" = 'c4b38885-f504-4898-906b-24941fabb892' ORDER BY "users"."id" ASC LIMIT 1 /*action='index',application='Backend',controller='discovery'*/[0m
  ↳ app/controllers/api/v1/application_controller.rb:49:in 'Api::V1::ApplicationController#authenticate_user!'
Processing by Api::V1::HealthController#show as JSON
  [1m[36mProfile Count (4.4ms)[0m  [1m[34mSELECT COUNT(*) FROM "profiles" INNER JOIN "users" ON "users"."id" = "profiles"."user_id" WHERE "profiles"."profile_visibility" = 0 AND "profiles"."show_on_explore" = TRUE AND "profiles"."user_id" != 'c4b38885-f504-4898-906b-24941fabb892' AND "profiles"."user_id" NOT IN (SELECT "connections"."target_user_id" FROM "connections" WHERE "connections"."user_id" = 'c4b38885-f504-4898-906b-24941fabb892') /*action='index',application='Backend',controller='discovery'*/[0m
  ↳ app/lib/pagination.rb:27:in 'Pagination.paginate'
  [1m[35m (5.5ms)[0m  [1m[34mSELECT 1 /*action='show',application='Backend',controller='health'*/[0m
  ↳ app/controllers/api/v1/health_controller.rb:29:in 'Api::V1::HealthController#database_reachable?'
[active_model_serializers]   [1m[36mProfile Load (2.4ms)[0m  [1m[34mSELECT "profiles".* FROM "profiles" INNER JOIN "users" ON "users"."id" = "profiles"."user_id" WHERE "profiles"."profile_visibility" = 0 AND "profiles"."show_on_explore" = TRUE AND "profiles"."user_id" != 'c4b38885-f504-4898-906b-24941fabb892' AND "profiles"."user_id" NOT IN (SELECT "connections"."target_user_id" FROM "connections" WHERE "connections"."user_id" = 'c4b38885-f504-4898-906b-24941fabb892') ORDER BY "profiles"."created_at" DESC LIMIT 20 OFFSET 0 /*action='index',application='Backend',controller='discovery'*/[0m
[active_model_serializers]   ↳ app/controllers/api/v1/discovery_controller.rb:33:in 'Api::V1::DiscoveryController#index'
[active_model_serializers] Rendered ActiveModel::Serializer::CollectionSerializer with ActiveModelSerializers::Adapter::Attributes (0.14ms)
  [1m[36mUser Load (8.6ms)[0m  [1m[34mSELECT "users".* FROM "users" WHERE "users"."id" = 'c4b38885-f504-4898-906b-24941fabb892' ORDER BY "users"."id" ASC LIMIT 1 /*action='show',application='Backend',controller='health'*/[0m
[active_model_serializers] Rendered ActiveModel::Serializer::Null with Hash (0.07ms)
  ↳ app/controllers/api/v1/health_controller.rb:17:in 'Api::V1::HealthController#show'
Completed 200 OK in 38ms (Views: 3.3ms | ActiveRecord: 8.5ms (3 queries, 0 cached) | GC: 3.2ms)


[active_model_serializers] Rendered ActiveModel::Serializer::Null with Hash (0.09ms)
Completed 200 OK in 28ms (Views: 10.2ms | ActiveRecord: 14.1ms (2 queries, 0 cached) | GC: 3.2ms)


Started GET "/api/v1/discovery?page=1&per_page=20" for 127.0.0.1 at 2026-09-19 16:00:33 +0300
Processing by Api::V1::DiscoveryController#index as JSON
  Parameters: {"page" => "1", "per_page" => "20"}
Started GET "/api/v1/health" for 127.0.0.1 at 2026-09-19 16:00:33 +0300
  [1m[36mUser Load (1.9ms)[0m  [1m[34mSELECT "users".* FROM "users" WHERE "users"."id" = 'c4b38885-f504-4898-906b-24941fabb892' ORDER BY "users"."id" ASC LIMIT 1 /*action='index',application='Backend',controller='discovery'*/[0m
  ↳ app/controllers/api/v1/application_controller.rb:49:in 'Api::V1::ApplicationController#authenticate_user!'
  [1m[36mProfile Count (1.9ms)[0m  [1m[34mSELECT COUNT(*) FROM "profiles" INNER JOIN "users" ON "users"."id" = "profiles"."user_id" WHERE "profiles"."profile_visibility" = 0 AND "profiles"."show_on_explore" = TRUE AND "profiles"."user_id" != 'c4b38885-f504-4898-906b-24941fabb892' AND "profiles"."user_id" NOT IN (SELECT "connections"."target_user_id" FROM "connections" WHERE "connections"."user_id" = 'c4b38885-f504-4898-906b-24941fabb892') /*action='index',application='Backend',controller='discovery'*/[0m
  ↳ app/lib/pagination.rb:27:in 'Pagination.paginate'
Processing by Api::V1::HealthController#show as JSON
[active_model_serializers]   [1m[36mProfile Load (2.4ms)[0m  [1m[34mSELECT "profiles".* FROM "profiles" INNER JOIN "users" ON "users"."id" = "profiles"."user_id" WHERE "profiles"."profile_visibility" = 0 AND "profiles"."show_on_explore" = TRUE AND "profiles"."user_id" != 'c4b38885-f504-4898-906b-24941fabb892' AND "profiles"."user_id" NOT IN (SELECT "connections"."target_user_id" FROM "connections" WHERE "connections"."user_id" = 'c4b38885-f504-4898-906b-24941fabb892') ORDER BY "profiles"."created_at" DESC LIMIT 20 OFFSET 0 /*action='index',application='Backend',controller='discovery'*/[0m
[active_model_serializers]   ↳ app/controllers/api/v1/discovery_controller.rb:33:in 'Api::V1::DiscoveryController#index'
  [1m[35m (2.8ms)[0m  [1m[34mSELECT 1 /*action='show',application='Backend',controller='health'*/[0m
[active_model_serializers] Rendered ActiveModel::Serializer::CollectionSerializer with ActiveModelSerializers::Adapter::Attributes (0.09ms)
  ↳ app/controllers/api/v1/health_controller.rb:29:in 'Api::V1::HealthController#database_reachable?'
[active_model_serializers] Rendered ActiveModel::Serializer::Null with Hash (0.06ms)
Completed 200 OK in 30ms (Views: 3.0ms | ActiveRecord: 6.2ms (3 queries, 0 cached) | GC: 1.7ms)


  [1m[36mUser Load (3.9ms)[0m  [1m[34mSELECT "users".* FROM "users" WHERE "users"."id" = 'c4b38885-f504-4898-906b-24941fabb892' ORDER BY "users"."id" ASC LIMIT 1 /*action='show',application='Backend',controller='health'*/[0m
  ↳ app/controllers/api/v1/health_controller.rb:17:in 'Api::V1::HealthController#show'
[active_model_serializers] Rendered ActiveModel::Serializer::Null with Hash (1.84ms)
Completed 200 OK in 21ms (Views: 9.8ms | ActiveRecord: 6.6ms (2 queries, 0 cached) | GC: 1.8ms)


Using vips to process variants requires the libvips library. Please install libvips using the instructions on the libvips website.
  [1m[36mUser Load (1.1ms)[0m  [1m[34mSELECT "users".* FROM "users" WHERE "users"."email" = 'ragadabdelwahab81@gmail.com' LIMIT 1 /*application='Backend'*/[0m
  [1m[36mUser Load (0.8ms)[0m  [1m[34mSELECT "users".* FROM "users" WHERE (email LIKE 'swipe-test-%') LIMIT 1 /*application='Backend'*/[0m
Using vips to process variants requires the libvips library. Please install libvips using the instructions on the libvips website.
  [1m[36mUser Load (1.2ms)[0m  [1m[34mSELECT "users".* FROM "users" WHERE "users"."email" = 'ragadabdelwahab81@gmail.com' LIMIT 1 /*application='Backend'*/[0m
  [1m[36mUser Load (0.9ms)[0m  [1m[34mSELECT "users".* FROM "users" WHERE (email LIKE 'swipe-test-%') LIMIT 1 /*application='Backend'*/[0m
Using vips to process variants requires the libvips library. Please install libvips using the instructions on the libvips website.
Using vips to process variants requires the libvips library. Please install libvips using the instructions on the libvips website.
  [1m[36mUser Load (1.6ms)[0m  [1m[34mSELECT "users".* FROM "users" WHERE "users"."email" = 'ragadabdelwahab81@gmail.com' LIMIT 1 /*application='Backend'*/[0m
  [1m[36mUser Load (1.2ms)[0m  [1m[34mSELECT "users".* FROM "users" WHERE (email LIKE 'swipe-test-%') LIMIT 1 /*application='Backend'*/[0m
Started GET "/api/v1/auth/me" for 127.0.0.1 at 2026-09-19 16:07:36 +0300
Processing by Api::V1::Auth::SessionsController#show as JSON
  [1m[36mUser Load (1.3ms)[0m  [1m[34mSELECT "users".* FROM "users" WHERE "users"."id" = 'c4b38885-f504-4898-906b-24941fabb892' ORDER BY "users"."id" ASC LIMIT 1 /*action='show',application='Backend',controller='sessions'*/[0m
  ↳ app/controllers/api/v1/application_controller.rb:49:in 'Api::V1::ApplicationController#authenticate_user!'
  [1m[36mProfile Load (1.1ms)[0m  [1m[34mSELECT "profiles".* FROM "profiles" WHERE "profiles"."user_id" = 'c4b38885-f504-4898-906b-24941fabb892' LIMIT 1 /*action='show',application='Backend',controller='sessions'*/[0m
  ↳ app/controllers/api/v1/auth/sessions_controller.rb:74:in 'Api::V1::Auth::SessionsController#user_payload'
[active_model_serializers] Rendered ProfileSerializer with ActiveModelSerializers::Adapter::Attributes (5.22ms)
[active_model_serializers]   [1m[36mInterest Load (1.5ms)[0m  [1m[34mSELECT "interests".* FROM "interests" INNER JOIN "user_interests" ON "interests"."id" = "user_interests"."interest_id" WHERE "user_interests"."user_id" = 'c4b38885-f504-4898-906b-24941fabb892' /*action='show',application='Backend',controller='sessions'*/[0m
[active_model_serializers]   ↳ app/controllers/api/v1/auth/sessions_controller.rb:43:in 'Api::V1::Auth::SessionsController#show'
[active_model_serializers]   [1m[36mSkill Load (1.6ms)[0m  [1m[34mSELECT "skills".* FROM "skills" INNER JOIN "user_skills" ON "skills"."id" = "user_skills"."skill_id" WHERE "user_skills"."user_id" = 'c4b38885-f504-4898-906b-24941fabb892' /*action='show',application='Backend',controller='sessions'*/[0m
[active_model_serializers]   ↳ app/controllers/api/v1/auth/sessions_controller.rb:43:in 'Api::V1::Auth::SessionsController#show'
[active_model_serializers]   [1m[36mPortfolioLink Load (1.5ms)[0m  [1m[34mSELECT "portfolio_links".* FROM "portfolio_links" WHERE "portfolio_links"."user_id" = 'c4b38885-f504-4898-906b-24941fabb892' /*action='show',application='Backend',controller='sessions'*/[0m
[active_model_serializers]   ↳ app/controllers/api/v1/auth/sessions_controller.rb:43:in 'Api::V1::Auth::SessionsController#show'
[active_model_serializers] Rendered ActiveModel::Serializer::Null with Hash (15.46ms)
Completed 200 OK in 85ms (Views: 11.5ms | ActiveRecord: 17.0ms (5 queries, 0 cached) | GC: 14.4ms)


Started GET "/api/v1/auth/me" for 127.0.0.1 at 2026-09-19 16:07:36 +0300
Processing by Api::V1::Auth::SessionsController#show as JSON
  [1m[36mUser Load (1.1ms)[0m  [1m[34mSELECT "users".* FROM "users" WHERE "users"."id" = 'c4b38885-f504-4898-906b-24941fabb892' ORDER BY "users"."id" ASC LIMIT 1 /*action='show',application='Backend',controller='sessions'*/[0m
  ↳ app/controllers/api/v1/application_controller.rb:49:in 'Api::V1::ApplicationController#authenticate_user!'
  [1m[36mProfile Load (1.1ms)[0m  [1m[34mSELECT "profiles".* FROM "profiles" WHERE "profiles"."user_id" = 'c4b38885-f504-4898-906b-24941fabb892' LIMIT 1 /*action='show',application='Backend',controller='sessions'*/[0m
  ↳ app/controllers/api/v1/auth/sessions_controller.rb:74:in 'Api::V1::Auth::SessionsController#user_payload'
[active_model_serializers] Rendered ProfileSerializer with ActiveModelSerializers::Adapter::Attributes (1.1ms)
[active_model_serializers]   [1m[36mInterest Load (1.3ms)[0m  [1m[34mSELECT "interests".* FROM "interests" INNER JOIN "user_interests" ON "interests"."id" = "user_interests"."interest_id" WHERE "user_interests"."user_id" = 'c4b38885-f504-4898-906b-24941fabb892' /*action='show',application='Backend',controller='sessions'*/[0m
[active_model_serializers]   ↳ app/controllers/api/v1/auth/sessions_controller.rb:43:in 'Api::V1::Auth::SessionsController#show'
[active_model_serializers]   [1m[36mSkill Load (1.0ms)[0m  [1m[34mSELECT "skills".* FROM "skills" INNER JOIN "user_skills" ON "skills"."id" = "user_skills"."skill_id" WHERE "user_skills"."user_id" = 'c4b38885-f504-4898-906b-24941fabb892' /*action='show',application='Backend',controller='sessions'*/[0m
[active_model_serializers]   ↳ app/controllers/api/v1/auth/sessions_controller.rb:43:in 'Api::V1::Auth::SessionsController#show'
[active_model_serializers]   [1m[36mPortfolioLink Load (0.8ms)[0m  [1m[34mSELECT "portfolio_links".* FROM "portfolio_links" WHERE "portfolio_links"."user_id" = 'c4b38885-f504-4898-906b-24941fabb892' /*action='show',application='Backend',controller='sessions'*/[0m
[active_model_serializers]   ↳ app/controllers/api/v1/auth/sessions_controller.rb:43:in 'Api::V1::Auth::SessionsController#show'
[active_model_serializers] Rendered ActiveModel::Serializer::Null with Hash (14.13ms)
Completed 200 OK in 27ms (Views: 11.8ms | ActiveRecord: 5.4ms (5 queries, 0 cached) | GC: 1.8ms)


Started GET "/api/v1/discovery?page=1&per_page=20" for 127.0.0.1 at 2026-09-19 16:07:36 +0300
Started GET "/api/v1/health" for 127.0.0.1 at 2026-09-19 16:07:36 +0300
Processing by Api::V1::DiscoveryController#index as JSON
  Parameters: {"page" => "1", "per_page" => "20"}
Processing by Api::V1::HealthController#show as JSON
  [1m[36mUser Load (2.3ms)[0m  [1m[34mSELECT "users".* FROM "users" WHERE "users"."id" = 'c4b38885-f504-4898-906b-24941fabb892' ORDER BY "users"."id" ASC LIMIT 1 /*action='index',application='Backend',controller='discovery'*/[0m
  ↳ app/controllers/api/v1/application_controller.rb:49:in 'Api::V1::ApplicationController#authenticate_user!'
  [1m[36mProfile Count (2.0ms)[0m  [1m[34mSELECT COUNT(*) FROM "profiles" INNER JOIN "users" ON "users"."id" = "profiles"."user_id" WHERE "profiles"."profile_visibility" = 0 AND "profiles"."show_on_explore" = TRUE AND "profiles"."user_id" != 'c4b38885-f504-4898-906b-24941fabb892' AND "profiles"."user_id" NOT IN (SELECT "connections"."target_user_id" FROM "connections" WHERE "connections"."user_id" = 'c4b38885-f504-4898-906b-24941fabb892') /*action='index',application='Backend',controller='discovery'*/[0m
  ↳ app/lib/pagination.rb:27:in 'Pagination.paginate'
[active_model_serializers]   [1m[36mProfile Load (1.4ms)[0m  [1m[34mSELECT "profiles".* FROM "profiles" INNER JOIN "users" ON "users"."id" = "profiles"."user_id" WHERE "profiles"."profile_visibility" = 0 AND "profiles"."show_on_explore" = TRUE AND "profiles"."user_id" != 'c4b38885-f504-4898-906b-24941fabb892' AND "profiles"."user_id" NOT IN (SELECT "connections"."target_user_id" FROM "connections" WHERE "connections"."user_id" = 'c4b38885-f504-4898-906b-24941fabb892') ORDER BY "profiles"."created_at" DESC LIMIT 20 OFFSET 0 /*action='index',application='Backend',controller='discovery'*/[0m
[active_model_serializers]   ↳ app/controllers/api/v1/discovery_controller.rb:33:in 'Api::V1::DiscoveryController#index'
[active_model_serializers] Rendered ActiveModel::Serializer::CollectionSerializer with ActiveModelSerializers::Adapter::Attributes (0.06ms)
[active_model_serializers] Rendered ActiveModel::Serializer::Null with Hash (0.05ms)
Completed 200 OK in 20ms (Views: 0.5ms | ActiveRecord: 5.7ms (3 queries, 0 cached) | GC: 0.0ms)


Started GET "/api/v1/discovery?page=1&per_page=20" for 127.0.0.1 at 2026-09-19 16:07:36 +0300
Processing by Api::V1::DiscoveryController#index as JSON
  Parameters: {"page" => "1", "per_page" => "20"}
  [1m[36mUser Load (1.0ms)[0m  [1m[34mSELECT "users".* FROM "users" WHERE "users"."id" = 'c4b38885-f504-4898-906b-24941fabb892' ORDER BY "users"."id" ASC LIMIT 1 /*action='index',application='Backend',controller='discovery'*/[0m
  ↳ app/controllers/api/v1/application_controller.rb:49:in 'Api::V1::ApplicationController#authenticate_user!'
  [1m[36mProfile Count (1.2ms)[0m  [1m[34mSELECT COUNT(*) FROM "profiles" INNER JOIN "users" ON "users"."id" = "profiles"."user_id" WHERE "profiles"."profile_visibility" = 0 AND "profiles"."show_on_explore" = TRUE AND "profiles"."user_id" != 'c4b38885-f504-4898-906b-24941fabb892' AND "profiles"."user_id" NOT IN (SELECT "connections"."target_user_id" FROM "connections" WHERE "connections"."user_id" = 'c4b38885-f504-4898-906b-24941fabb892') /*action='index',application='Backend',controller='discovery'*/[0m
  ↳ app/lib/pagination.rb:27:in 'Pagination.paginate'
[active_model_serializers]   [1m[36mProfile Load (1.4ms)[0m  [1m[34mSELECT "profiles".* FROM "profiles" INNER JOIN "users" ON "users"."id" = "profiles"."user_id" WHERE "profiles"."profile_visibility" = 0 AND "profiles"."show_on_explore" = TRUE AND "profiles"."user_id" != 'c4b38885-f504-4898-906b-24941fabb892' AND "profiles"."user_id" NOT IN (SELECT "connections"."target_user_id" FROM "connections" WHERE "connections"."user_id" = 'c4b38885-f504-4898-906b-24941fabb892') ORDER BY "profiles"."created_at" DESC LIMIT 20 OFFSET 0 /*action='index',application='Backend',controller='discovery'*/[0m
[active_model_serializers]   ↳ app/controllers/api/v1/discovery_controller.rb:33:in 'Api::V1::DiscoveryController#index'
[active_model_serializers] Rendered ActiveModel::Serializer::CollectionSerializer with ActiveModelSerializers::Adapter::Attributes (0.06ms)
[active_model_serializers] Rendered ActiveModel::Serializer::Null with Hash (0.05ms)
Completed 200 OK in 17ms (Views: 1.1ms | ActiveRecord: 3.5ms (3 queries, 0 cached) | GC: 0.0ms)


  [1m[35m (60.3ms)[0m  [1m[34mSELECT 1 /*action='show',application='Backend',controller='health'*/[0m
  ↳ app/controllers/api/v1/health_controller.rb:29:in 'Api::V1::HealthController#database_reachable?'
  [1m[36mUser Load (1.7ms)[0m  [1m[34mSELECT "users".* FROM "users" WHERE "users"."id" = 'c4b38885-f504-4898-906b-24941fabb892' ORDER BY "users"."id" ASC LIMIT 1 /*action='show',application='Backend',controller='health'*/[0m
  ↳ app/controllers/api/v1/health_controller.rb:17:in 'Api::V1::HealthController#show'
[active_model_serializers] Rendered ActiveModel::Serializer::Null with Hash (0.06ms)
Completed 200 OK in 68ms (Views: 4.0ms | ActiveRecord: 79.0ms (2 queries, 0 cached) | GC: 8.7ms)


Started GET "/api/v1/health" for 127.0.0.1 at 2026-09-19 16:07:36 +0300
Processing by Api::V1::HealthController#show as JSON
  [1m[35m (0.9ms)[0m  [1m[34mSELECT 1 /*action='show',application='Backend',controller='health'*/[0m
  ↳ app/controllers/api/v1/health_controller.rb:29:in 'Api::V1::HealthController#database_reachable?'
  [1m[36mUser Load (1.3ms)[0m  [1m[34mSELECT "users".* FROM "users" WHERE "users"."id" = 'c4b38885-f504-4898-906b-24941fabb892' ORDER BY "users"."id" ASC LIMIT 1 /*action='show',application='Backend',controller='health'*/[0m
  ↳ app/controllers/api/v1/health_controller.rb:17:in 'Api::V1::HealthController#show'
[active_model_serializers] Rendered ActiveModel::Serializer::Null with Hash (0.05ms)
Completed 200 OK in 9ms (Views: 5.1ms | ActiveRecord: 2.2ms (2 queries, 0 cached) | GC: 0.0ms)


Started GET "/api/v1/auth/me" for 127.0.0.1 at 2026-09-19 16:07:39 +0300
Processing by Api::V1::Auth::SessionsController#show as JSON
  [1m[36mUser Load (1.3ms)[0m  [1m[34mSELECT "users".* FROM "users" WHERE "users"."id" = 'c4b38885-f504-4898-906b-24941fabb892' ORDER BY "users"."id" ASC LIMIT 1 /*action='show',application='Backend',controller='sessions'*/[0m
  ↳ app/controllers/api/v1/application_controller.rb:49:in 'Api::V1::ApplicationController#authenticate_user!'
  [1m[36mProfile Load (1.4ms)[0m  [1m[34mSELECT "profiles".* FROM "profiles" WHERE "profiles"."user_id" = 'c4b38885-f504-4898-906b-24941fabb892' LIMIT 1 /*action='show',application='Backend',controller='sessions'*/[0m
  ↳ app/controllers/api/v1/auth/sessions_controller.rb:74:in 'Api::V1::Auth::SessionsController#user_payload'
[active_model_serializers] Rendered ProfileSerializer with ActiveModelSerializers::Adapter::Attributes (1.42ms)
[active_model_serializers]   [1m[36mInterest Load (1.5ms)[0m  [1m[34mSELECT "interests".* FROM "interests" INNER JOIN "user_interests" ON "interests"."id" = "user_interests"."interest_id" WHERE "user_interests"."user_id" = 'c4b38885-f504-4898-906b-24941fabb892' /*action='show',application='Backend',controller='sessions'*/[0m
[active_model_serializers]   ↳ app/controllers/api/v1/auth/sessions_controller.rb:43:in 'Api::V1::Auth::SessionsController#show'
[active_model_serializers]   [1m[36mSkill Load (1.6ms)[0m  [1m[34mSELECT "skills".* FROM "skills" INNER JOIN "user_skills" ON "skills"."id" = "user_skills"."skill_id" WHERE "user_skills"."user_id" = 'c4b38885-f504-4898-906b-24941fabb892' /*action='show',application='Backend',controller='sessions'*/[0m
[active_model_serializers]   ↳ app/controllers/api/v1/auth/sessions_controller.rb:43:in 'Api::V1::Auth::SessionsController#show'
[active_model_serializers]   [1m[36mPortfolioLink Load (1.0ms)[0m  [1m[34mSELECT "portfolio_links".* FROM "portfolio_links" WHERE "portfolio_links"."user_id" = 'c4b38885-f504-4898-906b-24941fabb892' /*action='show',application='Backend',controller='sessions'*/[0m
[active_model_serializers]   ↳ app/controllers/api/v1/auth/sessions_controller.rb:43:in 'Api::V1::Auth::SessionsController#show'
[active_model_serializers] Rendered ActiveModel::Serializer::Null with Hash (17.3ms)
Completed 200 OK in 34ms (Views: 13.9ms | ActiveRecord: 7.5ms (5 queries, 0 cached) | GC: 0.0ms)


Started GET "/api/v1/auth/me" for 127.0.0.1 at 2026-09-19 16:07:39 +0300
Processing by Api::V1::Auth::SessionsController#show as JSON
  [1m[36mUser Load (0.8ms)[0m  [1m[34mSELECT "users".* FROM "users" WHERE "users"."id" = 'c4b38885-f504-4898-906b-24941fabb892' ORDER BY "users"."id" ASC LIMIT 1 /*action='show',application='Backend',controller='sessions'*/[0m
  ↳ app/controllers/api/v1/application_controller.rb:49:in 'Api::V1::ApplicationController#authenticate_user!'
  [1m[36mProfile Load (1.0ms)[0m  [1m[34mSELECT "profiles".* FROM "profiles" WHERE "profiles"."user_id" = 'c4b38885-f504-4898-906b-24941fabb892' LIMIT 1 /*action='show',application='Backend',controller='sessions'*/[0m
  ↳ app/controllers/api/v1/auth/sessions_controller.rb:74:in 'Api::V1::Auth::SessionsController#user_payload'
[active_model_serializers] Rendered ProfileSerializer with ActiveModelSerializers::Adapter::Attributes (0.98ms)
[active_model_serializers]   [1m[36mInterest Load (0.9ms)[0m  [1m[34mSELECT "interests".* FROM "interests" INNER JOIN "user_interests" ON "interests"."id" = "user_interests"."interest_id" WHERE "user_interests"."user_id" = 'c4b38885-f504-4898-906b-24941fabb892' /*action='show',application='Backend',controller='sessions'*/[0m
[active_model_serializers]   ↳ app/controllers/api/v1/auth/sessions_controller.rb:43:in 'Api::V1::Auth::SessionsController#show'
[active_model_serializers]   [1m[36mSkill Load (0.8ms)[0m  [1m[34mSELECT "skills".* FROM "skills" INNER JOIN "user_skills" ON "skills"."id" = "user_skills"."skill_id" WHERE "user_skills"."user_id" = 'c4b38885-f504-4898-906b-24941fabb892' /*action='show',application='Backend',controller='sessions'*/[0m
[active_model_serializers]   ↳ app/controllers/api/v1/auth/sessions_controller.rb:43:in 'Api::V1::Auth::SessionsController#show'
[active_model_serializers]   [1m[36mPortfolioLink Load (0.7ms)[0m  [1m[34mSELECT "portfolio_links".* FROM "portfolio_links" WHERE "portfolio_links"."user_id" = 'c4b38885-f504-4898-906b-24941fabb892' /*action='show',application='Backend',controller='sessions'*/[0m
[active_model_serializers]   ↳ app/controllers/api/v1/auth/sessions_controller.rb:43:in 'Api::V1::Auth::SessionsController#show'
[active_model_serializers] Rendered ActiveModel::Serializer::Null with Hash (12.63ms)
Completed 200 OK in 24ms (Views: 11.1ms | ActiveRecord: 4.1ms (5 queries, 0 cached) | GC: 0.0ms)


Started GET "/api/v1/health" for 127.0.0.1 at 2026-09-19 16:07:39 +0300
Started GET "/api/v1/discovery?page=1&per_page=20" for 127.0.0.1 at 2026-09-19 16:07:39 +0300
Processing by Api::V1::HealthController#show as JSON
Processing by Api::V1::DiscoveryController#index as JSON
  [1m[35m (2.1ms)[0m  [1m[34mSELECT 1 /*action='show',application='Backend',controller='health'*/[0m
  Parameters: {"page" => "1", "per_page" => "20"}
  ↳ app/controllers/api/v1/health_controller.rb:29:in 'Api::V1::HealthController#database_reachable?'
  [1m[36mUser Load (2.5ms)[0m  [1m[34mSELECT "users".* FROM "users" WHERE "users"."id" = 'c4b38885-f504-4898-906b-24941fabb892' ORDER BY "users"."id" ASC LIMIT 1 /*action='index',application='Backend',controller='discovery'*/[0m
  ↳ app/controllers/api/v1/application_controller.rb:49:in 'Api::V1::ApplicationController#authenticate_user!'
  [1m[36mUser Load (4.8ms)[0m  [1m[34mSELECT "users".* FROM "users" WHERE "users"."id" = 'c4b38885-f504-4898-906b-24941fabb892' ORDER BY "users"."id" ASC LIMIT 1 /*action='show',application='Backend',controller='health'*/[0m
  ↳ app/controllers/api/v1/health_controller.rb:17:in 'Api::V1::HealthController#show'
  [1m[36mProfile Count (2.7ms)[0m  [1m[34mSELECT COUNT(*) FROM "profiles" INNER JOIN "users" ON "users"."id" = "profiles"."user_id" WHERE "profiles"."profile_visibility" = 0 AND "profiles"."show_on_explore" = TRUE AND "profiles"."user_id" != 'c4b38885-f504-4898-906b-24941fabb892' AND "profiles"."user_id" NOT IN (SELECT "connections"."target_user_id" FROM "connections" WHERE "connections"."user_id" = 'c4b38885-f504-4898-906b-24941fabb892') /*action='index',application='Backend',controller='discovery'*/[0m
[active_model_serializers] Rendered ActiveModel::Serializer::Null with Hash (0.05ms)
  ↳ app/lib/pagination.rb:27:in 'Pagination.paginate'
Completed 200 OK in 17ms (Views: 6.3ms | ActiveRecord: 6.8ms (2 queries, 0 cached) | GC: 0.0ms)


[active_model_serializers]   [1m[36mProfile Load (1.7ms)[0m  [1m[34mSELECT "profiles".* FROM "profiles" INNER JOIN "users" ON "users"."id" = "profiles"."user_id" WHERE "profiles"."profile_visibility" = 0 AND "profiles"."show_on_explore" = TRUE AND "profiles"."user_id" != 'c4b38885-f504-4898-906b-24941fabb892' AND "profiles"."user_id" NOT IN (SELECT "connections"."target_user_id" FROM "connections" WHERE "connections"."user_id" = 'c4b38885-f504-4898-906b-24941fabb892') ORDER BY "profiles"."created_at" DESC LIMIT 20 OFFSET 0 /*action='index',application='Backend',controller='discovery'*/[0m
[active_model_serializers]   ↳ app/controllers/api/v1/discovery_controller.rb:33:in 'Api::V1::DiscoveryController#index'
[active_model_serializers] Rendered ActiveModel::Serializer::CollectionSerializer with ActiveModelSerializers::Adapter::Attributes (0.11ms)
[active_model_serializers] Rendered ActiveModel::Serializer::Null with Hash (0.11ms)
Completed 200 OK in 22ms (Views: 1.1ms | ActiveRecord: 6.9ms (3 queries, 0 cached) | GC: 0.0ms)


Started GET "/api/v1/health" for 127.0.0.1 at 2026-09-19 16:07:39 +0300
Processing by Api::V1::HealthController#show as JSON
  [1m[35m (2.3ms)[0m  [1m[34mSELECT 1 /*action='show',application='Backend',controller='health'*/[0m
  ↳ app/controllers/api/v1/health_controller.rb:29:in 'Api::V1::HealthController#database_reachable?'
Started GET "/api/v1/discovery?page=1&per_page=20" for 127.0.0.1 at 2026-09-19 16:07:39 +0300
  [1m[36mUser Load (1.2ms)[0m  [1m[34mSELECT "users".* FROM "users" WHERE "users"."id" = 'c4b38885-f504-4898-906b-24941fabb892' ORDER BY "users"."id" ASC LIMIT 1 /*action='show',application='Backend',controller='health'*/[0m
  ↳ app/controllers/api/v1/health_controller.rb:17:in 'Api::V1::HealthController#show'
[active_model_serializers] Rendered ActiveModel::Serializer::Null with Hash (0.05ms)
Completed 200 OK in 11ms (Views: 4.7ms | ActiveRecord: 3.5ms (2 queries, 0 cached) | GC: 0.0ms)


Processing by Api::V1::DiscoveryController#index as JSON
  Parameters: {"page" => "1", "per_page" => "20"}
  [1m[36mUser Load (1.5ms)[0m  [1m[34mSELECT "users".* FROM "users" WHERE "users"."id" = 'c4b38885-f504-4898-906b-24941fabb892' ORDER BY "users"."id" ASC LIMIT 1 /*action='index',application='Backend',controller='discovery'*/[0m
  ↳ app/controllers/api/v1/application_controller.rb:49:in 'Api::V1::ApplicationController#authenticate_user!'
  [1m[36mProfile Count (1.3ms)[0m  [1m[34mSELECT COUNT(*) FROM "profiles" INNER JOIN "users" ON "users"."id" = "profiles"."user_id" WHERE "profiles"."profile_visibility" = 0 AND "profiles"."show_on_explore" = TRUE AND "profiles"."user_id" != 'c4b38885-f504-4898-906b-24941fabb892' AND "profiles"."user_id" NOT IN (SELECT "connections"."target_user_id" FROM "connections" WHERE "connections"."user_id" = 'c4b38885-f504-4898-906b-24941fabb892') /*action='index',application='Backend',controller='discovery'*/[0m
  ↳ app/lib/pagination.rb:27:in 'Pagination.paginate'
[active_model_serializers]   [1m[36mProfile Load (1.3ms)[0m  [1m[34mSELECT "profiles".* FROM "profiles" INNER JOIN "users" ON "users"."id" = "profiles"."user_id" WHERE "profiles"."profile_visibility" = 0 AND "profiles"."show_on_explore" = TRUE AND "profiles"."user_id" != 'c4b38885-f504-4898-906b-24941fabb892' AND "profiles"."user_id" NOT IN (SELECT "connections"."target_user_id" FROM "connections" WHERE "connections"."user_id" = 'c4b38885-f504-4898-906b-24941fabb892') ORDER BY "profiles"."created_at" DESC LIMIT 20 OFFSET 0 /*action='index',application='Backend',controller='discovery'*/[0m
[active_model_serializers]   ↳ app/controllers/api/v1/discovery_controller.rb:33:in 'Api::V1::DiscoveryController#index'
[active_model_serializers] Rendered ActiveModel::Serializer::CollectionSerializer with ActiveModelSerializers::Adapter::Attributes (0.08ms)
[active_model_serializers] Rendered ActiveModel::Serializer::Null with Hash (0.13ms)
Completed 200 OK in 17ms (Views: 0.7ms | ActiveRecord: 4.1ms (3 queries, 0 cached) | GC: 0.0ms)


Started GET "/api/v1/discovery?page=1&per_page=20" for 127.0.0.1 at 2026-09-19 16:07:41 +0300
Processing by Api::V1::DiscoveryController#index as JSON
  Parameters: {"page" => "1", "per_page" => "20"}
  [1m[36mUser Load (2.9ms)[0m  [1m[34mSELECT "users".* FROM "users" WHERE "users"."id" = 'c4b38885-f504-4898-906b-24941fabb892' ORDER BY "users"."id" ASC LIMIT 1 /*action='index',application='Backend',controller='discovery'*/[0m
  ↳ app/controllers/api/v1/application_controller.rb:49:in 'Api::V1::ApplicationController#authenticate_user!'
  [1m[36mProfile Count (3.3ms)[0m  [1m[34mSELECT COUNT(*) FROM "profiles" INNER JOIN "users" ON "users"."id" = "profiles"."user_id" WHERE "profiles"."profile_visibility" = 0 AND "profiles"."show_on_explore" = TRUE AND "profiles"."user_id" != 'c4b38885-f504-4898-906b-24941fabb892' AND "profiles"."user_id" NOT IN (SELECT "connections"."target_user_id" FROM "connections" WHERE "connections"."user_id" = 'c4b38885-f504-4898-906b-24941fabb892') /*action='index',application='Backend',controller='discovery'*/[0m
  ↳ app/lib/pagination.rb:27:in 'Pagination.paginate'
[active_model_serializers]   [1m[36mProfile Load (3.8ms)[0m  [1m[34mSELECT "profiles".* FROM "profiles" INNER JOIN "users" ON "users"."id" = "profiles"."user_id" WHERE "profiles"."profile_visibility" = 0 AND "profiles"."show_on_explore" = TRUE AND "profiles"."user_id" != 'c4b38885-f504-4898-906b-24941fabb892' AND "profiles"."user_id" NOT IN (SELECT "connections"."target_user_id" FROM "connections" WHERE "connections"."user_id" = 'c4b38885-f504-4898-906b-24941fabb892') ORDER BY "profiles"."created_at" DESC LIMIT 20 OFFSET 0 /*action='index',application='Backend',controller='discovery'*/[0m
[active_model_serializers]   ↳ app/controllers/api/v1/discovery_controller.rb:33:in 'Api::V1::DiscoveryController#index'
[active_model_serializers] Rendered ActiveModel::Serializer::CollectionSerializer with ActiveModelSerializers::Adapter::Attributes (0.15ms)
[active_model_serializers] Rendered ActiveModel::Serializer::Null with Hash (0.17ms)
Completed 200 OK in 44ms (Views: 1.8ms | ActiveRecord: 10.0ms (3 queries, 0 cached) | GC: 0.0ms)


Using vips to process variants requires the libvips library. Please install libvips using the instructions on the libvips website.
Using vips to process variants requires the libvips library. Please install libvips using the instructions on the libvips website.
  [1m[36mUser Load (1.2ms)[0m  [1m[34mSELECT "users".* FROM "users" WHERE "users"."email" = 'ragadabdelwahab81@gmail.com' LIMIT 1 /*application='Backend'*/[0m
  [1m[36mUser Load (1.0ms)[0m  [1m[34mSELECT "users".* FROM "users" WHERE (email LIKE 'swipe-test-%') LIMIT 1 /*application='Backend'*/[0m
  [1m[36mConnection Load (1.5ms)[0m  [1m[34mSELECT "connections".* FROM "connections" WHERE "connections"."user_id" = 'c4b38885-f504-4898-906b-24941fabb892' AND "connections"."target_user_id" = '365c08a5-fe90-4923-9502-a78fbbdf6567' /*application='Backend'*/[0m
  [1m[36mTRANSACTION (0.7ms)[0m  [1m[35mBEGIN /*application='Backend'*/[0m
  [1m[36mConnection Destroy (5.7ms)[0m  [1m[31mDELETE FROM "connections" WHERE "connections"."id" = '95da2a31-d374-42c6-b655-8030df4e4600' /*application='Backend'*/[0m
  [1m[36mTRANSACTION (11.2ms)[0m  [1m[35mCOMMIT /*application='Backend'*/[0m
  [1m[36mConnection Load (2.1ms)[0m  [1m[34mSELECT "connections".* FROM "connections" WHERE "connections"."user_id" = '365c08a5-fe90-4923-9502-a78fbbdf6567' AND "connections"."target_user_id" = 'c4b38885-f504-4898-906b-24941fabb892' LIMIT 1 /*application='Backend'*/[0m
  [1m[36mTRANSACTION (0.9ms)[0m  [1m[35mBEGIN /*application='Backend'*/[0m
  [1m[36mTRANSACTION (0.8ms)[0m  [1m[35mCOMMIT /*application='Backend'*/[0m
  [1m[36mConnection Count (1.7ms)[0m  [1m[34mSELECT COUNT(*) FROM "connections" WHERE "connections"."user_id" = 'c4b38885-f504-4898-906b-24941fabb892' AND "connections"."target_user_id" = '365c08a5-fe90-4923-9502-a78fbbdf6567' /*application='Backend'*/[0m
  [1m[36mConnection Load (1.1ms)[0m  [1m[34mSELECT "connections".* FROM "connections" WHERE "connections"."user_id" = '365c08a5-fe90-4923-9502-a78fbbdf6567' AND "connections"."target_user_id" = 'c4b38885-f504-4898-906b-24941fabb892' LIMIT 1 /*application='Backend'*/[0m
  [1m[36mProfile Count (2.2ms)[0m  [1m[34mSELECT COUNT(*) FROM "profiles" INNER JOIN "users" ON "users"."id" = "profiles"."user_id" WHERE "profiles"."profile_visibility" = 0 AND "profiles"."show_on_explore" = TRUE AND "profiles"."user_id" != 'c4b38885-f504-4898-906b-24941fabb892' AND "profiles"."user_id" NOT IN (SELECT "connections"."target_user_id" FROM "connections" WHERE "connections"."user_id" = 'c4b38885-f504-4898-906b-24941fabb892') /*application='Backend'*/[0m
Started GET "/api/v1/auth/me" for 127.0.0.1 at 2026-09-19 16:10:51 +0300
Processing by Api::V1::Auth::SessionsController#show as JSON
  [1m[36mUser Load (1.9ms)[0m  [1m[34mSELECT "users".* FROM "users" WHERE "users"."id" = 'c4b38885-f504-4898-906b-24941fabb892' ORDER BY "users"."id" ASC LIMIT 1 /*action='show',application='Backend',controller='sessions'*/[0m
  ↳ app/controllers/api/v1/application_controller.rb:49:in 'Api::V1::ApplicationController#authenticate_user!'
  [1m[36mProfile Load (1.4ms)[0m  [1m[34mSELECT "profiles".* FROM "profiles" WHERE "profiles"."user_id" = 'c4b38885-f504-4898-906b-24941fabb892' LIMIT 1 /*action='show',application='Backend',controller='sessions'*/[0m
  ↳ app/controllers/api/v1/auth/sessions_controller.rb:74:in 'Api::V1::Auth::SessionsController#user_payload'
[active_model_serializers] Rendered ProfileSerializer with ActiveModelSerializers::Adapter::Attributes (9.18ms)
[active_model_serializers]   [1m[36mInterest Load (1.4ms)[0m  [1m[34mSELECT "interests".* FROM "interests" INNER JOIN "user_interests" ON "interests"."id" = "user_interests"."interest_id" WHERE "user_interests"."user_id" = 'c4b38885-f504-4898-906b-24941fabb892' /*action='show',application='Backend',controller='sessions'*/[0m
[active_model_serializers]   ↳ app/controllers/api/v1/auth/sessions_controller.rb:43:in 'Api::V1::Auth::SessionsController#show'
[active_model_serializers]   [1m[36mSkill Load (1.5ms)[0m  [1m[34mSELECT "skills".* FROM "skills" INNER JOIN "user_skills" ON "skills"."id" = "user_skills"."skill_id" WHERE "user_skills"."user_id" = 'c4b38885-f504-4898-906b-24941fabb892' /*action='show',application='Backend',controller='sessions'*/[0m
[active_model_serializers]   ↳ app/controllers/api/v1/auth/sessions_controller.rb:43:in 'Api::V1::Auth::SessionsController#show'
[active_model_serializers]   [1m[36mPortfolioLink Load (0.8ms)[0m  [1m[34mSELECT "portfolio_links".* FROM "portfolio_links" WHERE "portfolio_links"."user_id" = 'c4b38885-f504-4898-906b-24941fabb892' /*action='show',application='Backend',controller='sessions'*/[0m
[active_model_serializers]   ↳ app/controllers/api/v1/auth/sessions_controller.rb:43:in 'Api::V1::Auth::SessionsController#show'
[active_model_serializers] Rendered ActiveModel::Serializer::Null with Hash (20.07ms)
Completed 200 OK in 51ms (Views: 17.4ms | ActiveRecord: 6.8ms (5 queries, 0 cached) | GC: 0.0ms)


Started GET "/api/v1/auth/me" for 127.0.0.1 at 2026-09-19 16:10:51 +0300
Processing by Api::V1::Auth::SessionsController#show as JSON
  [1m[36mUser Load (0.9ms)[0m  [1m[34mSELECT "users".* FROM "users" WHERE "users"."id" = 'c4b38885-f504-4898-906b-24941fabb892' ORDER BY "users"."id" ASC LIMIT 1 /*action='show',application='Backend',controller='sessions'*/[0m
  ↳ app/controllers/api/v1/application_controller.rb:49:in 'Api::V1::ApplicationController#authenticate_user!'
  [1m[36mProfile Load (1.3ms)[0m  [1m[34mSELECT "profiles".* FROM "profiles" WHERE "profiles"."user_id" = 'c4b38885-f504-4898-906b-24941fabb892' LIMIT 1 /*action='show',application='Backend',controller='sessions'*/[0m
  ↳ app/controllers/api/v1/auth/sessions_controller.rb:74:in 'Api::V1::Auth::SessionsController#user_payload'
[active_model_serializers] Rendered ProfileSerializer with ActiveModelSerializers::Adapter::Attributes (1.65ms)
[active_model_serializers]   [1m[36mInterest Load (1.2ms)[0m  [1m[34mSELECT "interests".* FROM "interests" INNER JOIN "user_interests" ON "interests"."id" = "user_interests"."interest_id" WHERE "user_interests"."user_id" = 'c4b38885-f504-4898-906b-24941fabb892' /*action='show',application='Backend',controller='sessions'*/[0m
[active_model_serializers]   ↳ app/controllers/api/v1/auth/sessions_controller.rb:43:in 'Api::V1::Auth::SessionsController#show'
[active_model_serializers]   [1m[36mSkill Load (1.3ms)[0m  [1m[34mSELECT "skills".* FROM "skills" INNER JOIN "user_skills" ON "skills"."id" = "user_skills"."skill_id" WHERE "user_skills"."user_id" = 'c4b38885-f504-4898-906b-24941fabb892' /*action='show',application='Backend',controller='sessions'*/[0m
[active_model_serializers]   ↳ app/controllers/api/v1/auth/sessions_controller.rb:43:in 'Api::V1::Auth::SessionsController#show'
[active_model_serializers]   [1m[36mPortfolioLink Load (0.8ms)[0m  [1m[34mSELECT "portfolio_links".* FROM "portfolio_links" WHERE "portfolio_links"."user_id" = 'c4b38885-f504-4898-906b-24941fabb892' /*action='show',application='Backend',controller='sessions'*/[0m
[active_model_serializers]   ↳ app/controllers/api/v1/auth/sessions_controller.rb:43:in 'Api::V1::Auth::SessionsController#show'
[active_model_serializers] Rendered ActiveModel::Serializer::Null with Hash (18.3ms)
Completed 200 OK in 33ms (Views: 15.8ms | ActiveRecord: 5.3ms (5 queries, 0 cached) | GC: 0.0ms)


Started GET "/api/v1/discovery?page=1&per_page=20" for 127.0.0.1 at 2026-09-19 16:10:52 +0300
Started GET "/api/v1/health" for 127.0.0.1 at 2026-09-19 16:10:52 +0300
Processing by Api::V1::DiscoveryController#index as JSON
  Parameters: {"page" => "1", "per_page" => "20"}
Processing by Api::V1::HealthController#show as JSON
  [1m[36mUser Load (1.4ms)[0m  [1m[34mSELECT "users".* FROM "users" WHERE "users"."id" = 'c4b38885-f504-4898-906b-24941fabb892' ORDER BY "users"."id" ASC LIMIT 1 /*action='index',application='Backend',controller='discovery'*/[0m
  ↳ app/controllers/api/v1/application_controller.rb:49:in 'Api::V1::ApplicationController#authenticate_user!'
  [1m[35m (4.2ms)[0m  [1m[34mSELECT 1 /*action='show',application='Backend',controller='health'*/[0m
  ↳ app/controllers/api/v1/health_controller.rb:29:in 'Api::V1::HealthController#database_reachable?'
  [1m[36mProfile Count (2.8ms)[0m  [1m[34mSELECT COUNT(*) FROM "profiles" INNER JOIN "users" ON "users"."id" = "profiles"."user_id" WHERE "profiles"."profile_visibility" = 0 AND "profiles"."show_on_explore" = TRUE AND "profiles"."user_id" != 'c4b38885-f504-4898-906b-24941fabb892' AND "profiles"."user_id" NOT IN (SELECT "connections"."target_user_id" FROM "connections" WHERE "connections"."user_id" = 'c4b38885-f504-4898-906b-24941fabb892') /*action='index',application='Backend',controller='discovery'*/[0m
  ↳ app/lib/pagination.rb:27:in 'Pagination.paginate'
  [1m[36mUser Load (1.4ms)[0m  [1m[34mSELECT "users".* FROM "users" WHERE "users"."id" = 'c4b38885-f504-4898-906b-24941fabb892' ORDER BY "users"."id" ASC LIMIT 1 /*action='show',application='Backend',controller='health'*/[0m
  ↳ app/controllers/api/v1/health_controller.rb:17:in 'Api::V1::HealthController#show'
[active_model_serializers] Rendered ActiveModel::Serializer::Null with Hash (0.05ms)
Completed 200 OK in 12ms (Views: 5.2ms | ActiveRecord: 5.6ms (2 queries, 0 cached) | GC: 0.0ms)


[active_model_serializers]   [1m[36mProfile Load (4.7ms)[0m  [1m[34mSELECT "profiles".* FROM "profiles" INNER JOIN "users" ON "users"."id" = "profiles"."user_id" WHERE "profiles"."profile_visibility" = 0 AND "profiles"."show_on_explore" = TRUE AND "profiles"."user_id" != 'c4b38885-f504-4898-906b-24941fabb892' AND "profiles"."user_id" NOT IN (SELECT "connections"."target_user_id" FROM "connections" WHERE "connections"."user_id" = 'c4b38885-f504-4898-906b-24941fabb892') ORDER BY "profiles"."created_at" DESC LIMIT 20 OFFSET 0 /*action='index',application='Backend',controller='discovery'*/[0m
[active_model_serializers]   ↳ app/controllers/api/v1/discovery_controller.rb:33:in 'Api::V1::DiscoveryController#index'
[active_model_serializers]   [1m[36mUser Load (1.4ms)[0m  [1m[34mSELECT "users".* FROM "users" WHERE "users"."id" = '365c08a5-fe90-4923-9502-a78fbbdf6567' /*action='index',application='Backend',controller='discovery'*/[0m
[active_model_serializers]   ↳ app/controllers/api/v1/discovery_controller.rb:33:in 'Api::V1::DiscoveryController#index'
Started GET "/api/v1/health" for 127.0.0.1 at 2026-09-19 16:10:52 +0300
[active_model_serializers]   [1m[36mUserInterest Load (1.6ms)[0m  [1m[34mSELECT "user_interests".* FROM "user_interests" WHERE "user_interests"."user_id" = '365c08a5-fe90-4923-9502-a78fbbdf6567' /*action='index',application='Backend',controller='discovery'*/[0m
[active_model_serializers]   ↳ app/controllers/api/v1/discovery_controller.rb:33:in 'Api::V1::DiscoveryController#index'
[active_model_serializers]   [1m[36mUserSkill Load (1.5ms)[0m  [1m[34mSELECT "user_skills".* FROM "user_skills" WHERE "user_skills"."user_id" = '365c08a5-fe90-4923-9502-a78fbbdf6567' /*action='index',application='Backend',controller='discovery'*/[0m
[active_model_serializers]   ↳ app/controllers/api/v1/discovery_controller.rb:33:in 'Api::V1::DiscoveryController#index'
Processing by Api::V1::HealthController#show as JSON
[active_model_serializers]   [1m[36mPortfolioLink Load (2.4ms)[0m  [1m[34mSELECT "portfolio_links".* FROM "portfolio_links" WHERE "portfolio_links"."user_id" = '365c08a5-fe90-4923-9502-a78fbbdf6567' /*action='index',application='Backend',controller='discovery'*/[0m
[active_model_serializers]   ↳ app/controllers/api/v1/discovery_controller.rb:33:in 'Api::V1::DiscoveryController#index'
  [1m[35m (1.6ms)[0m  [1m[34mSELECT 1 /*action='show',application='Backend',controller='health'*/[0m
[active_model_serializers] Rendered ActiveModel::Serializer::CollectionSerializer with ActiveModelSerializers::Adapter::Attributes (0.92ms)
  ↳ app/controllers/api/v1/health_controller.rb:29:in 'Api::V1::HealthController#database_reachable?'
[active_model_serializers] Rendered ActiveModel::Serializer::Null with Hash (0.26ms)
Completed 200 OK in 63ms (Views: 2.4ms | ActiveRecord: 15.7ms (7 queries, 0 cached) | GC: 0.0ms)


  [1m[36mUser Load (1.2ms)[0m  [1m[34mSELECT "users".* FROM "users" WHERE "users"."id" = 'c4b38885-f504-4898-906b-24941fabb892' ORDER BY "users"."id" ASC LIMIT 1 /*action='show',application='Backend',controller='health'*/[0m
  ↳ app/controllers/api/v1/health_controller.rb:17:in 'Api::V1::HealthController#show'
[active_model_serializers] Rendered ActiveModel::Serializer::Null with Hash (0.05ms)
Completed 200 OK in 15ms (Views: 7.6ms | ActiveRecord: 2.8ms (2 queries, 0 cached) | GC: 0.0ms)


user: user
GET /api/v1/discovery?page=1&per_page=20
AVOID eager loading detected
  User => [:portfolio_links]
  Remove from your query: .includes([:portfolio_links])
Call stack
  /home/user/student-hub/student-hub-backend/app/controllers/api/v1/discovery_controller.rb:33:in 'Api::V1::DiscoveryController#index'


Started GET "/api/v1/discovery?page=1&per_page=20" for 127.0.0.1 at 2026-09-19 16:10:52 +0300
Processing by Api::V1::DiscoveryController#index as JSON
  Parameters: {"page" => "1", "per_page" => "20"}
  [1m[36mUser Load (1.1ms)[0m  [1m[34mSELECT "users".* FROM "users" WHERE "users"."id" = 'c4b38885-f504-4898-906b-24941fabb892' ORDER BY "users"."id" ASC LIMIT 1 /*action='index',application='Backend',controller='discovery'*/[0m
  ↳ app/controllers/api/v1/application_controller.rb:49:in 'Api::V1::ApplicationController#authenticate_user!'
Started GET "/api/v1/discovery?page=2&per_page=20" for 127.0.0.1 at 2026-09-19 16:10:52 +0300
  [1m[36mProfile Count (1.9ms)[0m  [1m[34mSELECT COUNT(*) FROM "profiles" INNER JOIN "users" ON "users"."id" = "profiles"."user_id" WHERE "profiles"."profile_visibility" = 0 AND "profiles"."show_on_explore" = TRUE AND "profiles"."user_id" != 'c4b38885-f504-4898-906b-24941fabb892' AND "profiles"."user_id" NOT IN (SELECT "connections"."target_user_id" FROM "connections" WHERE "connections"."user_id" = 'c4b38885-f504-4898-906b-24941fabb892') /*action='index',application='Backend',controller='discovery'*/[0m
  ↳ app/lib/pagination.rb:27:in 'Pagination.paginate'
[active_model_serializers]   [1m[36mProfile Load (1.9ms)[0m  [1m[34mSELECT "profiles".* FROM "profiles" INNER JOIN "users" ON "users"."id" = "profiles"."user_id" WHERE "profiles"."profile_visibility" = 0 AND "profiles"."show_on_explore" = TRUE AND "profiles"."user_id" != 'c4b38885-f504-4898-906b-24941fabb892' AND "profiles"."user_id" NOT IN (SELECT "connections"."target_user_id" FROM "connections" WHERE "connections"."user_id" = 'c4b38885-f504-4898-906b-24941fabb892') ORDER BY "profiles"."created_at" DESC LIMIT 20 OFFSET 0 /*action='index',application='Backend',controller='discovery'*/[0m
[active_model_serializers]   ↳ app/controllers/api/v1/discovery_controller.rb:33:in 'Api::V1::DiscoveryController#index'
Processing by Api::V1::DiscoveryController#index as JSON
[active_model_serializers]   [1m[36mUser Load (1.5ms)[0m  [1m[34mSELECT "users".* FROM "users" WHERE "users"."id" = '365c08a5-fe90-4923-9502-a78fbbdf6567' /*action='index',application='Backend',controller='discovery'*/[0m
  Parameters: {"page" => "2", "per_page" => "20"}
[active_model_serializers]   ↳ app/controllers/api/v1/discovery_controller.rb:33:in 'Api::V1::DiscoveryController#index'
  [1m[36mUser Load (3.4ms)[0m  [1m[34mSELECT "users".* FROM "users" WHERE "users"."id" = 'c4b38885-f504-4898-906b-24941fabb892' ORDER BY "users"."id" ASC LIMIT 1 /*action='index',application='Backend',controller='discovery'*/[0m
  ↳ app/controllers/api/v1/application_controller.rb:49:in 'Api::V1::ApplicationController#authenticate_user!'
[active_model_serializers]   [1m[36mUserInterest Load (2.8ms)[0m  [1m[34mSELECT "user_interests".* FROM "user_interests" WHERE "user_interests"."user_id" = '365c08a5-fe90-4923-9502-a78fbbdf6567' /*action='index',application='Backend',controller='discovery'*/[0m
[active_model_serializers]   ↳ app/controllers/api/v1/discovery_controller.rb:33:in 'Api::V1::DiscoveryController#index'
  [1m[36mProfile Count (3.7ms)[0m  [1m[34mSELECT COUNT(*) FROM "profiles" INNER JOIN "users" ON "users"."id" = "profiles"."user_id" WHERE "profiles"."profile_visibility" = 0 AND "profiles"."show_on_explore" = TRUE AND "profiles"."user_id" != 'c4b38885-f504-4898-906b-24941fabb892' AND "profiles"."user_id" NOT IN (SELECT "connections"."target_user_id" FROM "connections" WHERE "connections"."user_id" = 'c4b38885-f504-4898-906b-24941fabb892') /*action='index',application='Backend',controller='discovery'*/[0m
  ↳ app/lib/pagination.rb:27:in 'Pagination.paginate'
[active_model_serializers]   [1m[36mUserSkill Load (1.8ms)[0m  [1m[34mSELECT "user_skills".* FROM "user_skills" WHERE "user_skills"."user_id" = '365c08a5-fe90-4923-9502-a78fbbdf6567' /*action='index',application='Backend',controller='discovery'*/[0m
[active_model_serializers]   ↳ app/controllers/api/v1/discovery_controller.rb:33:in 'Api::V1::DiscoveryController#index'
[active_model_serializers]   [1m[36mProfile Load (3.6ms)[0m  [1m[34mSELECT "profiles".* FROM "profiles" INNER JOIN "users" ON "users"."id" = "profiles"."user_id" WHERE "profiles"."profile_visibility" = 0 AND "profiles"."show_on_explore" = TRUE AND "profiles"."user_id" != 'c4b38885-f504-4898-906b-24941fabb892' AND "profiles"."user_id" NOT IN (SELECT "connections"."target_user_id" FROM "connections" WHERE "connections"."user_id" = 'c4b38885-f504-4898-906b-24941fabb892') ORDER BY "profiles"."created_at" DESC LIMIT 20 OFFSET 20 /*action='index',application='Backend',controller='discovery'*/[0m
[active_model_serializers]   ↳ app/controllers/api/v1/discovery_controller.rb:33:in 'Api::V1::DiscoveryController#index'
[active_model_serializers]   [1m[36mPortfolioLink Load (2.3ms)[0m  [1m[34mSELECT "portfolio_links".* FROM "portfolio_links" WHERE "portfolio_links"."user_id" = '365c08a5-fe90-4923-9502-a78fbbdf6567' /*action='index',application='Backend',controller='discovery'*/[0m
[active_model_serializers] Rendered ActiveModel::Serializer::CollectionSerializer with ActiveModelSerializers::Adapter::Attributes (0.09ms)
[active_model_serializers]   ↳ app/controllers/api/v1/discovery_controller.rb:33:in 'Api::V1::DiscoveryController#index'
[active_model_serializers] Rendered ActiveModel::Serializer::Null with Hash (0.07ms)
[active_model_serializers] Rendered ActiveModel::Serializer::CollectionSerializer with ActiveModelSerializers::Adapter::Attributes (0.83ms)
Completed 200 OK in 31ms (Views: 2.8ms | ActiveRecord: 10.7ms (3 queries, 0 cached) | GC: 0.0ms)


[active_model_serializers] Rendered ActiveModel::Serializer::Null with Hash (0.4ms)
Completed 200 OK in 58ms (Views: 2.7ms | ActiveRecord: 13.2ms (7 queries, 0 cached) | GC: 0.0ms)


user: user
GET /api/v1/discovery?page=1&per_page=20
AVOID eager loading detected
  User => [:portfolio_links]
  Remove from your query: .includes([:portfolio_links])
Call stack
  /home/user/student-hub/student-hub-backend/app/controllers/api/v1/discovery_controller.rb:33:in 'Api::V1::DiscoveryController#index'


Started GET "/api/v1/discovery?page=1&per_page=20" for 127.0.0.1 at 2026-09-19 16:10:53 +0300
Processing by Api::V1::DiscoveryController#index as JSON
  Parameters: {"page" => "1", "per_page" => "20"}
  [1m[36mUser Load (1.4ms)[0m  [1m[34mSELECT "users".* FROM "users" WHERE "users"."id" = 'c4b38885-f504-4898-906b-24941fabb892' ORDER BY "users"."id" ASC LIMIT 1 /*action='index',application='Backend',controller='discovery'*/[0m
  ↳ app/controllers/api/v1/application_controller.rb:49:in 'Api::V1::ApplicationController#authenticate_user!'
  [1m[36mProfile Count (1.3ms)[0m  [1m[34mSELECT COUNT(*) FROM "profiles" INNER JOIN "users" ON "users"."id" = "profiles"."user_id" WHERE "profiles"."profile_visibility" = 0 AND "profiles"."show_on_explore" = TRUE AND "profiles"."user_id" != 'c4b38885-f504-4898-906b-24941fabb892' AND "profiles"."user_id" NOT IN (SELECT "connections"."target_user_id" FROM "connections" WHERE "connections"."user_id" = 'c4b38885-f504-4898-906b-24941fabb892') /*action='index',application='Backend',controller='discovery'*/[0m
  ↳ app/lib/pagination.rb:27:in 'Pagination.paginate'
[active_model_serializers]   [1m[36mProfile Load (1.2ms)[0m  [1m[34mSELECT "profiles".* FROM "profiles" INNER JOIN "users" ON "users"."id" = "profiles"."user_id" WHERE "profiles"."profile_visibility" = 0 AND "profiles"."show_on_explore" = TRUE AND "profiles"."user_id" != 'c4b38885-f504-4898-906b-24941fabb892' AND "profiles"."user_id" NOT IN (SELECT "connections"."target_user_id" FROM "connections" WHERE "connections"."user_id" = 'c4b38885-f504-4898-906b-24941fabb892') ORDER BY "profiles"."created_at" DESC LIMIT 20 OFFSET 0 /*action='index',application='Backend',controller='discovery'*/[0m
[active_model_serializers]   ↳ app/controllers/api/v1/discovery_controller.rb:33:in 'Api::V1::DiscoveryController#index'
[active_model_serializers]   [1m[36mUser Load (0.9ms)[0m  [1m[34mSELECT "users".* FROM "users" WHERE "users"."id" = '365c08a5-fe90-4923-9502-a78fbbdf6567' /*action='index',application='Backend',controller='discovery'*/[0m
[active_model_serializers]   ↳ app/controllers/api/v1/discovery_controller.rb:33:in 'Api::V1::DiscoveryController#index'
[active_model_serializers]   [1m[36mUserInterest Load (0.7ms)[0m  [1m[34mSELECT "user_interests".* FROM "user_interests" WHERE "user_interests"."user_id" = '365c08a5-fe90-4923-9502-a78fbbdf6567' /*action='index',application='Backend',controller='discovery'*/[0m
[active_model_serializers]   ↳ app/controllers/api/v1/discovery_controller.rb:33:in 'Api::V1::DiscoveryController#index'
[active_model_serializers]   [1m[36mUserSkill Load (0.9ms)[0m  [1m[34mSELECT "user_skills".* FROM "user_skills" WHERE "user_skills"."user_id" = '365c08a5-fe90-4923-9502-a78fbbdf6567' /*action='index',application='Backend',controller='discovery'*/[0m
[active_model_serializers]   ↳ app/controllers/api/v1/discovery_controller.rb:33:in 'Api::V1::DiscoveryController#index'
[active_model_serializers]   [1m[36mPortfolioLink Load (1.1ms)[0m  [1m[34mSELECT "portfolio_links".* FROM "portfolio_links" WHERE "portfolio_links"."user_id" = '365c08a5-fe90-4923-9502-a78fbbdf6567' /*action='index',application='Backend',controller='discovery'*/[0m
[active_model_serializers]   ↳ app/controllers/api/v1/discovery_controller.rb:33:in 'Api::V1::DiscoveryController#index'
[active_model_serializers] Rendered ActiveModel::Serializer::CollectionSerializer with ActiveModelSerializers::Adapter::Attributes (0.73ms)
[active_model_serializers] Rendered ActiveModel::Serializer::Null with Hash (0.2ms)
Completed 200 OK in 35ms (Views: 0.6ms | ActiveRecord: 7.4ms (7 queries, 0 cached) | GC: 0.0ms)


user: user
GET /api/v1/discovery?page=1&per_page=20
AVOID eager loading detected
  User => [:portfolio_links]
  Remove from your query: .includes([:portfolio_links])
Call stack
  /home/user/student-hub/student-hub-backend/app/controllers/api/v1/discovery_controller.rb:33:in 'Api::V1::DiscoveryController#index'


Started GET "/api/v1/discovery?page=2&per_page=20" for 127.0.0.1 at 2026-09-19 16:10:53 +0300
Processing by Api::V1::DiscoveryController#index as JSON
  Parameters: {"page" => "2", "per_page" => "20"}
  [1m[36mUser Load (0.8ms)[0m  [1m[34mSELECT "users".* FROM "users" WHERE "users"."id" = 'c4b38885-f504-4898-906b-24941fabb892' ORDER BY "users"."id" ASC LIMIT 1 /*action='index',application='Backend',controller='discovery'*/[0m
  ↳ app/controllers/api/v1/application_controller.rb:49:in 'Api::V1::ApplicationController#authenticate_user!'
  [1m[36mProfile Count (1.2ms)[0m  [1m[34mSELECT COUNT(*) FROM "profiles" INNER JOIN "users" ON "users"."id" = "profiles"."user_id" WHERE "profiles"."profile_visibility" = 0 AND "profiles"."show_on_explore" = TRUE AND "profiles"."user_id" != 'c4b38885-f504-4898-906b-24941fabb892' AND "profiles"."user_id" NOT IN (SELECT "connections"."target_user_id" FROM "connections" WHERE "connections"."user_id" = 'c4b38885-f504-4898-906b-24941fabb892') /*action='index',application='Backend',controller='discovery'*/[0m
  ↳ app/lib/pagination.rb:27:in 'Pagination.paginate'
[active_model_serializers]   [1m[36mProfile Load (1.2ms)[0m  [1m[34mSELECT "profiles".* FROM "profiles" INNER JOIN "users" ON "users"."id" = "profiles"."user_id" WHERE "profiles"."profile_visibility" = 0 AND "profiles"."show_on_explore" = TRUE AND "profiles"."user_id" != 'c4b38885-f504-4898-906b-24941fabb892' AND "profiles"."user_id" NOT IN (SELECT "connections"."target_user_id" FROM "connections" WHERE "connections"."user_id" = 'c4b38885-f504-4898-906b-24941fabb892') ORDER BY "profiles"."created_at" DESC LIMIT 20 OFFSET 20 /*action='index',application='Backend',controller='discovery'*/[0m
[active_model_serializers]   ↳ app/controllers/api/v1/discovery_controller.rb:33:in 'Api::V1::DiscoveryController#index'
[active_model_serializers] Rendered ActiveModel::Serializer::CollectionSerializer with ActiveModelSerializers::Adapter::Attributes (0.06ms)
[active_model_serializers] Rendered ActiveModel::Serializer::Null with Hash (0.06ms)
Completed 200 OK in 44ms (Views: 0.7ms | ActiveRecord: 3.1ms (3 queries, 0 cached) | GC: 30.7ms)


Started POST "/api/v1/discovery/365c08a5-fe90-4923-9502-a78fbbdf6567/pass" for 127.0.0.1 at 2026-09-19 16:11:02 +0300
  [1m[36mUser Load (2.6ms)[0m  [1m[34mSELECT "users".* FROM "users" WHERE "users"."id" = 'c4b38885-f504-4898-906b-24941fabb892' ORDER BY "users"."id" ASC LIMIT 1 /*application='Backend'*/[0m
  ↳ config/initializers/rack_attack.rb:66:in 'block in <class:Attack>'
Processing by Api::V1::DiscoveryController#pass as JSON
  Parameters: {"user_id" => "365c08a5-fe90-4923-9502-a78fbbdf6567"}
  [1m[36mUser Load (2.6ms)[0m  [1m[34mSELECT "users".* FROM "users" WHERE "users"."id" = '365c08a5-fe90-4923-9502-a78fbbdf6567' LIMIT 1 /*action='pass',application='Backend',controller='discovery'*/[0m
  ↳ app/controllers/api/v1/discovery_controller.rb:103:in 'Api::V1::DiscoveryController#find_target_user!'
  [1m[36mProfile Load (2.6ms)[0m  [1m[34mSELECT "profiles".* FROM "profiles" WHERE "profiles"."user_id" = '365c08a5-fe90-4923-9502-a78fbbdf6567' /*action='pass',application='Backend',controller='discovery'*/[0m
  ↳ app/controllers/api/v1/discovery_controller.rb:103:in 'Api::V1::DiscoveryController#find_target_user!'
  [1m[36mTRANSACTION (1.7ms)[0m  [1m[35mBEGIN /*action='pass',application='Backend',controller='discovery'*/[0m
  ↳ app/services/connections/record_action.rb:31:in 'block in Connections::RecordAction#call'
  [1m[36mConnection Load (9.4ms)[0m  [1m[34mSELECT "connections".* FROM "connections" WHERE "connections"."user_id" = 'c4b38885-f504-4898-906b-24941fabb892' AND "connections"."target_user_id" = '365c08a5-fe90-4923-9502-a78fbbdf6567' LIMIT 1 /*action='pass',application='Backend',controller='discovery'*/[0m
  ↳ app/services/connections/record_action.rb:31:in 'block in Connections::RecordAction#call'
  [1m[36mUser Load (3.3ms)[0m  [1m[34mSELECT "users".* FROM "users" WHERE "users"."id" = 'c4b38885-f504-4898-906b-24941fabb892' LIMIT 1 /*action='pass',application='Backend',controller='discovery'*/[0m
  ↳ app/services/connections/record_action.rb:36:in 'block in Connections::RecordAction#call'
  [1m[36mCACHE User Load (0.3ms)[0m  [1m[34mSELECT "users".* FROM "users" WHERE "users"."id" = '365c08a5-fe90-4923-9502-a78fbbdf6567' LIMIT 1[0m
  ↳ app/services/connections/record_action.rb:36:in 'block in Connections::RecordAction#call'
  [1m[36mConnection Exists? (2.9ms)[0m  [1m[34mSELECT 1 AS one FROM "connections" WHERE "connections"."user_id" = 'c4b38885-f504-4898-906b-24941fabb892' AND "connections"."target_user_id" = '365c08a5-fe90-4923-9502-a78fbbdf6567' LIMIT 1 /*action='pass',application='Backend',controller='discovery'*/[0m
  ↳ app/services/connections/record_action.rb:36:in 'block in Connections::RecordAction#call'
  [1m[36mConnection Create (9.5ms)[0m  [1m[32mINSERT INTO "connections" ("user_id", "target_user_id", "status", "created_at", "updated_at") VALUES ('c4b38885-f504-4898-906b-24941fabb892', '365c08a5-fe90-4923-9502-a78fbbdf6567', 0, '2026-09-19 13:11:02.420577', '2026-09-19 13:11:02.420577') RETURNING "id" /*action='pass',application='Backend',controller='discovery'*/[0m
  ↳ app/services/connections/record_action.rb:36:in 'block in Connections::RecordAction#call'
  [1m[36mTRANSACTION (22.7ms)[0m  [1m[35mCOMMIT /*action='pass',application='Backend',controller='discovery'*/[0m
  ↳ app/services/connections/record_action.rb:30:in 'Connections::RecordAction#call'
[active_model_serializers] Rendered ConnectionSerializer with ActiveModelSerializers::Adapter::Attributes (1.02ms)
[active_model_serializers] Rendered ActiveModel::Serializer::Null with Hash (0.16ms)
Completed 200 OK in 203ms (Views: 2.0ms | ActiveRecord: 60.7ms (7 queries, 1 cached) | GC: 10.7ms)


Started GET "/api/v1/discovery?page=1&per_page=20" for 127.0.0.1 at 2026-09-19 16:17:11 +0300
Processing by Api::V1::DiscoveryController#index as JSON
  Parameters: {"page" => "1", "per_page" => "20"}
  [1m[36mUser Load (1.6ms)[0m  [1m[34mSELECT "users".* FROM "users" WHERE "users"."id" = 'c4b38885-f504-4898-906b-24941fabb892' ORDER BY "users"."id" ASC LIMIT 1 /*action='index',application='Backend',controller='discovery'*/[0m
  ↳ app/controllers/api/v1/application_controller.rb:49:in 'Api::V1::ApplicationController#authenticate_user!'
  [1m[36mProfile Count (3.3ms)[0m  [1m[34mSELECT COUNT(*) FROM "profiles" INNER JOIN "users" ON "users"."id" = "profiles"."user_id" WHERE "profiles"."profile_visibility" = 0 AND "profiles"."show_on_explore" = TRUE AND "profiles"."user_id" != 'c4b38885-f504-4898-906b-24941fabb892' AND "profiles"."user_id" NOT IN (SELECT "connections"."target_user_id" FROM "connections" WHERE "connections"."user_id" = 'c4b38885-f504-4898-906b-24941fabb892') /*action='index',application='Backend',controller='discovery'*/[0m
  ↳ app/lib/pagination.rb:27:in 'Pagination.paginate'
[active_model_serializers]   [1m[36mProfile Load (1.5ms)[0m  [1m[34mSELECT "profiles".* FROM "profiles" INNER JOIN "users" ON "users"."id" = "profiles"."user_id" WHERE "profiles"."profile_visibility" = 0 AND "profiles"."show_on_explore" = TRUE AND "profiles"."user_id" != 'c4b38885-f504-4898-906b-24941fabb892' AND "profiles"."user_id" NOT IN (SELECT "connections"."target_user_id" FROM "connections" WHERE "connections"."user_id" = 'c4b38885-f504-4898-906b-24941fabb892') ORDER BY "profiles"."created_at" DESC LIMIT 20 OFFSET 0 /*action='index',application='Backend',controller='discovery'*/[0m
[active_model_serializers]   ↳ app/controllers/api/v1/discovery_controller.rb:33:in 'Api::V1::DiscoveryController#index'
[active_model_serializers] Rendered ActiveModel::Serializer::CollectionSerializer with ActiveModelSerializers::Adapter::Attributes (0.06ms)
[active_model_serializers] Rendered ActiveModel::Serializer::Null with Hash (0.07ms)
Completed 200 OK in 109ms (Views: 0.6ms | ActiveRecord: 21.5ms (3 queries, 0 cached) | GC: 2.8ms)


Using vips to process variants requires the libvips library. Please install libvips using the instructions on the libvips website.
Started GET "/api/v1/auth/me" for 127.0.0.1 at 2026-09-19 16:19:28 +0300
  [1m[36mActiveRecord::SchemaMigration Load (1.8ms)[0m  [1m[34mSELECT "schema_migrations"."version" FROM "schema_migrations" ORDER BY "schema_migrations"."version" ASC /*application='Backend'*/[0m
Processing by Api::V1::Auth::SessionsController#show as JSON
  [1m[36mUser Load (1.8ms)[0m  [1m[34mSELECT "users".* FROM "users" WHERE "users"."id" = 'c4b38885-f504-4898-906b-24941fabb892' ORDER BY "users"."id" ASC LIMIT 1 /*action='show',application='Backend',controller='sessions'*/[0m
  ↳ app/controllers/api/v1/application_controller.rb:49:in 'Api::V1::ApplicationController#authenticate_user!'
  [1m[36mProfile Load (1.7ms)[0m  [1m[34mSELECT "profiles".* FROM "profiles" WHERE "profiles"."user_id" = 'c4b38885-f504-4898-906b-24941fabb892' LIMIT 1 /*action='show',application='Backend',controller='sessions'*/[0m
  ↳ app/controllers/api/v1/auth/sessions_controller.rb:74:in 'Api::V1::Auth::SessionsController#user_payload'
[active_model_serializers] Rendered ProfileSerializer with ActiveModelSerializers::Adapter::Attributes (20.9ms)
[active_model_serializers]   [1m[36mInterest Load (1.3ms)[0m  [1m[34mSELECT "interests".* FROM "interests" INNER JOIN "user_interests" ON "interests"."id" = "user_interests"."interest_id" WHERE "user_interests"."user_id" = 'c4b38885-f504-4898-906b-24941fabb892' /*action='show',application='Backend',controller='sessions'*/[0m
[active_model_serializers]   ↳ app/controllers/api/v1/auth/sessions_controller.rb:43:in 'Api::V1::Auth::SessionsController#show'
[active_model_serializers]   [1m[36mSkill Load (2.0ms)[0m  [1m[34mSELECT "skills".* FROM "skills" INNER JOIN "user_skills" ON "skills"."id" = "user_skills"."skill_id" WHERE "user_skills"."user_id" = 'c4b38885-f504-4898-906b-24941fabb892' /*action='show',application='Backend',controller='sessions'*/[0m
[active_model_serializers]   ↳ app/controllers/api/v1/auth/sessions_controller.rb:43:in 'Api::V1::Auth::SessionsController#show'
[active_model_serializers]   [1m[36mPortfolioLink Load (1.1ms)[0m  [1m[34mSELECT "portfolio_links".* FROM "portfolio_links" WHERE "portfolio_links"."user_id" = 'c4b38885-f504-4898-906b-24941fabb892' /*action='show',application='Backend',controller='sessions'*/[0m
[active_model_serializers]   ↳ app/controllers/api/v1/auth/sessions_controller.rb:43:in 'Api::V1::Auth::SessionsController#show'
[active_model_serializers] Rendered ActiveModel::Serializer::Null with Hash (52.47ms)
Completed 200 OK in 339ms (Views: 38.8ms | ActiveRecord: 137.8ms (5 queries, 0 cached) | GC: 72.8ms)


Started GET "/api/v1/auth/me" for 127.0.0.1 at 2026-09-19 16:19:29 +0300
Processing by Api::V1::Auth::SessionsController#show as JSON
  [1m[36mUser Load (1.0ms)[0m  [1m[34mSELECT "users".* FROM "users" WHERE "users"."id" = 'c4b38885-f504-4898-906b-24941fabb892' ORDER BY "users"."id" ASC LIMIT 1 /*action='show',application='Backend',controller='sessions'*/[0m
  ↳ app/controllers/api/v1/application_controller.rb:49:in 'Api::V1::ApplicationController#authenticate_user!'
  [1m[36mProfile Load (0.8ms)[0m  [1m[34mSELECT "profiles".* FROM "profiles" WHERE "profiles"."user_id" = 'c4b38885-f504-4898-906b-24941fabb892' LIMIT 1 /*action='show',application='Backend',controller='sessions'*/[0m
  ↳ app/controllers/api/v1/auth/sessions_controller.rb:74:in 'Api::V1::Auth::SessionsController#user_payload'
[active_model_serializers] Rendered ProfileSerializer with ActiveModelSerializers::Adapter::Attributes (1.69ms)
[active_model_serializers]   [1m[36mInterest Load (0.9ms)[0m  [1m[34mSELECT "interests".* FROM "interests" INNER JOIN "user_interests" ON "interests"."id" = "user_interests"."interest_id" WHERE "user_interests"."user_id" = 'c4b38885-f504-4898-906b-24941fabb892' /*action='show',application='Backend',controller='sessions'*/[0m
[active_model_serializers]   ↳ app/controllers/api/v1/auth/sessions_controller.rb:43:in 'Api::V1::Auth::SessionsController#show'
[active_model_serializers]   [1m[36mSkill Load (1.2ms)[0m  [1m[34mSELECT "skills".* FROM "skills" INNER JOIN "user_skills" ON "skills"."id" = "user_skills"."skill_id" WHERE "user_skills"."user_id" = 'c4b38885-f504-4898-906b-24941fabb892' /*action='show',application='Backend',controller='sessions'*/[0m
[active_model_serializers]   ↳ app/controllers/api/v1/auth/sessions_controller.rb:43:in 'Api::V1::Auth::SessionsController#show'
[active_model_serializers]   [1m[36mPortfolioLink Load (1.0ms)[0m  [1m[34mSELECT "portfolio_links".* FROM "portfolio_links" WHERE "portfolio_links"."user_id" = 'c4b38885-f504-4898-906b-24941fabb892' /*action='show',application='Backend',controller='sessions'*/[0m
[active_model_serializers]   ↳ app/controllers/api/v1/auth/sessions_controller.rb:43:in 'Api::V1::Auth::SessionsController#show'
[active_model_serializers] Rendered ActiveModel::Serializer::Null with Hash (18.25ms)
Completed 200 OK in 32ms (Views: 15.9ms | ActiveRecord: 4.7ms (5 queries, 0 cached) | GC: 0.0ms)


Started GET "/api/v1/discovery?page=1&per_page=20" for 127.0.0.1 at 2026-09-19 16:19:29 +0300
Started GET "/api/v1/health" for 127.0.0.1 at 2026-09-19 16:19:29 +0300
Processing by Api::V1::DiscoveryController#index as JSON
  Parameters: {"page" => "1", "per_page" => "20"}
Processing by Api::V1::HealthController#show as JSON
  [1m[36mUser Load (6.1ms)[0m  [1m[34mSELECT "users".* FROM "users" WHERE "users"."id" = 'c4b38885-f504-4898-906b-24941fabb892' ORDER BY "users"."id" ASC LIMIT 1 /*action='index',application='Backend',controller='discovery'*/[0m
  ↳ app/controllers/api/v1/application_controller.rb:49:in 'Api::V1::ApplicationController#authenticate_user!'
  [1m[36mProfile Count (1.5ms)[0m  [1m[34mSELECT COUNT(*) FROM "profiles" INNER JOIN "users" ON "users"."id" = "profiles"."user_id" WHERE "profiles"."profile_visibility" = 0 AND "profiles"."show_on_explore" = TRUE AND "profiles"."user_id" != 'c4b38885-f504-4898-906b-24941fabb892' AND "profiles"."user_id" NOT IN (SELECT "connections"."target_user_id" FROM "connections" WHERE "connections"."user_id" = 'c4b38885-f504-4898-906b-24941fabb892') /*action='index',application='Backend',controller='discovery'*/[0m
  ↳ app/lib/pagination.rb:27:in 'Pagination.paginate'
[active_model_serializers]   [1m[36mProfile Load (2.0ms)[0m  [1m[34mSELECT "profiles".* FROM "profiles" INNER JOIN "users" ON "users"."id" = "profiles"."user_id" WHERE "profiles"."profile_visibility" = 0 AND "profiles"."show_on_explore" = TRUE AND "profiles"."user_id" != 'c4b38885-f504-4898-906b-24941fabb892' AND "profiles"."user_id" NOT IN (SELECT "connections"."target_user_id" FROM "connections" WHERE "connections"."user_id" = 'c4b38885-f504-4898-906b-24941fabb892') ORDER BY "profiles"."created_at" DESC LIMIT 20 OFFSET 0 /*action='index',application='Backend',controller='discovery'*/[0m
[active_model_serializers]   ↳ app/controllers/api/v1/discovery_controller.rb:33:in 'Api::V1::DiscoveryController#index'
[active_model_serializers] Rendered ActiveModel::Serializer::CollectionSerializer with ActiveModelSerializers::Adapter::Attributes (0.12ms)
[active_model_serializers] Rendered ActiveModel::Serializer::Null with Hash (0.09ms)
Completed 200 OK in 40ms (Views: 1.1ms | ActiveRecord: 11.7ms (3 queries, 0 cached) | GC: 0.0ms)


Started GET "/api/v1/discovery?page=1&per_page=20" for 127.0.0.1 at 2026-09-19 16:19:29 +0300
Processing by Api::V1::DiscoveryController#index as JSON
  Parameters: {"page" => "1", "per_page" => "20"}
  [1m[36mUser Load (1.2ms)[0m  [1m[34mSELECT "users".* FROM "users" WHERE "users"."id" = 'c4b38885-f504-4898-906b-24941fabb892' ORDER BY "users"."id" ASC LIMIT 1 /*action='index',application='Backend',controller='discovery'*/[0m
  ↳ app/controllers/api/v1/application_controller.rb:49:in 'Api::V1::ApplicationController#authenticate_user!'
  [1m[36mProfile Count (0.9ms)[0m  [1m[34mSELECT COUNT(*) FROM "profiles" INNER JOIN "users" ON "users"."id" = "profiles"."user_id" WHERE "profiles"."profile_visibility" = 0 AND "profiles"."show_on_explore" = TRUE AND "profiles"."user_id" != 'c4b38885-f504-4898-906b-24941fabb892' AND "profiles"."user_id" NOT IN (SELECT "connections"."target_user_id" FROM "connections" WHERE "connections"."user_id" = 'c4b38885-f504-4898-906b-24941fabb892') /*action='index',application='Backend',controller='discovery'*/[0m
  ↳ app/lib/pagination.rb:27:in 'Pagination.paginate'
[active_model_serializers]   [1m[36mProfile Load (2.2ms)[0m  [1m[34mSELECT "profiles".* FROM "profiles" INNER JOIN "users" ON "users"."id" = "profiles"."user_id" WHERE "profiles"."profile_visibility" = 0 AND "profiles"."show_on_explore" = TRUE AND "profiles"."user_id" != 'c4b38885-f504-4898-906b-24941fabb892' AND "profiles"."user_id" NOT IN (SELECT "connections"."target_user_id" FROM "connections" WHERE "connections"."user_id" = 'c4b38885-f504-4898-906b-24941fabb892') ORDER BY "profiles"."created_at" DESC LIMIT 20 OFFSET 0 /*action='index',application='Backend',controller='discovery'*/[0m
[active_model_serializers]   ↳ app/controllers/api/v1/discovery_controller.rb:33:in 'Api::V1::DiscoveryController#index'
[active_model_serializers] Rendered ActiveModel::Serializer::CollectionSerializer with ActiveModelSerializers::Adapter::Attributes (0.06ms)
  [1m[35m (74.3ms)[0m  [1m[34mSELECT 1 /*action='show',application='Backend',controller='health'*/[0m
[active_model_serializers] Rendered ActiveModel::Serializer::Null with Hash (0.06ms)
  ↳ app/controllers/api/v1/health_controller.rb:29:in 'Api::V1::HealthController#database_reachable?'
Completed 200 OK in 20ms (Views: 2.2ms | ActiveRecord: 4.1ms (3 queries, 0 cached) | GC: 0.0ms)


  [1m[36mUser Load (1.9ms)[0m  [1m[34mSELECT "users".* FROM "users" WHERE "users"."id" = 'c4b38885-f504-4898-906b-24941fabb892' ORDER BY "users"."id" ASC LIMIT 1 /*action='show',application='Backend',controller='health'*/[0m
  ↳ app/controllers/api/v1/health_controller.rb:17:in 'Api::V1::HealthController#show'
[active_model_serializers] Rendered ActiveModel::Serializer::Null with Hash (0.1ms)
Completed 200 OK in 89ms (Views: 8.1ms | ActiveRecord: 94.9ms (2 queries, 0 cached) | GC: 0.0ms)


Started GET "/api/v1/health" for 127.0.0.1 at 2026-09-19 16:19:29 +0300
Processing by Api::V1::HealthController#show as JSON
  [1m[35m (1.1ms)[0m  [1m[34mSELECT 1 /*action='show',application='Backend',controller='health'*/[0m
  ↳ app/controllers/api/v1/health_controller.rb:29:in 'Api::V1::HealthController#database_reachable?'
  [1m[36mUser Load (0.9ms)[0m  [1m[34mSELECT "users".* FROM "users" WHERE "users"."id" = 'c4b38885-f504-4898-906b-24941fabb892' ORDER BY "users"."id" ASC LIMIT 1 /*action='show',application='Backend',controller='health'*/[0m
  ↳ app/controllers/api/v1/health_controller.rb:17:in 'Api::V1::HealthController#show'
[active_model_serializers] Rendered ActiveModel::Serializer::Null with Hash (0.09ms)
Completed 200 OK in 10ms (Views: 5.8ms | ActiveRecord: 2.0ms (2 queries, 0 cached) | GC: 0.0ms)


Started GET "/api/v1/discovery?page=1&per_page=20" for 127.0.0.1 at 2026-09-19 16:19:31 +0300
Processing by Api::V1::DiscoveryController#index as JSON
  Parameters: {"page" => "1", "per_page" => "20"}
  [1m[36mUser Load (1.9ms)[0m  [1m[34mSELECT "users".* FROM "users" WHERE "users"."id" = 'c4b38885-f504-4898-906b-24941fabb892' ORDER BY "users"."id" ASC LIMIT 1 /*action='index',application='Backend',controller='discovery'*/[0m
  ↳ app/controllers/api/v1/application_controller.rb:49:in 'Api::V1::ApplicationController#authenticate_user!'
  [1m[36mProfile Count (4.3ms)[0m  [1m[34mSELECT COUNT(*) FROM "profiles" INNER JOIN "users" ON "users"."id" = "profiles"."user_id" WHERE "profiles"."profile_visibility" = 0 AND "profiles"."show_on_explore" = TRUE AND "profiles"."user_id" != 'c4b38885-f504-4898-906b-24941fabb892' AND "profiles"."user_id" NOT IN (SELECT "connections"."target_user_id" FROM "connections" WHERE "connections"."user_id" = 'c4b38885-f504-4898-906b-24941fabb892') /*action='index',application='Backend',controller='discovery'*/[0m
  ↳ app/lib/pagination.rb:27:in 'Pagination.paginate'
[active_model_serializers]   [1m[36mProfile Load (2.6ms)[0m  [1m[34mSELECT "profiles".* FROM "profiles" INNER JOIN "users" ON "users"."id" = "profiles"."user_id" WHERE "profiles"."profile_visibility" = 0 AND "profiles"."show_on_explore" = TRUE AND "profiles"."user_id" != 'c4b38885-f504-4898-906b-24941fabb892' AND "profiles"."user_id" NOT IN (SELECT "connections"."target_user_id" FROM "connections" WHERE "connections"."user_id" = 'c4b38885-f504-4898-906b-24941fabb892') ORDER BY "profiles"."created_at" DESC LIMIT 20 OFFSET 0 /*action='index',application='Backend',controller='discovery'*/[0m
[active_model_serializers]   ↳ app/controllers/api/v1/discovery_controller.rb:33:in 'Api::V1::DiscoveryController#index'
[active_model_serializers] Rendered ActiveModel::Serializer::CollectionSerializer with ActiveModelSerializers::Adapter::Attributes (0.08ms)
[active_model_serializers] Rendered ActiveModel::Serializer::Null with Hash (0.08ms)
Completed 200 OK in 31ms (Views: 0.8ms | ActiveRecord: 9.8ms (3 queries, 0 cached) | GC: 0.0ms)


Started GET "/api/v1/discovery?page=1&per_page=20" for 127.0.0.1 at 2026-09-19 16:19:32 +0300
Processing by Api::V1::DiscoveryController#index as JSON
  Parameters: {"page" => "1", "per_page" => "20"}
  [1m[36mUser Load (1.6ms)[0m  [1m[34mSELECT "users".* FROM "users" WHERE "users"."id" = 'c4b38885-f504-4898-906b-24941fabb892' ORDER BY "users"."id" ASC LIMIT 1 /*action='index',application='Backend',controller='discovery'*/[0m
  ↳ app/controllers/api/v1/application_controller.rb:49:in 'Api::V1::ApplicationController#authenticate_user!'
  [1m[36mProfile Count (1.9ms)[0m  [1m[34mSELECT COUNT(*) FROM "profiles" INNER JOIN "users" ON "users"."id" = "profiles"."user_id" WHERE "profiles"."profile_visibility" = 0 AND "profiles"."show_on_explore" = TRUE AND "profiles"."user_id" != 'c4b38885-f504-4898-906b-24941fabb892' AND "profiles"."user_id" NOT IN (SELECT "connections"."target_user_id" FROM "connections" WHERE "connections"."user_id" = 'c4b38885-f504-4898-906b-24941fabb892') /*action='index',application='Backend',controller='discovery'*/[0m
  ↳ app/lib/pagination.rb:27:in 'Pagination.paginate'
[active_model_serializers]   [1m[36mProfile Load (2.0ms)[0m  [1m[34mSELECT "profiles".* FROM "profiles" INNER JOIN "users" ON "users"."id" = "profiles"."user_id" WHERE "profiles"."profile_visibility" = 0 AND "profiles"."show_on_explore" = TRUE AND "profiles"."user_id" != 'c4b38885-f504-4898-906b-24941fabb892' AND "profiles"."user_id" NOT IN (SELECT "connections"."target_user_id" FROM "connections" WHERE "connections"."user_id" = 'c4b38885-f504-4898-906b-24941fabb892') ORDER BY "profiles"."created_at" DESC LIMIT 20 OFFSET 0 /*action='index',application='Backend',controller='discovery'*/[0m
[active_model_serializers]   ↳ app/controllers/api/v1/discovery_controller.rb:33:in 'Api::V1::DiscoveryController#index'
[active_model_serializers] Rendered ActiveModel::Serializer::CollectionSerializer with ActiveModelSerializers::Adapter::Attributes (0.09ms)
[active_model_serializers] Rendered ActiveModel::Serializer::Null with Hash (0.08ms)
Completed 200 OK in 25ms (Views: 0.8ms | ActiveRecord: 5.4ms (3 queries, 0 cached) | GC: 0.0ms)


Started GET "/api/v1/discovery?page=1&per_page=20" for 127.0.0.1 at 2026-09-19 16:19:32 +0300
Processing by Api::V1::DiscoveryController#index as JSON
  Parameters: {"page" => "1", "per_page" => "20"}
  [1m[36mUser Load (1.6ms)[0m  [1m[34mSELECT "users".* FROM "users" WHERE "users"."id" = 'c4b38885-f504-4898-906b-24941fabb892' ORDER BY "users"."id" ASC LIMIT 1 /*action='index',application='Backend',controller='discovery'*/[0m
  ↳ app/controllers/api/v1/application_controller.rb:49:in 'Api::V1::ApplicationController#authenticate_user!'
  [1m[36mProfile Count (2.1ms)[0m  [1m[34mSELECT COUNT(*) FROM "profiles" INNER JOIN "users" ON "users"."id" = "profiles"."user_id" WHERE "profiles"."profile_visibility" = 0 AND "profiles"."show_on_explore" = TRUE AND "profiles"."user_id" != 'c4b38885-f504-4898-906b-24941fabb892' AND "profiles"."user_id" NOT IN (SELECT "connections"."target_user_id" FROM "connections" WHERE "connections"."user_id" = 'c4b38885-f504-4898-906b-24941fabb892') /*action='index',application='Backend',controller='discovery'*/[0m
  ↳ app/lib/pagination.rb:27:in 'Pagination.paginate'
[active_model_serializers]   [1m[36mProfile Load (2.0ms)[0m  [1m[34mSELECT "profiles".* FROM "profiles" INNER JOIN "users" ON "users"."id" = "profiles"."user_id" WHERE "profiles"."profile_visibility" = 0 AND "profiles"."show_on_explore" = TRUE AND "profiles"."user_id" != 'c4b38885-f504-4898-906b-24941fabb892' AND "profiles"."user_id" NOT IN (SELECT "connections"."target_user_id" FROM "connections" WHERE "connections"."user_id" = 'c4b38885-f504-4898-906b-24941fabb892') ORDER BY "profiles"."created_at" DESC LIMIT 20 OFFSET 0 /*action='index',application='Backend',controller='discovery'*/[0m
[active_model_serializers]   ↳ app/controllers/api/v1/discovery_controller.rb:33:in 'Api::V1::DiscoveryController#index'
[active_model_serializers] Rendered ActiveModel::Serializer::CollectionSerializer with ActiveModelSerializers::Adapter::Attributes (0.15ms)
[active_model_serializers] Rendered ActiveModel::Serializer::Null with Hash (0.22ms)
Completed 200 OK in 30ms (Views: 1.4ms | ActiveRecord: 5.6ms (3 queries, 0 cached) | GC: 0.0ms)


Using vips to process variants requires the libvips library. Please install libvips using the instructions on the libvips website.
  [1m[36mUser Load (1.3ms)[0m  [1m[34mSELECT "users".* FROM "users" WHERE "users"."email" = 'ragadabdelwahab81@gmail.com' LIMIT 1 /*application='Backend'*/[0m
  [1m[36mUser Load (1.2ms)[0m  [1m[34mSELECT "users".* FROM "users" WHERE (email LIKE 'swipe-test-%') LIMIT 1 /*application='Backend'*/[0m
  [1m[36mConnection Load (1.3ms)[0m  [1m[34mSELECT "connections".* FROM "connections" WHERE "connections"."user_id" = 'c4b38885-f504-4898-906b-24941fabb892' AND "connections"."target_user_id" = '365c08a5-fe90-4923-9502-a78fbbdf6567' /*application='Backend'*/[0m
  [1m[36mTRANSACTION (0.7ms)[0m  [1m[35mBEGIN /*application='Backend'*/[0m
  [1m[36mConnection Destroy (2.2ms)[0m  [1m[31mDELETE FROM "connections" WHERE "connections"."id" = 'f724eeff-de63-4f73-939e-f5f72412c845' /*application='Backend'*/[0m
  [1m[36mTRANSACTION (10.7ms)[0m  [1m[35mCOMMIT /*application='Backend'*/[0m
  [1m[36mConnection Load (1.4ms)[0m  [1m[34mSELECT "connections".* FROM "connections" WHERE "connections"."user_id" = '365c08a5-fe90-4923-9502-a78fbbdf6567' AND "connections"."target_user_id" = 'c4b38885-f504-4898-906b-24941fabb892' LIMIT 1 /*application='Backend'*/[0m
  [1m[36mTRANSACTION (0.7ms)[0m  [1m[35mBEGIN /*application='Backend'*/[0m
  [1m[36mTRANSACTION (0.7ms)[0m  [1m[35mCOMMIT /*application='Backend'*/[0m
  [1m[36mProfile Count (1.8ms)[0m  [1m[34mSELECT COUNT(*) FROM "profiles" INNER JOIN "users" ON "users"."id" = "profiles"."user_id" WHERE "profiles"."profile_visibility" = 0 AND "profiles"."show_on_explore" = TRUE AND "profiles"."user_id" != 'c4b38885-f504-4898-906b-24941fabb892' AND "profiles"."user_id" NOT IN (SELECT "connections"."target_user_id" FROM "connections" WHERE "connections"."user_id" = 'c4b38885-f504-4898-906b-24941fabb892') /*application='Backend'*/[0m
Started GET "/api/v1/discovery?page=1&per_page=20" for 127.0.0.1 at 2026-09-19 16:21:04 +0300
Processing by Api::V1::DiscoveryController#index as JSON
  Parameters: {"page" => "1", "per_page" => "20"}
  [1m[36mUser Load (3.9ms)[0m  [1m[34mSELECT "users".* FROM "users" WHERE "users"."id" = 'c4b38885-f504-4898-906b-24941fabb892' ORDER BY "users"."id" ASC LIMIT 1 /*action='index',application='Backend',controller='discovery'*/[0m
  ↳ app/controllers/api/v1/application_controller.rb:49:in 'Api::V1::ApplicationController#authenticate_user!'
  [1m[36mProfile Count (4.1ms)[0m  [1m[34mSELECT COUNT(*) FROM "profiles" INNER JOIN "users" ON "users"."id" = "profiles"."user_id" WHERE "profiles"."profile_visibility" = 0 AND "profiles"."show_on_explore" = TRUE AND "profiles"."user_id" != 'c4b38885-f504-4898-906b-24941fabb892' AND "profiles"."user_id" NOT IN (SELECT "connections"."target_user_id" FROM "connections" WHERE "connections"."user_id" = 'c4b38885-f504-4898-906b-24941fabb892') /*action='index',application='Backend',controller='discovery'*/[0m
  ↳ app/lib/pagination.rb:27:in 'Pagination.paginate'
[active_model_serializers]   [1m[36mProfile Load (3.3ms)[0m  [1m[34mSELECT "profiles".* FROM "profiles" INNER JOIN "users" ON "users"."id" = "profiles"."user_id" WHERE "profiles"."profile_visibility" = 0 AND "profiles"."show_on_explore" = TRUE AND "profiles"."user_id" != 'c4b38885-f504-4898-906b-24941fabb892' AND "profiles"."user_id" NOT IN (SELECT "connections"."target_user_id" FROM "connections" WHERE "connections"."user_id" = 'c4b38885-f504-4898-906b-24941fabb892') ORDER BY "profiles"."created_at" DESC LIMIT 20 OFFSET 0 /*action='index',application='Backend',controller='discovery'*/[0m
[active_model_serializers]   ↳ app/controllers/api/v1/discovery_controller.rb:33:in 'Api::V1::DiscoveryController#index'
[active_model_serializers]   [1m[36mUser Load (2.1ms)[0m  [1m[34mSELECT "users".* FROM "users" WHERE "users"."id" = '365c08a5-fe90-4923-9502-a78fbbdf6567' /*action='index',application='Backend',controller='discovery'*/[0m
[active_model_serializers]   ↳ app/controllers/api/v1/discovery_controller.rb:33:in 'Api::V1::DiscoveryController#index'
[active_model_serializers]   [1m[36mUserInterest Load (3.6ms)[0m  [1m[34mSELECT "user_interests".* FROM "user_interests" WHERE "user_interests"."user_id" = '365c08a5-fe90-4923-9502-a78fbbdf6567' /*action='index',application='Backend',controller='discovery'*/[0m
[active_model_serializers]   ↳ app/controllers/api/v1/discovery_controller.rb:33:in 'Api::V1::DiscoveryController#index'
[active_model_serializers]   [1m[36mUserSkill Load (3.0ms)[0m  [1m[34mSELECT "user_skills".* FROM "user_skills" WHERE "user_skills"."user_id" = '365c08a5-fe90-4923-9502-a78fbbdf6567' /*action='index',application='Backend',controller='discovery'*/[0m
[active_model_serializers]   ↳ app/controllers/api/v1/discovery_controller.rb:33:in 'Api::V1::DiscoveryController#index'
[active_model_serializers]   [1m[36mPortfolioLink Load (3.8ms)[0m  [1m[34mSELECT "portfolio_links".* FROM "portfolio_links" WHERE "portfolio_links"."user_id" = '365c08a5-fe90-4923-9502-a78fbbdf6567' /*action='index',application='Backend',controller='discovery'*/[0m
[active_model_serializers]   ↳ app/controllers/api/v1/discovery_controller.rb:33:in 'Api::V1::DiscoveryController#index'
[active_model_serializers] Rendered ActiveModel::Serializer::CollectionSerializer with ActiveModelSerializers::Adapter::Attributes (1.96ms)
[active_model_serializers] Rendered ActiveModel::Serializer::Null with Hash (0.74ms)
Completed 200 OK in 102ms (Views: 2.5ms | ActiveRecord: 23.5ms (7 queries, 0 cached) | GC: 0.0ms)


user: user
GET /api/v1/discovery?page=1&per_page=20
AVOID eager loading detected
  User => [:portfolio_links]
  Remove from your query: .includes([:portfolio_links])
Call stack
  /home/user/student-hub/student-hub-backend/app/controllers/api/v1/discovery_controller.rb:33:in 'Api::V1::DiscoveryController#index'


Started GET "/api/v1/discovery?page=2&per_page=20" for 127.0.0.1 at 2026-09-19 16:21:04 +0300
Processing by Api::V1::DiscoveryController#index as JSON
  Parameters: {"page" => "2", "per_page" => "20"}
  [1m[36mUser Load (2.9ms)[0m  [1m[34mSELECT "users".* FROM "users" WHERE "users"."id" = 'c4b38885-f504-4898-906b-24941fabb892' ORDER BY "users"."id" ASC LIMIT 1 /*action='index',application='Backend',controller='discovery'*/[0m
  ↳ app/controllers/api/v1/application_controller.rb:49:in 'Api::V1::ApplicationController#authenticate_user!'
  [1m[36mProfile Count (3.2ms)[0m  [1m[34mSELECT COUNT(*) FROM "profiles" INNER JOIN "users" ON "users"."id" = "profiles"."user_id" WHERE "profiles"."profile_visibility" = 0 AND "profiles"."show_on_explore" = TRUE AND "profiles"."user_id" != 'c4b38885-f504-4898-906b-24941fabb892' AND "profiles"."user_id" NOT IN (SELECT "connections"."target_user_id" FROM "connections" WHERE "connections"."user_id" = 'c4b38885-f504-4898-906b-24941fabb892') /*action='index',application='Backend',controller='discovery'*/[0m
  ↳ app/lib/pagination.rb:27:in 'Pagination.paginate'
[active_model_serializers]   [1m[36mProfile Load (3.7ms)[0m  [1m[34mSELECT "profiles".* FROM "profiles" INNER JOIN "users" ON "users"."id" = "profiles"."user_id" WHERE "profiles"."profile_visibility" = 0 AND "profiles"."show_on_explore" = TRUE AND "profiles"."user_id" != 'c4b38885-f504-4898-906b-24941fabb892' AND "profiles"."user_id" NOT IN (SELECT "connections"."target_user_id" FROM "connections" WHERE "connections"."user_id" = 'c4b38885-f504-4898-906b-24941fabb892') ORDER BY "profiles"."created_at" DESC LIMIT 20 OFFSET 20 /*action='index',application='Backend',controller='discovery'*/[0m
[active_model_serializers]   ↳ app/controllers/api/v1/discovery_controller.rb:33:in 'Api::V1::DiscoveryController#index'
[active_model_serializers] Rendered ActiveModel::Serializer::CollectionSerializer with ActiveModelSerializers::Adapter::Attributes (0.22ms)
[active_model_serializers] Rendered ActiveModel::Serializer::Null with Hash (0.16ms)
Completed 200 OK in 44ms (Views: 2.7ms | ActiveRecord: 9.6ms (3 queries, 0 cached) | GC: 0.0ms)


Started POST "/api/v1/discovery/365c08a5-fe90-4923-9502-a78fbbdf6567/connect" for 127.0.0.1 at 2026-09-19 16:21:09 +0300
  [1m[36mUser Load (2.8ms)[0m  [1m[34mSELECT "users".* FROM "users" WHERE "users"."id" = 'c4b38885-f504-4898-906b-24941fabb892' ORDER BY "users"."id" ASC LIMIT 1 /*application='Backend'*/[0m
  ↳ config/initializers/rack_attack.rb:66:in 'block in <class:Attack>'
Processing by Api::V1::DiscoveryController#connect as JSON
  Parameters: {"user_id" => "365c08a5-fe90-4923-9502-a78fbbdf6567"}
  [1m[36mUser Load (2.5ms)[0m  [1m[34mSELECT "users".* FROM "users" WHERE "users"."id" = '365c08a5-fe90-4923-9502-a78fbbdf6567' LIMIT 1 /*action='connect',application='Backend',controller='discovery'*/[0m
  ↳ app/controllers/api/v1/discovery_controller.rb:103:in 'Api::V1::DiscoveryController#find_target_user!'
  [1m[36mProfile Load (2.4ms)[0m  [1m[34mSELECT "profiles".* FROM "profiles" WHERE "profiles"."user_id" = '365c08a5-fe90-4923-9502-a78fbbdf6567' /*action='connect',application='Backend',controller='discovery'*/[0m
  ↳ app/controllers/api/v1/discovery_controller.rb:103:in 'Api::V1::DiscoveryController#find_target_user!'
  [1m[36mTRANSACTION (2.2ms)[0m  [1m[35mBEGIN /*action='connect',application='Backend',controller='discovery'*/[0m
  ↳ app/services/connections/record_action.rb:31:in 'block in Connections::RecordAction#call'
  [1m[36mConnection Load (11.3ms)[0m  [1m[34mSELECT "connections".* FROM "connections" WHERE "connections"."user_id" = 'c4b38885-f504-4898-906b-24941fabb892' AND "connections"."target_user_id" = '365c08a5-fe90-4923-9502-a78fbbdf6567' LIMIT 1 /*action='connect',application='Backend',controller='discovery'*/[0m
  ↳ app/services/connections/record_action.rb:31:in 'block in Connections::RecordAction#call'
  [1m[36mUser Load (1.9ms)[0m  [1m[34mSELECT "users".* FROM "users" WHERE "users"."id" = 'c4b38885-f504-4898-906b-24941fabb892' LIMIT 1 /*action='connect',application='Backend',controller='discovery'*/[0m
  ↳ app/services/connections/record_action.rb:36:in 'block in Connections::RecordAction#call'
  [1m[36mCACHE User Load (0.1ms)[0m  [1m[34mSELECT "users".* FROM "users" WHERE "users"."id" = '365c08a5-fe90-4923-9502-a78fbbdf6567' LIMIT 1[0m
  ↳ app/services/connections/record_action.rb:36:in 'block in Connections::RecordAction#call'
  [1m[36mConnection Exists? (1.3ms)[0m  [1m[34mSELECT 1 AS one FROM "connections" WHERE "connections"."user_id" = 'c4b38885-f504-4898-906b-24941fabb892' AND "connections"."target_user_id" = '365c08a5-fe90-4923-9502-a78fbbdf6567' LIMIT 1 /*action='connect',application='Backend',controller='discovery'*/[0m
  ↳ app/services/connections/record_action.rb:36:in 'block in Connections::RecordAction#call'
  [1m[36mConnection Create (2.1ms)[0m  [1m[32mINSERT INTO "connections" ("user_id", "target_user_id", "status", "created_at", "updated_at") VALUES ('c4b38885-f504-4898-906b-24941fabb892', '365c08a5-fe90-4923-9502-a78fbbdf6567', 1, '2026-09-19 13:21:09.497138', '2026-09-19 13:21:09.497138') RETURNING "id" /*action='connect',application='Backend',controller='discovery'*/[0m
  ↳ app/services/connections/record_action.rb:36:in 'block in Connections::RecordAction#call'
  [1m[36mConnection Exists? (1.1ms)[0m  [1m[34mSELECT 1 AS one FROM "connections" WHERE "connections"."user_id" = '365c08a5-fe90-4923-9502-a78fbbdf6567' AND "connections"."target_user_id" = 'c4b38885-f504-4898-906b-24941fabb892' AND "connections"."status" IN (1, 2) LIMIT 1 /*action='connect',application='Backend',controller='discovery'*/[0m
  ↳ app/services/connections/record_action.rb:60:in 'Connections::RecordAction#mutual_positive_connection_exists?'
  [1m[36mMatch Load (3.0ms)[0m  [1m[34mSELECT "matches".* FROM "matches" WHERE "matches"."user_id" = '365c08a5-fe90-4923-9502-a78fbbdf6567' AND "matches"."matched_user_id" = 'c4b38885-f504-4898-906b-24941fabb892' LIMIT 1 /*action='connect',application='Backend',controller='discovery'*/[0m
  ↳ app/models/match.rb:43:in 'Match.create_between!'
  [1m[36mTRANSACTION (1.0ms)[0m  [1m[35mSAVEPOINT active_record_1 /*action='connect',application='Backend',controller='discovery'*/[0m
  ↳ app/models/match.rb:43:in 'Match.create_between!'
  [1m[36mUser Load (1.2ms)[0m  [1m[34mSELECT "users".* FROM "users" WHERE "users"."id" = '365c08a5-fe90-4923-9502-a78fbbdf6567' LIMIT 1 /*action='connect',application='Backend',controller='discovery'*/[0m
  ↳ app/models/match.rb:43:in 'Match.create_between!'
  [1m[36mUser Load (1.1ms)[0m  [1m[34mSELECT "users".* FROM "users" WHERE "users"."id" = 'c4b38885-f504-4898-906b-24941fabb892' LIMIT 1 /*action='connect',application='Backend',controller='discovery'*/[0m
  ↳ app/models/match.rb:43:in 'Match.create_between!'
  [1m[36mMatch Exists? (1.1ms)[0m  [1m[34mSELECT 1 AS one FROM "matches" WHERE "matches"."user_id" = '365c08a5-fe90-4923-9502-a78fbbdf6567' AND "matches"."matched_user_id" = 'c4b38885-f504-4898-906b-24941fabb892' LIMIT 1 /*action='connect',application='Backend',controller='discovery'*/[0m
  ↳ app/models/match.rb:43:in 'Match.create_between!'
  [1m[36mMatch Create (3.4ms)[0m  [1m[32mINSERT INTO "matches" ("user_id", "matched_user_id", "created_at", "updated_at") VALUES ('365c08a5-fe90-4923-9502-a78fbbdf6567', 'c4b38885-f504-4898-906b-24941fabb892', '2026-09-19 13:21:09.556687', '2026-09-19 13:21:09.556687') RETURNING "id" /*action='connect',application='Backend',controller='discovery'*/[0m
  ↳ app/models/match.rb:43:in 'Match.create_between!'
  [1m[36mConversation Exists? (2.6ms)[0m  [1m[34mSELECT 1 AS one FROM "conversations" WHERE "conversations"."match_id" = '0e8a299c-bb12-43eb-9e5e-1e7c15606cb7' LIMIT 1 /*action='connect',application='Backend',controller='discovery'*/[0m
  ↳ app/models/match.rb:77:in 'Match#create_conversation!'
  [1m[36mConversation Create (3.8ms)[0m  [1m[32mINSERT INTO "conversations" ("match_id", "last_message_at", "created_at", "updated_at") VALUES ('0e8a299c-bb12-43eb-9e5e-1e7c15606cb7', NULL, '2026-09-19 13:21:09.587247', '2026-09-19 13:21:09.587247') RETURNING "id" /*action='connect',application='Backend',controller='discovery'*/[0m
  ↳ app/models/match.rb:77:in 'Match#create_conversation!'
  [1m[36mTRANSACTION (0.9ms)[0m  [1m[35mRELEASE SAVEPOINT active_record_1 /*action='connect',application='Backend',controller='discovery'*/[0m
  ↳ app/models/match.rb:43:in 'Match.create_between!'
  [1m[36mTRANSACTION (2.6ms)[0m  [1m[35mCOMMIT /*action='connect',application='Backend',controller='discovery'*/[0m
  ↳ app/services/connections/record_action.rb:30:in 'Connections::RecordAction#call'
[active_model_serializers] Rendered ConnectionSerializer with ActiveModelSerializers::Adapter::Attributes (0.47ms)
[active_model_serializers]   [1m[36mInterest Load (1.9ms)[0m  [1m[34mSELECT "interests".* FROM "interests" INNER JOIN "user_interests" ON "interests"."id" = "user_interests"."interest_id" WHERE "user_interests"."user_id" = 'c4b38885-f504-4898-906b-24941fabb892' /*action='connect',application='Backend',controller='discovery'*/[0m
[active_model_serializers]   ↳ app/models/match.rb:57:in 'Match#shared_interests_for'
[active_model_serializers]   [1m[36mInterest Load (1.6ms)[0m  [1m[34mSELECT "interests".* FROM "interests" INNER JOIN "user_interests" ON "interests"."id" = "user_interests"."interest_id" WHERE "user_interests"."user_id" = '365c08a5-fe90-4923-9502-a78fbbdf6567' /*action='connect',application='Backend',controller='discovery'*/[0m
[active_model_serializers]   ↳ app/models/match.rb:57:in 'Match#shared_interests_for'
[active_model_serializers]   [1m[36mMessage Load (4.4ms)[0m  [1m[34mSELECT "messages".* FROM "messages" WHERE "messages"."conversation_id" = '733b3ff7-ff16-444a-b708-399b0ff873c0' ORDER BY "messages"."created_at" DESC LIMIT 1 /*action='connect',application='Backend',controller='discovery'*/[0m
[active_model_serializers]   ↳ app/models/conversation.rb:42:in 'Conversation#last_message'
[active_model_serializers] Rendered MatchSerializer with ActiveModelSerializers::Adapter::Attributes (34.7ms)
[active_model_serializers] Rendered ActiveModel::Serializer::Null with Hash (0.11ms)
Completed 200 OK in 242ms (Views: 1.1ms | ActiveRecord: 76.6ms (18 queries, 1 cached) | GC: 0.0ms)


Started GET "/api/v1/discovery?page=1&per_page=20" for 127.0.0.1 at 2026-09-19 16:21:18 +0300
Processing by Api::V1::DiscoveryController#index as JSON
  Parameters: {"page" => "1", "per_page" => "20"}
  [1m[36mUser Load (1.0ms)[0m  [1m[34mSELECT "users".* FROM "users" WHERE "users"."id" = 'c4b38885-f504-4898-906b-24941fabb892' ORDER BY "users"."id" ASC LIMIT 1 /*action='index',application='Backend',controller='discovery'*/[0m
  ↳ app/controllers/api/v1/application_controller.rb:49:in 'Api::V1::ApplicationController#authenticate_user!'
  [1m[36mProfile Count (1.1ms)[0m  [1m[34mSELECT COUNT(*) FROM "profiles" INNER JOIN "users" ON "users"."id" = "profiles"."user_id" WHERE "profiles"."profile_visibility" = 0 AND "profiles"."show_on_explore" = TRUE AND "profiles"."user_id" != 'c4b38885-f504-4898-906b-24941fabb892' AND "profiles"."user_id" NOT IN (SELECT "connections"."target_user_id" FROM "connections" WHERE "connections"."user_id" = 'c4b38885-f504-4898-906b-24941fabb892') /*action='index',application='Backend',controller='discovery'*/[0m
  ↳ app/lib/pagination.rb:27:in 'Pagination.paginate'
[active_model_serializers]   [1m[36mProfile Load (1.2ms)[0m  [1m[34mSELECT "profiles".* FROM "profiles" INNER JOIN "users" ON "users"."id" = "profiles"."user_id" WHERE "profiles"."profile_visibility" = 0 AND "profiles"."show_on_explore" = TRUE AND "profiles"."user_id" != 'c4b38885-f504-4898-906b-24941fabb892' AND "profiles"."user_id" NOT IN (SELECT "connections"."target_user_id" FROM "connections" WHERE "connections"."user_id" = 'c4b38885-f504-4898-906b-24941fabb892') ORDER BY "profiles"."created_at" DESC LIMIT 20 OFFSET 0 /*action='index',application='Backend',controller='discovery'*/[0m
[active_model_serializers]   ↳ app/controllers/api/v1/discovery_controller.rb:33:in 'Api::V1::DiscoveryController#index'
[active_model_serializers] Rendered ActiveModel::Serializer::CollectionSerializer with ActiveModelSerializers::Adapter::Attributes (0.11ms)
[active_model_serializers] Rendered ActiveModel::Serializer::Null with Hash (0.1ms)
Completed 200 OK in 16ms (Views: 1.0ms | ActiveRecord: 3.2ms (3 queries, 0 cached) | GC: 0.0ms)


Started GET "/api/v1/discovery?page=1&per_page=20" for 127.0.0.1 at 2026-09-19 16:21:18 +0300
Processing by Api::V1::DiscoveryController#index as JSON
  Parameters: {"page" => "1", "per_page" => "20"}
  [1m[36mUser Load (1.0ms)[0m  [1m[34mSELECT "users".* FROM "users" WHERE "users"."id" = 'c4b38885-f504-4898-906b-24941fabb892' ORDER BY "users"."id" ASC LIMIT 1 /*action='index',application='Backend',controller='discovery'*/[0m
  ↳ app/controllers/api/v1/application_controller.rb:49:in 'Api::V1::ApplicationController#authenticate_user!'
  [1m[36mProfile Count (1.3ms)[0m  [1m[34mSELECT COUNT(*) FROM "profiles" INNER JOIN "users" ON "users"."id" = "profiles"."user_id" WHERE "profiles"."profile_visibility" = 0 AND "profiles"."show_on_explore" = TRUE AND "profiles"."user_id" != 'c4b38885-f504-4898-906b-24941fabb892' AND "profiles"."user_id" NOT IN (SELECT "connections"."target_user_id" FROM "connections" WHERE "connections"."user_id" = 'c4b38885-f504-4898-906b-24941fabb892') /*action='index',application='Backend',controller='discovery'*/[0m
  ↳ app/lib/pagination.rb:27:in 'Pagination.paginate'
[active_model_serializers]   [1m[36mProfile Load (1.4ms)[0m  [1m[34mSELECT "profiles".* FROM "profiles" INNER JOIN "users" ON "users"."id" = "profiles"."user_id" WHERE "profiles"."profile_visibility" = 0 AND "profiles"."show_on_explore" = TRUE AND "profiles"."user_id" != 'c4b38885-f504-4898-906b-24941fabb892' AND "profiles"."user_id" NOT IN (SELECT "connections"."target_user_id" FROM "connections" WHERE "connections"."user_id" = 'c4b38885-f504-4898-906b-24941fabb892') ORDER BY "profiles"."created_at" DESC LIMIT 20 OFFSET 0 /*action='index',application='Backend',controller='discovery'*/[0m
[active_model_serializers]   ↳ app/controllers/api/v1/discovery_controller.rb:33:in 'Api::V1::DiscoveryController#index'
[active_model_serializers] Rendered ActiveModel::Serializer::CollectionSerializer with ActiveModelSerializers::Adapter::Attributes (0.11ms)
[active_model_serializers] Rendered ActiveModel::Serializer::Null with Hash (0.09ms)
Completed 200 OK in 15ms (Views: 1.0ms | ActiveRecord: 3.6ms (3 queries, 0 cached) | GC: 0.0ms)


Started GET "/api/v1/discovery?page=1&per_page=20" for 127.0.0.1 at 2026-09-19 16:21:20 +0300
Processing by Api::V1::DiscoveryController#index as JSON
  Parameters: {"page" => "1", "per_page" => "20"}
  [1m[36mUser Load (2.8ms)[0m  [1m[34mSELECT "users".* FROM "users" WHERE "users"."id" = 'c4b38885-f504-4898-906b-24941fabb892' ORDER BY "users"."id" ASC LIMIT 1 /*action='index',application='Backend',controller='discovery'*/[0m
  ↳ app/controllers/api/v1/application_controller.rb:49:in 'Api::V1::ApplicationController#authenticate_user!'
  [1m[36mProfile Count (3.1ms)[0m  [1m[34mSELECT COUNT(*) FROM "profiles" INNER JOIN "users" ON "users"."id" = "profiles"."user_id" WHERE "profiles"."profile_visibility" = 0 AND "profiles"."show_on_explore" = TRUE AND "profiles"."user_id" != 'c4b38885-f504-4898-906b-24941fabb892' AND "profiles"."user_id" NOT IN (SELECT "connections"."target_user_id" FROM "connections" WHERE "connections"."user_id" = 'c4b38885-f504-4898-906b-24941fabb892') /*action='index',application='Backend',controller='discovery'*/[0m
  ↳ app/lib/pagination.rb:27:in 'Pagination.paginate'
[active_model_serializers]   [1m[36mProfile Load (3.8ms)[0m  [1m[34mSELECT "profiles".* FROM "profiles" INNER JOIN "users" ON "users"."id" = "profiles"."user_id" WHERE "profiles"."profile_visibility" = 0 AND "profiles"."show_on_explore" = TRUE AND "profiles"."user_id" != 'c4b38885-f504-4898-906b-24941fabb892' AND "profiles"."user_id" NOT IN (SELECT "connections"."target_user_id" FROM "connections" WHERE "connections"."user_id" = 'c4b38885-f504-4898-906b-24941fabb892') ORDER BY "profiles"."created_at" DESC LIMIT 20 OFFSET 0 /*action='index',application='Backend',controller='discovery'*/[0m
[active_model_serializers]   ↳ app/controllers/api/v1/discovery_controller.rb:33:in 'Api::V1::DiscoveryController#index'
[active_model_serializers] Rendered ActiveModel::Serializer::CollectionSerializer with ActiveModelSerializers::Adapter::Attributes (0.43ms)
[active_model_serializers] Rendered ActiveModel::Serializer::Null with Hash (0.15ms)
Completed 200 OK in 44ms (Views: 1.9ms | ActiveRecord: 9.7ms (3 queries, 0 cached) | GC: 0.0ms)


Using vips to process variants requires the libvips library. Please install libvips using the instructions on the libvips website.
  [1m[36mUser Load (1.4ms)[0m  [1m[34mSELECT "users".* FROM "users" WHERE "users"."email" = 'ragadabdelwahab81@gmail.com' LIMIT 1 /*application='Backend'*/[0m
  [1m[36mUser Load (1.1ms)[0m  [1m[34mSELECT "users".* FROM "users" WHERE (email LIKE 'swipe-test-%') LIMIT 1 /*application='Backend'*/[0m
  [1m[36mConnection Load (1.0ms)[0m  [1m[34mSELECT "connections".* FROM "connections" WHERE "connections"."user_id" = 'c4b38885-f504-4898-906b-24941fabb892' AND "connections"."target_user_id" = '365c08a5-fe90-4923-9502-a78fbbdf6567' /*application='Backend'*/[0m
  [1m[36mTRANSACTION (0.7ms)[0m  [1m[35mBEGIN /*application='Backend'*/[0m
  [1m[36mConnection Destroy (2.5ms)[0m  [1m[31mDELETE FROM "connections" WHERE "connections"."id" = 'cf12c1bc-3562-44db-97fc-9480e5f5fb0f' /*application='Backend'*/[0m
  [1m[36mTRANSACTION (2.4ms)[0m  [1m[35mCOMMIT /*application='Backend'*/[0m
  [1m[36mConnection Load (0.9ms)[0m  [1m[34mSELECT "connections".* FROM "connections" WHERE "connections"."user_id" = '365c08a5-fe90-4923-9502-a78fbbdf6567' AND "connections"."target_user_id" = 'c4b38885-f504-4898-906b-24941fabb892' LIMIT 1 /*application='Backend'*/[0m
  [1m[36mTRANSACTION (0.8ms)[0m  [1m[35mBEGIN /*application='Backend'*/[0m
  [1m[36mTRANSACTION (0.8ms)[0m  [1m[35mCOMMIT /*application='Backend'*/[0m
  [1m[36mProfile Count (2.4ms)[0m  [1m[34mSELECT COUNT(*) FROM "profiles" INNER JOIN "users" ON "users"."id" = "profiles"."user_id" WHERE "profiles"."profile_visibility" = 0 AND "profiles"."show_on_explore" = TRUE AND "profiles"."user_id" != 'c4b38885-f504-4898-906b-24941fabb892' AND "profiles"."user_id" NOT IN (SELECT "connections"."target_user_id" FROM "connections" WHERE "connections"."user_id" = 'c4b38885-f504-4898-906b-24941fabb892') /*application='Backend'*/[0m
Started GET "/api/v1/discovery?page=1&per_page=20" for 127.0.0.1 at 2026-09-19 16:21:43 +0300
Processing by Api::V1::DiscoveryController#index as JSON
  Parameters: {"page" => "1", "per_page" => "20"}
  [1m[36mUser Load (3.5ms)[0m  [1m[34mSELECT "users".* FROM "users" WHERE "users"."id" = 'c4b38885-f504-4898-906b-24941fabb892' ORDER BY "users"."id" ASC LIMIT 1 /*action='index',application='Backend',controller='discovery'*/[0m
  ↳ app/controllers/api/v1/application_controller.rb:49:in 'Api::V1::ApplicationController#authenticate_user!'
  [1m[36mProfile Count (5.2ms)[0m  [1m[34mSELECT COUNT(*) FROM "profiles" INNER JOIN "users" ON "users"."id" = "profiles"."user_id" WHERE "profiles"."profile_visibility" = 0 AND "profiles"."show_on_explore" = TRUE AND "profiles"."user_id" != 'c4b38885-f504-4898-906b-24941fabb892' AND "profiles"."user_id" NOT IN (SELECT "connections"."target_user_id" FROM "connections" WHERE "connections"."user_id" = 'c4b38885-f504-4898-906b-24941fabb892') /*action='index',application='Backend',controller='discovery'*/[0m
  ↳ app/lib/pagination.rb:27:in 'Pagination.paginate'
[active_model_serializers]   [1m[36mProfile Load (3.3ms)[0m  [1m[34mSELECT "profiles".* FROM "profiles" INNER JOIN "users" ON "users"."id" = "profiles"."user_id" WHERE "profiles"."profile_visibility" = 0 AND "profiles"."show_on_explore" = TRUE AND "profiles"."user_id" != 'c4b38885-f504-4898-906b-24941fabb892' AND "profiles"."user_id" NOT IN (SELECT "connections"."target_user_id" FROM "connections" WHERE "connections"."user_id" = 'c4b38885-f504-4898-906b-24941fabb892') ORDER BY "profiles"."created_at" DESC LIMIT 20 OFFSET 0 /*action='index',application='Backend',controller='discovery'*/[0m
[active_model_serializers]   ↳ app/controllers/api/v1/discovery_controller.rb:33:in 'Api::V1::DiscoveryController#index'
[active_model_serializers]   [1m[36mUser Load (2.6ms)[0m  [1m[34mSELECT "users".* FROM "users" WHERE "users"."id" = '365c08a5-fe90-4923-9502-a78fbbdf6567' /*action='index',application='Backend',controller='discovery'*/[0m
[active_model_serializers]   ↳ app/controllers/api/v1/discovery_controller.rb:33:in 'Api::V1::DiscoveryController#index'
[active_model_serializers]   [1m[36mUserInterest Load (2.3ms)[0m  [1m[34mSELECT "user_interests".* FROM "user_interests" WHERE "user_interests"."user_id" = '365c08a5-fe90-4923-9502-a78fbbdf6567' /*action='index',application='Backend',controller='discovery'*/[0m
[active_model_serializers]   ↳ app/controllers/api/v1/discovery_controller.rb:33:in 'Api::V1::DiscoveryController#index'
[active_model_serializers]   [1m[36mUserSkill Load (2.1ms)[0m  [1m[34mSELECT "user_skills".* FROM "user_skills" WHERE "user_skills"."user_id" = '365c08a5-fe90-4923-9502-a78fbbdf6567' /*action='index',application='Backend',controller='discovery'*/[0m
[active_model_serializers]   ↳ app/controllers/api/v1/discovery_controller.rb:33:in 'Api::V1::DiscoveryController#index'
[active_model_serializers]   [1m[36mPortfolioLink Load (2.3ms)[0m  [1m[34mSELECT "portfolio_links".* FROM "portfolio_links" WHERE "portfolio_links"."user_id" = '365c08a5-fe90-4923-9502-a78fbbdf6567' /*action='index',application='Backend',controller='discovery'*/[0m
[active_model_serializers]   ↳ app/controllers/api/v1/discovery_controller.rb:33:in 'Api::V1::DiscoveryController#index'
[active_model_serializers] Rendered ActiveModel::Serializer::CollectionSerializer with ActiveModelSerializers::Adapter::Attributes (4.39ms)
[active_model_serializers] Rendered ActiveModel::Serializer::Null with Hash (0.83ms)
Completed 200 OK in 94ms (Views: 2.3ms | ActiveRecord: 20.9ms (7 queries, 0 cached) | GC: 0.0ms)


user: user
GET /api/v1/discovery?page=1&per_page=20
AVOID eager loading detected
  User => [:portfolio_links]
  Remove from your query: .includes([:portfolio_links])
Call stack
  /home/user/student-hub/student-hub-backend/app/controllers/api/v1/discovery_controller.rb:33:in 'Api::V1::DiscoveryController#index'


Started GET "/api/v1/discovery?page=2&per_page=20" for 127.0.0.1 at 2026-09-19 16:21:43 +0300
Processing by Api::V1::DiscoveryController#index as JSON
  Parameters: {"page" => "2", "per_page" => "20"}
  [1m[36mUser Load (1.5ms)[0m  [1m[34mSELECT "users".* FROM "users" WHERE "users"."id" = 'c4b38885-f504-4898-906b-24941fabb892' ORDER BY "users"."id" ASC LIMIT 1 /*action='index',application='Backend',controller='discovery'*/[0m
  ↳ app/controllers/api/v1/application_controller.rb:49:in 'Api::V1::ApplicationController#authenticate_user!'
  [1m[36mProfile Count (1.3ms)[0m  [1m[34mSELECT COUNT(*) FROM "profiles" INNER JOIN "users" ON "users"."id" = "profiles"."user_id" WHERE "profiles"."profile_visibility" = 0 AND "profiles"."show_on_explore" = TRUE AND "profiles"."user_id" != 'c4b38885-f504-4898-906b-24941fabb892' AND "profiles"."user_id" NOT IN (SELECT "connections"."target_user_id" FROM "connections" WHERE "connections"."user_id" = 'c4b38885-f504-4898-906b-24941fabb892') /*action='index',application='Backend',controller='discovery'*/[0m
  ↳ app/lib/pagination.rb:27:in 'Pagination.paginate'
[active_model_serializers]   [1m[36mProfile Load (1.7ms)[0m  [1m[34mSELECT "profiles".* FROM "profiles" INNER JOIN "users" ON "users"."id" = "profiles"."user_id" WHERE "profiles"."profile_visibility" = 0 AND "profiles"."show_on_explore" = TRUE AND "profiles"."user_id" != 'c4b38885-f504-4898-906b-24941fabb892' AND "profiles"."user_id" NOT IN (SELECT "connections"."target_user_id" FROM "connections" WHERE "connections"."user_id" = 'c4b38885-f504-4898-906b-24941fabb892') ORDER BY "profiles"."created_at" DESC LIMIT 20 OFFSET 20 /*action='index',application='Backend',controller='discovery'*/[0m
[active_model_serializers]   ↳ app/controllers/api/v1/discovery_controller.rb:33:in 'Api::V1::DiscoveryController#index'
[active_model_serializers] Rendered ActiveModel::Serializer::CollectionSerializer with ActiveModelSerializers::Adapter::Attributes (0.06ms)
[active_model_serializers] Rendered ActiveModel::Serializer::Null with Hash (0.05ms)
Completed 200 OK in 17ms (Views: 0.6ms | ActiveRecord: 4.5ms (3 queries, 0 cached) | GC: 0.0ms)


Started POST "/api/v1/discovery/365c08a5-fe90-4923-9502-a78fbbdf6567/pass" for 127.0.0.1 at 2026-09-19 16:21:48 +0300
  [1m[36mUser Load (2.6ms)[0m  [1m[34mSELECT "users".* FROM "users" WHERE "users"."id" = 'c4b38885-f504-4898-906b-24941fabb892' ORDER BY "users"."id" ASC LIMIT 1 /*application='Backend'*/[0m
  ↳ config/initializers/rack_attack.rb:66:in 'block in <class:Attack>'
Processing by Api::V1::DiscoveryController#pass as JSON
  Parameters: {"user_id" => "365c08a5-fe90-4923-9502-a78fbbdf6567"}
  [1m[36mUser Load (2.9ms)[0m  [1m[34mSELECT "users".* FROM "users" WHERE "users"."id" = '365c08a5-fe90-4923-9502-a78fbbdf6567' LIMIT 1 /*action='pass',application='Backend',controller='discovery'*/[0m
  ↳ app/controllers/api/v1/discovery_controller.rb:103:in 'Api::V1::DiscoveryController#find_target_user!'
  [1m[36mProfile Load (3.3ms)[0m  [1m[34mSELECT "profiles".* FROM "profiles" WHERE "profiles"."user_id" = '365c08a5-fe90-4923-9502-a78fbbdf6567' /*action='pass',application='Backend',controller='discovery'*/[0m
  ↳ app/controllers/api/v1/discovery_controller.rb:103:in 'Api::V1::DiscoveryController#find_target_user!'
  [1m[36mTRANSACTION (1.9ms)[0m  [1m[35mBEGIN /*action='pass',application='Backend',controller='discovery'*/[0m
  ↳ app/services/connections/record_action.rb:31:in 'block in Connections::RecordAction#call'
  [1m[36mConnection Load (9.9ms)[0m  [1m[34mSELECT "connections".* FROM "connections" WHERE "connections"."user_id" = 'c4b38885-f504-4898-906b-24941fabb892' AND "connections"."target_user_id" = '365c08a5-fe90-4923-9502-a78fbbdf6567' LIMIT 1 /*action='pass',application='Backend',controller='discovery'*/[0m
  ↳ app/services/connections/record_action.rb:31:in 'block in Connections::RecordAction#call'
  [1m[36mUser Load (2.9ms)[0m  [1m[34mSELECT "users".* FROM "users" WHERE "users"."id" = 'c4b38885-f504-4898-906b-24941fabb892' LIMIT 1 /*action='pass',application='Backend',controller='discovery'*/[0m
  ↳ app/services/connections/record_action.rb:36:in 'block in Connections::RecordAction#call'
  [1m[36mCACHE User Load (0.1ms)[0m  [1m[34mSELECT "users".* FROM "users" WHERE "users"."id" = '365c08a5-fe90-4923-9502-a78fbbdf6567' LIMIT 1[0m
  ↳ app/services/connections/record_action.rb:36:in 'block in Connections::RecordAction#call'
  [1m[36mConnection Exists? (3.1ms)[0m  [1m[34mSELECT 1 AS one FROM "connections" WHERE "connections"."user_id" = 'c4b38885-f504-4898-906b-24941fabb892' AND "connections"."target_user_id" = '365c08a5-fe90-4923-9502-a78fbbdf6567' LIMIT 1 /*action='pass',application='Backend',controller='discovery'*/[0m
  ↳ app/services/connections/record_action.rb:36:in 'block in Connections::RecordAction#call'
  [1m[36mConnection Create (3.7ms)[0m  [1m[32mINSERT INTO "connections" ("user_id", "target_user_id", "status", "created_at", "updated_at") VALUES ('c4b38885-f504-4898-906b-24941fabb892', '365c08a5-fe90-4923-9502-a78fbbdf6567', 0, '2026-09-19 13:21:48.164532', '2026-09-19 13:21:48.164532') RETURNING "id" /*action='pass',application='Backend',controller='discovery'*/[0m
  ↳ app/services/connections/record_action.rb:36:in 'block in Connections::RecordAction#call'
  [1m[36mTRANSACTION (11.1ms)[0m  [1m[35mCOMMIT /*action='pass',application='Backend',controller='discovery'*/[0m
  ↳ app/services/connections/record_action.rb:30:in 'Connections::RecordAction#call'
[active_model_serializers] Rendered ConnectionSerializer with ActiveModelSerializers::Adapter::Attributes (0.79ms)
[active_model_serializers] Rendered ActiveModel::Serializer::Null with Hash (0.13ms)
Completed 200 OK in 112ms (Views: 2.0ms | ActiveRecord: 38.6ms (7 queries, 1 cached) | GC: 0.0ms)


Using vips to process variants requires the libvips library. Please install libvips using the instructions on the libvips website.
Using vips to process variants requires the libvips library. Please install libvips using the instructions on the libvips website.
  [1m[36mUser Load (1.5ms)[0m  [1m[34mSELECT "users".* FROM "users" WHERE "users"."email" = 'ragadabdelwahab81@gmail.com' LIMIT 1 /*application='Backend'*/[0m
  [1m[36mUser Load (1.2ms)[0m  [1m[34mSELECT "users".* FROM "users" WHERE (email LIKE 'swipe-test-%') LIMIT 1 /*application='Backend'*/[0m
  [1m[36mConnection Load (1.1ms)[0m  [1m[34mSELECT "connections".* FROM "connections" WHERE "connections"."user_id" = 'c4b38885-f504-4898-906b-24941fabb892' AND "connections"."target_user_id" = '365c08a5-fe90-4923-9502-a78fbbdf6567' /*application='Backend'*/[0m
  [1m[36mTRANSACTION (0.6ms)[0m  [1m[35mBEGIN /*application='Backend'*/[0m
  [1m[36mConnection Destroy (1.9ms)[0m  [1m[31mDELETE FROM "connections" WHERE "connections"."id" = 'dc5a4a61-2399-4205-8ff4-952858925abd' /*application='Backend'*/[0m
  [1m[36mTRANSACTION (10.5ms)[0m  [1m[35mCOMMIT /*application='Backend'*/[0m
  [1m[36mConnection Load (1.5ms)[0m  [1m[34mSELECT "connections".* FROM "connections" WHERE "connections"."user_id" = '365c08a5-fe90-4923-9502-a78fbbdf6567' AND "connections"."target_user_id" = 'c4b38885-f504-4898-906b-24941fabb892' LIMIT 1 /*application='Backend'*/[0m
  [1m[36mTRANSACTION (0.8ms)[0m  [1m[35mBEGIN /*application='Backend'*/[0m
  [1m[36mTRANSACTION (0.8ms)[0m  [1m[35mCOMMIT /*application='Backend'*/[0m
  [1m[36mProfile Count (2.0ms)[0m  [1m[34mSELECT COUNT(*) FROM "profiles" INNER JOIN "users" ON "users"."id" = "profiles"."user_id" WHERE "profiles"."profile_visibility" = 0 AND "profiles"."show_on_explore" = TRUE AND "profiles"."user_id" != 'c4b38885-f504-4898-906b-24941fabb892' AND "profiles"."user_id" NOT IN (SELECT "connections"."target_user_id" FROM "connections" WHERE "connections"."user_id" = 'c4b38885-f504-4898-906b-24941fabb892') /*application='Backend'*/[0m
Started GET "/api/v1/discovery?page=1&per_page=20" for 127.0.0.1 at 2026-09-19 16:22:07 +0300
Processing by Api::V1::DiscoveryController#index as JSON
  Parameters: {"page" => "1", "per_page" => "20"}
  [1m[36mUser Load (3.3ms)[0m  [1m[34mSELECT "users".* FROM "users" WHERE "users"."id" = 'c4b38885-f504-4898-906b-24941fabb892' ORDER BY "users"."id" ASC LIMIT 1 /*action='index',application='Backend',controller='discovery'*/[0m
  ↳ app/controllers/api/v1/application_controller.rb:49:in 'Api::V1::ApplicationController#authenticate_user!'
  [1m[36mProfile Count (3.4ms)[0m  [1m[34mSELECT COUNT(*) FROM "profiles" INNER JOIN "users" ON "users"."id" = "profiles"."user_id" WHERE "profiles"."profile_visibility" = 0 AND "profiles"."show_on_explore" = TRUE AND "profiles"."user_id" != 'c4b38885-f504-4898-906b-24941fabb892' AND "profiles"."user_id" NOT IN (SELECT "connections"."target_user_id" FROM "connections" WHERE "connections"."user_id" = 'c4b38885-f504-4898-906b-24941fabb892') /*action='index',application='Backend',controller='discovery'*/[0m
  ↳ app/lib/pagination.rb:27:in 'Pagination.paginate'
[active_model_serializers]   [1m[36mProfile Load (3.5ms)[0m  [1m[34mSELECT "profiles".* FROM "profiles" INNER JOIN "users" ON "users"."id" = "profiles"."user_id" WHERE "profiles"."profile_visibility" = 0 AND "profiles"."show_on_explore" = TRUE AND "profiles"."user_id" != 'c4b38885-f504-4898-906b-24941fabb892' AND "profiles"."user_id" NOT IN (SELECT "connections"."target_user_id" FROM "connections" WHERE "connections"."user_id" = 'c4b38885-f504-4898-906b-24941fabb892') ORDER BY "profiles"."created_at" DESC LIMIT 20 OFFSET 0 /*action='index',application='Backend',controller='discovery'*/[0m
[active_model_serializers]   ↳ app/controllers/api/v1/discovery_controller.rb:33:in 'Api::V1::DiscoveryController#index'
[active_model_serializers]   [1m[36mUser Load (2.7ms)[0m  [1m[34mSELECT "users".* FROM "users" WHERE "users"."id" = '365c08a5-fe90-4923-9502-a78fbbdf6567' /*action='index',application='Backend',controller='discovery'*/[0m
[active_model_serializers]   ↳ app/controllers/api/v1/discovery_controller.rb:33:in 'Api::V1::DiscoveryController#index'
[active_model_serializers]   [1m[36mUserInterest Load (2.8ms)[0m  [1m[34mSELECT "user_interests".* FROM "user_interests" WHERE "user_interests"."user_id" = '365c08a5-fe90-4923-9502-a78fbbdf6567' /*action='index',application='Backend',controller='discovery'*/[0m
[active_model_serializers]   ↳ app/controllers/api/v1/discovery_controller.rb:33:in 'Api::V1::DiscoveryController#index'
[active_model_serializers]   [1m[36mUserSkill Load (2.3ms)[0m  [1m[34mSELECT "user_skills".* FROM "user_skills" WHERE "user_skills"."user_id" = '365c08a5-fe90-4923-9502-a78fbbdf6567' /*action='index',application='Backend',controller='discovery'*/[0m
[active_model_serializers]   ↳ app/controllers/api/v1/discovery_controller.rb:33:in 'Api::V1::DiscoveryController#index'
[active_model_serializers]   [1m[36mPortfolioLink Load (3.4ms)[0m  [1m[34mSELECT "portfolio_links".* FROM "portfolio_links" WHERE "portfolio_links"."user_id" = '365c08a5-fe90-4923-9502-a78fbbdf6567' /*action='index',application='Backend',controller='discovery'*/[0m
[active_model_serializers]   ↳ app/controllers/api/v1/discovery_controller.rb:33:in 'Api::V1::DiscoveryController#index'
[active_model_serializers] Rendered ActiveModel::Serializer::CollectionSerializer with ActiveModelSerializers::Adapter::Attributes (2.55ms)
[active_model_serializers] Rendered ActiveModel::Serializer::Null with Hash (0.78ms)
Completed 200 OK in 104ms (Views: 2.3ms | ActiveRecord: 21.1ms (7 queries, 0 cached) | GC: 0.0ms)


user: user
GET /api/v1/discovery?page=1&per_page=20
AVOID eager loading detected
  User => [:portfolio_links]
  Remove from your query: .includes([:portfolio_links])
Call stack
  /home/user/student-hub/student-hub-backend/app/controllers/api/v1/discovery_controller.rb:33:in 'Api::V1::DiscoveryController#index'


Started GET "/api/v1/discovery?page=2&per_page=20" for 127.0.0.1 at 2026-09-19 16:22:07 +0300
Processing by Api::V1::DiscoveryController#index as JSON
  Parameters: {"page" => "2", "per_page" => "20"}
  [1m[36mUser Load (1.3ms)[0m  [1m[34mSELECT "users".* FROM "users" WHERE "users"."id" = 'c4b38885-f504-4898-906b-24941fabb892' ORDER BY "users"."id" ASC LIMIT 1 /*action='index',application='Backend',controller='discovery'*/[0m
  ↳ app/controllers/api/v1/application_controller.rb:49:in 'Api::V1::ApplicationController#authenticate_user!'
  [1m[36mProfile Count (1.6ms)[0m  [1m[34mSELECT COUNT(*) FROM "profiles" INNER JOIN "users" ON "users"."id" = "profiles"."user_id" WHERE "profiles"."profile_visibility" = 0 AND "profiles"."show_on_explore" = TRUE AND "profiles"."user_id" != 'c4b38885-f504-4898-906b-24941fabb892' AND "profiles"."user_id" NOT IN (SELECT "connections"."target_user_id" FROM "connections" WHERE "connections"."user_id" = 'c4b38885-f504-4898-906b-24941fabb892') /*action='index',application='Backend',controller='discovery'*/[0m
  ↳ app/lib/pagination.rb:27:in 'Pagination.paginate'
[active_model_serializers]   [1m[36mProfile Load (1.6ms)[0m  [1m[34mSELECT "profiles".* FROM "profiles" INNER JOIN "users" ON "users"."id" = "profiles"."user_id" WHERE "profiles"."profile_visibility" = 0 AND "profiles"."show_on_explore" = TRUE AND "profiles"."user_id" != 'c4b38885-f504-4898-906b-24941fabb892' AND "profiles"."user_id" NOT IN (SELECT "connections"."target_user_id" FROM "connections" WHERE "connections"."user_id" = 'c4b38885-f504-4898-906b-24941fabb892') ORDER BY "profiles"."created_at" DESC LIMIT 20 OFFSET 20 /*action='index',application='Backend',controller='discovery'*/[0m
[active_model_serializers]   ↳ app/controllers/api/v1/discovery_controller.rb:33:in 'Api::V1::DiscoveryController#index'
[active_model_serializers] Rendered ActiveModel::Serializer::CollectionSerializer with ActiveModelSerializers::Adapter::Attributes (0.08ms)
[active_model_serializers] Rendered ActiveModel::Serializer::Null with Hash (0.06ms)
Completed 200 OK in 21ms (Views: 0.6ms | ActiveRecord: 4.4ms (3 queries, 0 cached) | GC: 0.0ms)


Started POST "/api/v1/discovery/365c08a5-fe90-4923-9502-a78fbbdf6567/super_connect" for 127.0.0.1 at 2026-09-19 16:22:12 +0300
  [1m[36mUser Load (1.6ms)[0m  [1m[34mSELECT "users".* FROM "users" WHERE "users"."id" = 'c4b38885-f504-4898-906b-24941fabb892' ORDER BY "users"."id" ASC LIMIT 1 /*application='Backend'*/[0m
  ↳ config/initializers/rack_attack.rb:66:in 'block in <class:Attack>'
Processing by Api::V1::DiscoveryController#super_connect as JSON
  Parameters: {"user_id" => "365c08a5-fe90-4923-9502-a78fbbdf6567"}
  [1m[36mUser Load (1.2ms)[0m  [1m[34mSELECT "users".* FROM "users" WHERE "users"."id" = '365c08a5-fe90-4923-9502-a78fbbdf6567' LIMIT 1 /*action='super_connect',application='Backend',controller='discovery'*/[0m
  ↳ app/controllers/api/v1/discovery_controller.rb:103:in 'Api::V1::DiscoveryController#find_target_user!'
  [1m[36mProfile Load (1.2ms)[0m  [1m[34mSELECT "profiles".* FROM "profiles" WHERE "profiles"."user_id" = '365c08a5-fe90-4923-9502-a78fbbdf6567' /*action='super_connect',application='Backend',controller='discovery'*/[0m
  ↳ app/controllers/api/v1/discovery_controller.rb:103:in 'Api::V1::DiscoveryController#find_target_user!'
  [1m[36mTRANSACTION (1.0ms)[0m  [1m[35mBEGIN /*action='super_connect',application='Backend',controller='discovery'*/[0m
  ↳ app/services/connections/record_action.rb:31:in 'block in Connections::RecordAction#call'
  [1m[36mConnection Load (4.6ms)[0m  [1m[34mSELECT "connections".* FROM "connections" WHERE "connections"."user_id" = 'c4b38885-f504-4898-906b-24941fabb892' AND "connections"."target_user_id" = '365c08a5-fe90-4923-9502-a78fbbdf6567' LIMIT 1 /*action='super_connect',application='Backend',controller='discovery'*/[0m
  ↳ app/services/connections/record_action.rb:31:in 'block in Connections::RecordAction#call'
  [1m[36mUser Load (1.5ms)[0m  [1m[34mSELECT "users".* FROM "users" WHERE "users"."id" = 'c4b38885-f504-4898-906b-24941fabb892' LIMIT 1 /*action='super_connect',application='Backend',controller='discovery'*/[0m
  ↳ app/services/connections/record_action.rb:36:in 'block in Connections::RecordAction#call'
  [1m[36mCACHE User Load (0.0ms)[0m  [1m[34mSELECT "users".* FROM "users" WHERE "users"."id" = '365c08a5-fe90-4923-9502-a78fbbdf6567' LIMIT 1[0m
  ↳ app/services/connections/record_action.rb:36:in 'block in Connections::RecordAction#call'
  [1m[36mConnection Exists? (1.3ms)[0m  [1m[34mSELECT 1 AS one FROM "connections" WHERE "connections"."user_id" = 'c4b38885-f504-4898-906b-24941fabb892' AND "connections"."target_user_id" = '365c08a5-fe90-4923-9502-a78fbbdf6567' LIMIT 1 /*action='super_connect',application='Backend',controller='discovery'*/[0m
  ↳ app/services/connections/record_action.rb:36:in 'block in Connections::RecordAction#call'
  [1m[36mConnection Create (2.0ms)[0m  [1m[32mINSERT INTO "connections" ("user_id", "target_user_id", "status", "created_at", "updated_at") VALUES ('c4b38885-f504-4898-906b-24941fabb892', '365c08a5-fe90-4923-9502-a78fbbdf6567', 2, '2026-09-19 13:22:12.522204', '2026-09-19 13:22:12.522204') RETURNING "id" /*action='super_connect',application='Backend',controller='discovery'*/[0m
  ↳ app/services/connections/record_action.rb:36:in 'block in Connections::RecordAction#call'
  [1m[36mConnection Exists? (1.4ms)[0m  [1m[34mSELECT 1 AS one FROM "connections" WHERE "connections"."user_id" = '365c08a5-fe90-4923-9502-a78fbbdf6567' AND "connections"."target_user_id" = 'c4b38885-f504-4898-906b-24941fabb892' AND "connections"."status" IN (1, 2) LIMIT 1 /*action='super_connect',application='Backend',controller='discovery'*/[0m
  ↳ app/services/connections/record_action.rb:60:in 'Connections::RecordAction#mutual_positive_connection_exists?'
  [1m[36mMatch Load (1.3ms)[0m  [1m[34mSELECT "matches".* FROM "matches" WHERE "matches"."user_id" = '365c08a5-fe90-4923-9502-a78fbbdf6567' AND "matches"."matched_user_id" = 'c4b38885-f504-4898-906b-24941fabb892' LIMIT 1 /*action='super_connect',application='Backend',controller='discovery'*/[0m
  ↳ app/models/match.rb:43:in 'Match.create_between!'
  [1m[36mTRANSACTION (2.5ms)[0m  [1m[35mCOMMIT /*action='super_connect',application='Backend',controller='discovery'*/[0m
  ↳ app/services/connections/record_action.rb:30:in 'Connections::RecordAction#call'
[active_model_serializers] Rendered ConnectionSerializer with ActiveModelSerializers::Adapter::Attributes (0.44ms)
[active_model_serializers]   [1m[36mUser Load (1.2ms)[0m  [1m[34mSELECT "users".* FROM "users" WHERE "users"."id" = '365c08a5-fe90-4923-9502-a78fbbdf6567' LIMIT 1 /*action='super_connect',application='Backend',controller='discovery'*/[0m
[active_model_serializers]   ↳ app/models/match.rb:53:in 'Match#other_user_for'
[active_model_serializers]   [1m[36mInterest Load (1.6ms)[0m  [1m[34mSELECT "interests".* FROM "interests" INNER JOIN "user_interests" ON "interests"."id" = "user_interests"."interest_id" WHERE "user_interests"."user_id" = 'c4b38885-f504-4898-906b-24941fabb892' /*action='super_connect',application='Backend',controller='discovery'*/[0m
[active_model_serializers]   ↳ app/models/match.rb:57:in 'Match#shared_interests_for'
[active_model_serializers]   [1m[36mInterest Load (1.5ms)[0m  [1m[34mSELECT "interests".* FROM "interests" INNER JOIN "user_interests" ON "interests"."id" = "user_interests"."interest_id" WHERE "user_interests"."user_id" = '365c08a5-fe90-4923-9502-a78fbbdf6567' /*action='super_connect',application='Backend',controller='discovery'*/[0m
[active_model_serializers]   ↳ app/models/match.rb:57:in 'Match#shared_interests_for'
[active_model_serializers]   [1m[36mConversation Load (1.3ms)[0m  [1m[34mSELECT "conversations".* FROM "conversations" WHERE "conversations"."match_id" = '0e8a299c-bb12-43eb-9e5e-1e7c15606cb7' LIMIT 1 /*action='super_connect',application='Backend',controller='discovery'*/[0m
[active_model_serializers]   ↳ app/serializers/match_serializer.rb:29:in 'MatchSerializer#last_message'
[active_model_serializers]   [1m[36mMessage Load (1.3ms)[0m  [1m[34mSELECT "messages".* FROM "messages" WHERE "messages"."conversation_id" = '733b3ff7-ff16-444a-b708-399b0ff873c0' ORDER BY "messages"."created_at" DESC LIMIT 1 /*action='super_connect',application='Backend',controller='discovery'*/[0m
[active_model_serializers]   ↳ app/models/conversation.rb:42:in 'Conversation#last_message'
[active_model_serializers] Rendered MatchSerializer with ActiveModelSerializers::Adapter::Attributes (27.78ms)
[active_model_serializers] Rendered ActiveModel::Serializer::Null with Hash (0.18ms)
Completed 200 OK in 86ms (Views: 1.2ms | ActiveRecord: 24.6ms (14 queries, 1 cached) | GC: 0.0ms)


